,SSH_10min,Tide_10min,Significant_Wave_Height,Peak_Wave_Period,Wave_Setup,Wave_Swash,Wave_Runup,Total_Water_Level,beach_slope,water_depth
2025-12-21 00:00:00,0.018071188,-0.13119791920121662,0.7599999830126762,14.359999679028988,0.03568871494226794,0.9922717847178546,1.0279604996601226,0.9148337681190041,0.006518641168156775,8.0
2025-12-21 00:10:00,0.018071188,-0.09536968332210136,0.7599999830126762,14.359999679028988,0.03568871494226794,0.9922717847178546,1.0279604996601226,0.9506620039981193,0.006518641168156775,8.0
2025-12-21 00:20:00,0.018071188,-0.05831280745028835,0.7599999830126762,14.359999679028988,0.03568871494226794,0.9922717847178546,1.0279604996601226,0.9877188798699323,0.006518641168156775,8.0
2025-12-21 00:30:00,0.018071188,-0.020320393023736977,0.7599999830126762,14.359999679028988,0.03568871494226794,0.9922717847178546,1.0279604996601226,1.0257112942964837,0.006518641168156775,8.0
2025-12-21 00:40:00,0.018071188,0.01830969746150934,0.7599999830126762,14.359999679028988,0.03568871494226794,0.9922717847178546,1.0279604996601226,1.06434138478173,0.006518641168156775,8.0
2025-12-21 00:50:00,0.018071188,0.05727723531218087,0.7599999830126762,14.359999679028988,0.03568871494226794,0.9922717847178546,1.0279604996601226,1.1033089226324015,0.006518641168156775,8.0
2025-12-21 01:00:00,0.018071188,0.09628218075843614,0.7599999830126762,14.359999679028988,0.03568871494226794,0.9922717847178546,1.0279604996601226,1.1423138680786569,0.006518641168156775,8.0
2025-12-21 01:10:00,0.018071188,0.13502736341515495,0.7599999830126762,14.359999679028988,0.03568871494226794,0.9922717847178546,1.0279604996601226,1.1810590507353755,0.006518641168156775,8.0
2025-12-21 01:20:00,0.018071188,0.17322122365271955,0.7599999830126762,14.359999679028988,0.03568871494226794,0.9922717847178546,1.0279604996601226,1.2192529109729402,0.006518641168156775,8.0
2025-12-21 01:30:00,0.018071188,0.21058052564403007,0.7599999830126762,14.359999679028988,0.03568871494226794,0.9922717847178546,1.0279604996601226,1.2566122129642507,0.006518641168156775,8.0
2025-12-21 01:40:00,0.018071188,0.24683293528700273,0.7599999830126762,14.359999679028988,0.03568871494226794,0.9922717847178546,1.0279604996601226,1.2928646226072233,0.006518641168156775,8.0
2025-12-21 01:50:00,0.018071188,0.28171934882848204,0.7599999830126762,14.359999679028988,0.03568871494226794,0.9922717847178546,1.0279604996601226,1.3277510361487028,0.006518641168156775,8.0
2025-12-21 02:00:00,0.018071188,0.3149958621483631,0.7599999830126762,14.359999679028988,0.03568871494226794,0.9922717847178546,1.0279604996601226,1.3610275494685837,0.006518641168156775,8.0
2025-12-21 02:10:00,0.018071188,0.34643528646444693,0.7599999830126762,14.359999679028988,0.03568871494226794,0.9922717847178546,1.0279604996601226,1.3924669737846675,0.006518641168156775,8.0
2025-12-21 02:20:00,0.018071188,0.3758281429655346,0.7599999830126762,14.359999679028988,0.03568871494226794,0.9922717847178546,1.0279604996601226,1.4218598302857552,0.006518641168156775,8.0
2025-12-21 02:30:00,0.018071188,0.40298310403671755,0.7599999830126762,14.359999679028988,0.03568871494226794,0.9922717847178546,1.0279604996601226,1.4490147913569382,0.006518641168156775,8.0
2025-12-21 02:40:00,0.018071188,0.4277268895515616,0.7599999830126762,14.359999679028988,0.03568871494226794,0.9922717847178546,1.0279604996601226,1.4737585768717822,0.006518641168156775,8.0
2025-12-21 02:50:00,0.018071188,0.4499036689965678,0.7599999830126762,14.359999679028988,0.03568871494226794,0.9922717847178546,1.0279604996601226,1.4959353563167885,0.006518641168156775,8.0
2025-12-21 03:00:00,0.018071188,0.46937406017773603,0.7799999825656414,14.029999686405063,0.035324388030709586,0.9821422153193051,1.0174666033500146,1.5049118511878488,0.006518641168156775,8.0
2025-12-21 03:10:00,0.018071188,0.48601384880357024,0.7799999825656414,14.029999686405063,0.035324388030709586,0.9821422153193051,1.0174666033500146,1.521551639813683,0.006518641168156775,8.0
2025-12-21 03:20:00,0.018071188,0.4997125770705945,0.7799999825656414,14.029999686405063,0.035324388030709586,0.9821422153193051,1.0174666033500146,1.5352503680807073,0.006518641168156775,8.0
2025-12-21 03:30:00,0.018071188,0.5103721610014378,0.7799999825656414,14.029999686405063,0.035324388030709586,0.9821422153193051,1.0174666033500146,1.5459099520115505,0.006518641168156775,8.0
2025-12-21 03:40:00,0.018071188,0.5179056943264653,0.7799999825656414,14.029999686405063,0.035324388030709586,0.9821422153193051,1.0174666033500146,1.553443485336578,0.006518641168156775,8.0
2025-12-21 03:50:00,0.018071188,0.5222365812411622,0.7799999825656414,14.029999686405063,0.035324388030709586,0.9821422153193051,1.0174666033500146,1.557774372251275,0.006518641168156775,8.0
2025-12-21 04:00:00,0.018071188,0.5232981125666022,0.7799999825656414,14.029999686405063,0.035324388030709586,0.9821422153193051,1.0174666033500146,1.558835903576715,0.006518641168156775,8.0
2025-12-21 04:10:00,0.018071188,0.5210335622629526,0.7799999825656414,14.029999686405063,0.035324388030709586,0.9821422153193051,1.0174666033500146,1.5565713532730654,0.006518641168156775,8.0
2025-12-21 04:20:00,0.018071188,0.5153968371424353,0.7799999825656414,14.029999686405063,0.035324388030709586,0.9821422153193051,1.0174666033500146,1.550934628152548,0.006518641168156775,8.0
2025-12-21 04:30:00,0.018071188,0.5063536660150598,0.7799999825656414,14.029999686405063,0.035324388030709586,0.9821422153193051,1.0174666033500146,1.5418914570251725,0.006518641168156775,8.0
2025-12-21 04:40:00,0.018071188,0.4938832694372917,0.7799999825656414,14.029999686405063,0.035324388030709586,0.9821422153193051,1.0174666033500146,1.5294210604474043,0.006518641168156775,8.0
2025-12-21 04:50:00,0.018071188,0.4779804116246322,0.7799999825656414,14.029999686405063,0.035324388030709586,0.9821422153193051,1.0174666033500146,1.513518202634745,0.006518641168156775,8.0
2025-12-21 05:00:00,0.018071188,0.4586577051495043,0.7799999825656414,14.029999686405063,0.035324388030709586,0.9821422153193051,1.0174666033500146,1.4941954961596169,0.006518641168156775,8.0
2025-12-21 05:10:00,0.018071188,0.4359480191873658,0.7799999825656414,14.029999686405063,0.035324388030709586,0.9821422153193051,1.0174666033500146,1.4714858101974784,0.006518641168156775,8.0
2025-12-21 05:20:00,0.018071188,0.4099068343827635,0.7799999825656414,14.029999686405063,0.035324388030709586,0.9821422153193051,1.0174666033500146,1.445444625392876,0.006518641168156775,8.0
2025-12-21 05:30:00,0.018071188,0.3806143920803203,0.7799999825656414,14.029999686405063,0.035324388030709586,0.9821422153193051,1.0174666033500146,1.416152183090433,0.006518641168156775,8.0
2025-12-21 05:40:00,0.018071188,0.34817750126463,0.7799999825656414,14.029999686405063,0.035324388030709586,0.9821422153193051,1.0174666033500146,1.3837152922747427,0.006518641168156775,8.0
2025-12-21 05:50:00,0.018071188,0.3127308913041887,0.7799999825656414,14.029999686405063,0.035324388030709586,0.9821422153193051,1.0174666033500146,1.3482686823143013,0.006518641168156775,8.0
2025-12-21 06:00:00,0.018071188,0.27443802917695753,0.7999999821186066,13.609999695792794,0.034703461290718066,0.9648782682854287,0.9995817295761468,1.2920909464132024,0.006518641168156775,8.0
2025-12-21 06:10:00,0.018071188,0.23349135343652108,0.7999999821186066,13.609999695792794,0.034703461290718066,0.9648782682854287,0.9995817295761468,1.251144270672766,0.006518641168156775,8.0
2025-12-21 06:20:00,0.018071188,0.19011191018278284,0.7999999821186066,13.609999695792794,0.034703461290718066,0.9648782682854287,0.9995817295761468,1.2077648274190276,0.006518641168156775,8.0
2025-12-21 06:30:00,0.018071188,0.14454840583189235,0.7999999821186066,13.609999695792794,0.034703461290718066,0.9648782682854287,0.9995817295761468,1.1622013230681372,0.006518641168156775,8.0
2025-12-21 06:40:00,0.018071188,0.09707571538870635,0.7999999821186066,13.609999695792794,0.034703461290718066,0.9648782682854287,0.9995817295761468,1.1147286326249513,0.006518641168156775,8.0
2025-12-21 06:50:00,0.018071188,0.04799290138165562,0.7999999821186066,13.609999695792794,0.034703461290718066,0.9648782682854287,0.9995817295761468,1.0656458186179005,0.006518641168156775,8.0
2025-12-21 07:00:00,0.018071188,-0.0023791923307448708,0.7999999821186066,13.609999695792794,0.034703461290718066,0.9648782682854287,0.9995817295761468,1.0152737249055,0.006518641168156775,8.0
2025-12-21 07:10:00,0.018071188,-0.05370070631501598,0.7999999821186066,13.609999695792794,0.034703461290718066,0.9648782682854287,0.9995817295761468,0.9639522109212288,0.006518641168156775,8.0
2025-12-21 07:20:00,0.018071188,-0.10561582938176756,0.7999999821186066,13.609999695792794,0.034703461290718066,0.9648782682854287,0.9995817295761468,0.9120370878544772,0.006518641168156775,8.0
2025-12-21 07:30:00,0.018071188,-0.15775610759716427,0.7999999821186066,13.609999695792794,0.034703461290718066,0.9648782682854287,0.9995817295761468,0.8598968096390806,0.006518641168156775,8.0
2025-12-21 07:40:00,0.018071188,-0.20974395539334292,0.7999999821186066,13.609999695792794,0.034703461290718066,0.9648782682854287,0.9995817295761468,0.807908961842902,0.006518641168156775,8.0
2025-12-21 07:50:00,0.018071188,-0.26119633519984076,0.7999999821186066,13.609999695792794,0.034703461290718066,0.9648782682854287,0.9995817295761468,0.7564565820364041,0.006518641168156775,8.0
2025-12-21 08:00:00,0.018071188,-0.31172857862613135,0.7999999821186066,13.609999695792794,0.034703461290718066,0.9648782682854287,0.9995817295761468,0.7059243386101135,0.006518641168156775,8.0
2025-12-21 08:10:00,0.018071188,-0.3609583244702173,0.7999999821186066,13.609999695792794,0.034703461290718066,0.9648782682854287,0.9995817295761468,0.6566945927660275,0.006518641168156775,8.0
2025-12-21 08:20:00,0.018071188,-0.40850954631400904,0.7999999821186066,13.609999695792794,0.034703461290718066,0.9648782682854287,0.9995817295761468,0.6091433709222358,0.006518641168156775,8.0
2025-12-21 08:30:00,0.018071188,-0.45401663453416846,0.7999999821186066,13.609999695792794,0.034703461290718066,0.9648782682854287,0.9995817295761468,0.5636362827020764,0.006518641168156775,8.0
2025-12-21 08:40:00,0.018071188,-0.4971284860047522,0.7999999821186066,13.609999695792794,0.034703461290718066,0.9648782682854287,0.9995817295761468,0.5205244312314927,0.006518641168156775,8.0
2025-12-21 08:50:00,0.018071188,-0.5375125402074409,0.7999999821186066,13.609999695792794,0.034703461290718066,0.9648782682854287,0.9995817295761468,0.48014037702880397,0.006518641168156775,8.0
2025-12-21 09:00:00,0.018071188,-0.5748586860759833,0.789999982342124,13.309999702498317,0.0337257235282848,0.9376937200021654,0.9714194435304503,0.414631945114565,0.006518641168156775,8.0
2025-12-21 09:10:00,0.018071188,-0.6088829510739237,0.789999982342124,13.309999702498317,0.0337257235282848,0.9376937200021654,0.9714194435304503,0.3806076801166247,0.006518641168156775,8.0
2025-12-21 09:20:00,0.018071188,-0.6393308758670452,0.789999982342124,13.309999702498317,0.0337257235282848,0.9376937200021654,0.9714194435304503,0.3501597553235032,0.006518641168156775,8.0
2025-12-21 09:30:00,0.018071188,-0.665980475907436,0.789999982342124,13.309999702498317,0.0337257235282848,0.9376937200021654,0.9714194435304503,0.32351015528311233,0.006518641168156775,8.0
2025-12-21 09:40:00,0.018071188,-0.6886446968030575,0.789999982342124,13.309999702498317,0.0337257235282848,0.9376937200021654,0.9714194435304503,0.30084593438749085,0.006518641168156775,8.0
2025-12-21 09:50:00,0.018071188,-0.7071732840340849,0.789999982342124,13.309999702498317,0.0337257235282848,0.9376937200021654,0.9714194435304503,0.2823173471564635,0.006518641168156775,8.0
2025-12-21 10:00:00,0.018071188,-0.7214540086760558,0.789999982342124,13.309999702498317,0.0337257235282848,0.9376937200021654,0.9714194435304503,0.26803662251449256,0.006518641168156775,8.0
2025-12-21 10:10:00,0.018071188,-0.731413218275677,0.789999982342124,13.309999702498317,0.0337257235282848,0.9376937200021654,0.9714194435304503,0.2580774129148714,0.006518641168156775,8.0
2025-12-21 10:20:00,0.018071188,-0.7370157133105885,0.789999982342124,13.309999702498317,0.0337257235282848,0.9376937200021654,0.9714194435304503,0.2524749178799599,0.006518641168156775,8.0
2025-12-21 10:30:00,0.018071188,-0.738263982396775,0.789999982342124,13.309999702498317,0.0337257235282848,0.9376937200021654,0.9714194435304503,0.2512266487937733,0.006518641168156775,8.0
2025-12-21 10:40:00,0.018071188,-0.7351968602331967,0.789999982342124,13.309999702498317,0.0337257235282848,0.9376937200021654,0.9714194435304503,0.2542937709573516,0.006518641168156775,8.0
2025-12-21 10:50:00,0.018071188,-0.7278876984638992,0.789999982342124,13.309999702498317,0.0337257235282848,0.9376937200021654,0.9714194435304503,0.26160293272664914,0.006518641168156775,8.0
2025-12-21 11:00:00,0.018071188,-0.71644215848306,0.789999982342124,13.309999702498317,0.0337257235282848,0.9376937200021654,0.9714194435304503,0.27304847270748833,0.006518641168156775,8.0
2025-12-21 11:10:00,0.018071188,-0.700995744928494,0.789999982342124,13.309999702498317,0.0337257235282848,0.9376937200021654,0.9714194435304503,0.28849488626205433,0.006518641168156775,8.0
2025-12-21 11:20:00,0.018071188,-0.6817111981812519,0.789999982342124,13.309999702498317,0.0337257235282848,0.9376937200021654,0.9714194435304503,0.30777943300929644,0.006518641168156775,8.0
2025-12-21 11:30:00,0.018071188,-0.6587758538585088,0.789999982342124,13.309999702498317,0.0337257235282848,0.9376937200021654,0.9714194435304503,0.3307147773320396,0.006518641168156775,8.0
2025-12-21 11:40:00,0.018071188,-0.6323990580014964,0.789999982342124,13.309999702498317,0.0337257235282848,0.9376937200021654,0.9714194435304503,0.35709157318905194,0.006518641168156775,8.0
2025-12-21 11:50:00,0.018071188,-0.602809700890295,0.789999982342124,13.309999702498317,0.0337257235282848,0.9376937200021654,0.9714194435304503,0.3866809303002534,0.006518641168156775,8.0
2025-12-21 12:00:00,0.018071188,-0.5702539025868772,0.7799999825656414,13.069999707862735,0.032907323703590466,0.9149393267443562,0.9478466504479467,0.3956639355211675,0.006518641168156775,8.0
2025-12-21 12:10:00,0.018071188,-0.5349928532150042,0.7799999825656414,13.069999707862735,0.032907323703590466,0.9149393267443562,0.9478466504479467,0.43092498489304054,0.006518641168156775,8.0
2025-12-21 12:20:00,0.018071188,-0.4973007834940985,0.7799999825656414,13.069999707862735,0.032907323703590466,0.9149393267443562,0.9478466504479467,0.46861705461394626,0.006518641168156775,8.0
2025-12-21 12:30:00,0.018071188,-0.4574630196490728,0.7799999825656414,13.069999707862735,0.032907323703590466,0.9149393267443562,0.9478466504479467,0.5084548184589719,0.006518641168156775,8.0
2025-12-21 12:40:00,0.018071188,-0.41577406363641756,0.7799999825656414,13.069999707862735,0.032907323703590466,0.9149393267443562,0.9478466504479467,0.5501437744716272,0.006518641168156775,8.0
2025-12-21 12:50:00,0.018071188,-0.3725356362422933,0.7799999825656414,13.069999707862735,0.032907323703590466,0.9149393267443562,0.9478466504479467,0.5933822018657515,0.006518641168156775,8.0
2025-12-21 13:00:00,0.018071188,-0.32805462759163406,0.7799999825656414,13.069999707862735,0.032907323703590466,0.9149393267443562,0.9478466504479467,0.6378632105164107,0.006518641168156775,8.0
2025-12-21 13:10:00,0.018071188,-0.2826409156835301,0.7799999825656414,13.069999707862735,0.032907323703590466,0.9149393267443562,0.9478466504479467,0.6832769224245147,0.006518641168156775,8.0
2025-12-21 13:20:00,0.018071188,-0.23660503757342105,0.7799999825656414,13.069999707862735,0.032907323703590466,0.9149393267443562,0.9478466504479467,0.7293128005346237,0.006518641168156775,8.0
2025-12-21 13:30:00,0.018071188,-0.1902557262257616,0.7799999825656414,13.069999707862735,0.032907323703590466,0.9149393267443562,0.9478466504479467,0.7756621118822832,0.006518641168156775,8.0
2025-12-21 13:40:00,0.018071188,-0.14389735609271345,0.7799999825656414,13.069999707862735,0.032907323703590466,0.9149393267443562,0.9478466504479467,0.8220204820153313,0.006518641168156775,8.0
2025-12-21 13:50:00,0.018071188,-0.09782736809418036,0.7799999825656414,13.069999707862735,0.032907323703590466,0.9149393267443562,0.9478466504479467,0.8680904700138644,0.006518641168156775,8.0
2025-12-21 14:00:00,0.018071188,-0.052333766653595015,0.7799999825656414,13.069999707862735,0.032907323703590466,0.9149393267443562,0.9478466504479467,0.9135840714544498,0.006518641168156775,8.0
2025-12-21 14:10:00,0.018071188,-0.007692794713486176,0.7799999825656414,13.069999707862735,0.032907323703590466,0.9149393267443562,0.9478466504479467,0.9582250433945586,0.006518641168156775,8.0
2025-12-21 14:20:00,0.018071188,0.03583310481610539,0.7799999825656414,13.069999707862735,0.032907323703590466,0.9149393267443562,0.9478466504479467,1.0017509429241502,0.006518641168156775,8.0
2025-12-21 14:30:00,0.018071188,0.0779969416475217,0.7799999825656414,13.069999707862735,0.032907323703590466,0.9149393267443562,0.9478466504479467,1.0439147797555666,0.006518641168156775,8.0
2025-12-21 14:40:00,0.018071188,0.11856836580991317,0.7799999825656414,13.069999707862735,0.032907323703590466,0.9149393267443562,0.9478466504479467,1.084486203917958,0.006518641168156775,8.0
2025-12-21 14:50:00,0.018071188,0.1573343414335255,0.7799999825656414,13.069999707862735,0.032907323703590466,0.9149393267443562,0.9478466504479467,1.1232521795415702,0.006518641168156775,8.0
2025-12-21 15:00:00,0.018071188,0.19409929512811933,0.789999982342124,12.81999971345067,0.03248413040064697,0.9031730646452113,0.9356571950458583,1.1478276778340757,0.006518641168156775,8.0
2025-12-21 15:10:00,0.018071188,0.22868476820432598,0.789999982342124,12.81999971345067,0.03248413040064697,0.9031730646452113,0.9356571950458583,1.1824131509102824,0.006518641168156775,8.0
2025-12-21 15:20:00,0.018071188,0.260928642777214,0.789999982342124,12.81999971345067,0.03248413040064697,0.9031730646452113,0.9356571950458583,1.2146570254831703,0.006518641168156775,8.0
2025-12-21 15:30:00,0.018071188,0.2906840480059672,0.789999982342124,12.81999971345067,0.03248413040064697,0.9031730646452113,0.9356571950458583,1.2444124307119235,0.006518641168156775,8.0
2025-12-21 15:40:00,0.018071188,0.3178180810641469,0.789999982342124,12.81999971345067,0.03248413040064697,0.9031730646452113,0.9356571950458583,1.2715464637701033,0.006518641168156775,8.0
2025-12-21 15:50:00,0.018071188,0.34221049476864707,0.789999982342124,12.81999971345067,0.03248413040064697,0.9031730646452113,0.9356571950458583,1.2959388774746035,0.006518641168156775,8.0
2025-12-21 16:00:00,0.018071188,0.36375250815391946,0.789999982342124,12.81999971345067,0.03248413040064697,0.9031730646452113,0.9356571950458583,1.3174808908598759,0.006518641168156775,8.0
2025-12-21 16:10:00,0.018071188,0.38234588723198676,0.789999982342124,12.81999971345067,0.03248413040064697,0.9031730646452113,0.9356571950458583,1.336074269937943,0.006518641168156775,8.0
2025-12-21 16:20:00,0.018071188,0.39790242097017364,0.789999982342124,12.81999971345067,0.03248413040064697,0.9031730646452113,0.9356571950458583,1.35163080367613,0.006518641168156775,8.0
2025-12-21 16:30:00,0.018071188,0.41034388443151343,0.789999982342124,12.81999971345067,0.03248413040064697,0.9031730646452113,0.9356571950458583,1.3640722671374699,0.006518641168156775,8.0
2025-12-21 16:40:00,0.018071188,0.41960253963796573,0.789999982342124,12.81999971345067,0.03248413040064697,0.9031730646452113,0.9356571950458583,1.373330922343922,0.006518641168156775,8.0
2025-12-21 16:50:00,0.018071188,0.425622178985658,0.789999982342124,12.81999971345067,0.03248413040064697,0.9031730646452113,0.9356571950458583,1.3793505616916144,0.006518641168156775,8.0
2025-12-21 17:00:00,0.018071188,0.4283596698489101,0.789999982342124,12.81999971345067,0.03248413040064697,0.9031730646452113,0.9356571950458583,1.3820880525548664,0.006518641168156775,8.0
2025-12-21 17:10:00,0.018071188,0.4277869165136841,0.789999982342124,12.81999971345067,0.03248413040064697,0.9031730646452113,0.9356571950458583,1.3815152992196404,0.006518641168156775,8.0
2025-12-21 17:20:00,0.018071188,0.4238931203204717,0.789999982342124,12.81999971345067,0.03248413040064697,0.9031730646452113,0.9356571950458583,1.377621503026428,0.006518641168156775,8.0
2025-12-21 17:30:00,0.018071188,0.41668719376536895,0.789999982342124,12.81999971345067,0.03248413040064697,0.9031730646452113,0.9356571950458583,1.3704155764713253,0.006518641168156775,8.0
2025-12-21 17:40:00,0.018071188,0.40620017102582595,0.789999982342124,12.81999971345067,0.03248413040064697,0.9031730646452113,0.9356571950458583,1.3599285537317822,0.006518641168156775,8.0
2025-12-21 17:50:00,0.018071188,0.39248745668162344,0.789999982342124,12.81999971345067,0.03248413040064697,0.9031730646452113,0.9356571950458583,1.3462158393875798,0.006518641168156775,8.0
2025-12-21 18:00:00,0.018071188,0.3756307655125549,0.7999999821186066,12.479999721050262,0.0318221305590126,0.8847671409406429,0.9165892714996555,1.3102912246723086,0.006518641168156775,8.0
2025-12-21 18:10:00,0.018071188,0.35573962772342227,0.7999999821186066,12.479999721050262,0.0318221305590126,0.8847671409406429,0.9165892714996555,1.2904000868831758,0.006518641168156775,8.0
2025-12-21 18:20:00,0.018071188,0.33295236294192876,0.7999999821186066,12.479999721050262,0.0318221305590126,0.8847671409406429,0.9165892714996555,1.2676128221016825,0.006518641168156775,8.0
2025-12-21 18:30:00,0.018071188,0.30743645997272895,0.7999999821186066,12.479999721050262,0.0318221305590126,0.8847671409406429,0.9165892714996555,1.2420969191324827,0.006518641168156775,8.0
2025-12-21 18:40:00,0.018071188,0.2793883339925333,0.7999999821186066,12.479999721050262,0.0318221305590126,0.8847671409406429,0.9165892714996555,1.214048793152287,0.006518641168156775,8.0
2025-12-21 18:50:00,0.018071188,0.24903246560816505,0.7999999821186066,12.479999721050262,0.0318221305590126,0.8847671409406429,0.9165892714996555,1.1836929247679187,0.006518641168156775,8.0
2025-12-21 19:00:00,0.018071188,0.21661995417476354,0.7999999821186066,12.479999721050262,0.0318221305590126,0.8847671409406429,0.9165892714996555,1.1512804133345171,0.006518641168156775,8.0
2025-12-21 19:10:00,0.018071188,0.18242653893714333,0.7999999821186066,12.479999721050262,0.0318221305590126,0.8847671409406429,0.9165892714996555,1.117086998096897,0.006518641168156775,8.0
2025-12-21 19:20:00,0.018071188,0.1467501551877934,0.7999999821186066,12.479999721050262,0.0318221305590126,0.8847671409406429,0.9165892714996555,1.081410614347547,0.006518641168156775,8.0
2025-12-21 19:30:00,0.018071188,0.1099080981363872,0.7999999821186066,12.479999721050262,0.0318221305590126,0.8847671409406429,0.9165892714996555,1.0445685572961407,0.006518641168156775,8.0
2025-12-21 19:40:00,0.018071188,0.07223386613799074,0.7999999821186066,12.479999721050262,0.0318221305590126,0.8847671409406429,0.9165892714996555,1.0068943252977443,0.006518641168156775,8.0
2025-12-21 19:50:00,0.018071188,0.03407374824095407,0.7999999821186066,12.479999721050262,0.0318221305590126,0.8847671409406429,0.9165892714996555,0.9687342074007077,0.006518641168156775,8.0
2025-12-21 20:00:00,0.018071188,-0.004216788505448543,0.7999999821186066,12.479999721050262,0.0318221305590126,0.8847671409406429,0.9165892714996555,0.9304436706543051,0.006518641168156775,8.0
2025-12-21 20:10:00,0.018071188,-0.042276867035780034,0.7999999821186066,12.479999721050262,0.0318221305590126,0.8847671409406429,0.9165892714996555,0.8923835921239736,0.006518641168156775,8.0
2025-12-21 20:20:00,0.018071188,-0.07974408743920072,0.7999999821186066,12.479999721050262,0.0318221305590126,0.8847671409406429,0.9165892714996555,0.8549163717205529,0.006518641168156775,8.0
2025-12-21 20:30:00,0.018071188,-0.1162585026891173,0.7999999821186066,12.479999721050262,0.0318221305590126,0.8847671409406429,0.9165892714996555,0.8184019564706363,0.006518641168156775,8.0
2025-12-21 20:40:00,0.018071188,-0.1514666533644337,0.7999999821186066,12.479999721050262,0.0318221305590126,0.8847671409406429,0.9165892714996555,0.7831938057953198,0.006518641168156775,8.0
2025-12-21 20:50:00,0.018071188,-0.18502562750129894,0.7999999821186066,12.479999721050262,0.0318221305590126,0.8847671409406429,0.9165892714996555,0.7496348316584547,0.006518641168156775,8.0
2025-12-21 21:00:00,0.018071188,-0.21660710330298344,0.8099999818950891,12.219999726861715,0.031353309511732506,0.8717322670862483,0.9030855765979808,0.7045496609550954,0.006518641168156775,8.0
2025-12-21 21:10:00,0.018071188,-0.2459013202256403,0.8099999818950891,12.219999726861715,0.031353309511732506,0.8717322670862483,0.9030855765979808,0.6752554440324386,0.006518641168156775,8.0
2025-12-21 21:20:00,0.018071188,-0.2726209106518327,0.8099999818950891,12.219999726861715,0.031353309511732506,0.8717322670862483,0.9030855765979808,0.6485358536062462,0.006518641168156775,8.0
2025-12-21 21:30:00,0.018071188,-0.296504511544672,0.8099999818950891,12.219999726861715,0.031353309511732506,0.8717322670862483,0.9030855765979808,0.6246522527134069,0.006518641168156775,8.0
2025-12-21 21:40:00,0.018071188,-0.3173200660042475,0.8099999818950891,12.219999726861715,0.031353309511732506,0.8717322670862483,0.9030855765979808,0.6038366982538315,0.006518641168156775,8.0
2025-12-21 21:50:00,0.018071188,-0.33486772024003975,0.8099999818950891,12.219999726861715,0.031353309511732506,0.8717322670862483,0.9030855765979808,0.5862890440180392,0.006518641168156775,8.0
2025-12-21 22:00:00,0.018071188,-0.34898222412298735,0.8099999818950891,12.219999726861715,0.031353309511732506,0.8717322670862483,0.9030855765979808,0.5721745401350915,0.006518641168156775,8.0
2025-12-21 22:10:00,0.018071188,-0.35953475382724165,0.8099999818950891,12.219999726861715,0.031353309511732506,0.8717322670862483,0.9030855765979808,0.5616220104308373,0.006518641168156775,8.0
2025-12-21 22:20:00,0.018071188,-0.36643409315898295,0.8099999818950891,12.219999726861715,0.031353309511732506,0.8717322670862483,0.9030855765979808,0.554722671099096,0.006518641168156775,8.0
2025-12-21 22:30:00,0.018071188,-0.3696271352376936,0.8099999818950891,12.219999726861715,0.031353309511732506,0.8717322670862483,0.9030855765979808,0.5515296290203853,0.006518641168156775,8.0
2025-12-21 22:40:00,0.018071188,-0.3690986961322861,0.8099999818950891,12.219999726861715,0.031353309511732506,0.8717322670862483,0.9030855765979808,0.5520580681257928,0.006518641168156775,8.0
2025-12-21 22:50:00,0.018071188,-0.3648706646866038,0.8099999818950891,12.219999726861715,0.031353309511732506,0.8717322670862483,0.9030855765979808,0.5562860995714751,0.006518641168156775,8.0
2025-12-21 23:00:00,0.018071188,-0.35700054492538225,0.8099999818950891,12.219999726861715,0.031353309511732506,0.8717322670862483,0.9030855765979808,0.5641562193326967,0.006518641168156775,8.0
2025-12-21 23:10:00,0.018071188,-0.34557947622307017,0.8099999818950891,12.219999726861715,0.031353309511732506,0.8717322670862483,0.9030855765979808,0.5755772880350087,0.006518641168156775,8.0
2025-12-21 23:20:00,0.018071188,-0.3307298389592141,0.8099999818950891,12.219999726861715,0.031353309511732506,0.8717322670862483,0.9030855765979808,0.5904269252988648,0.006518641168156775,8.0
2025-12-21 23:30:00,0.018071188,-0.31260256746591714,0.8099999818950891,12.219999726861715,0.031353309511732506,0.8717322670862483,0.9030855765979808,0.6085541967921617,0.006518641168156775,8.0
2025-12-21 23:40:00,0.018071188,-0.2913742962172528,0.8099999818950891,12.219999726861715,0.031353309511732506,0.8717322670862483,0.9030855765979808,0.6297824680408262,0.006518641168156775,8.0
2025-12-21 23:50:00,0.018071188,-0.26724445907365907,0.8099999818950891,12.219999726861715,0.031353309511732506,0.8717322670862483,0.9030855765979808,0.6539123051844198,0.006518641168156775,8.0
2025-12-22 00:00:00,0.021209875,-0.24043244548201745,0.8299999814480543,12.019999731332064,0.031218583109581435,0.8679863993034683,0.8992049824130498,0.679982412052745,0.006518641168156775,8.0
2025-12-22 00:10:00,0.021209875,-0.21117489374865792,0.8299999814480543,12.019999731332064,0.031218583109581435,0.8679863993034683,0.8992049824130498,0.7092399637861045,0.006518641168156775,8.0
2025-12-22 00:20:00,0.021209875,-0.17972317212547698,0.8299999814480543,12.019999731332064,0.031218583109581435,0.8679863993034683,0.8992049824130498,0.7406916854092855,0.006518641168156775,8.0
2025-12-22 00:30:00,0.021209875,-0.1463410668788025,0.8299999814480543,12.019999731332064,0.031218583109581435,0.8679863993034683,0.8992049824130498,0.77407379065596,0.006518641168156775,8.0
2025-12-22 00:40:00,0.021209875,-0.11130266597558684,0.8299999814480543,12.019999731332064,0.031218583109581435,0.8679863993034683,0.8992049824130498,0.8091121915591757,0.006518641168156775,8.0
2025-12-22 00:50:00,0.021209875,-0.0748904009145298,0.8299999814480543,12.019999731332064,0.031218583109581435,0.8679863993034683,0.8992049824130498,0.8455244566202327,0.006518641168156775,8.0
2025-12-22 01:00:00,0.021209875,-0.03739319037876592,0.8299999814480543,12.019999731332064,0.031218583109581435,0.8679863993034683,0.8992049824130498,0.8830216671559966,0.006518641168156775,8.0
2025-12-22 01:10:00,0.021209875,0.000895380274252493,0.8299999814480543,12.019999731332064,0.031218583109581435,0.8679863993034683,0.8992049824130498,0.921310237809015,0.006518641168156775,8.0
2025-12-22 01:20:00,0.021209875,0.03967890890553894,0.8299999814480543,12.019999731332064,0.031218583109581435,0.8679863993034683,0.8992049824130498,0.9600937664403014,0.006518641168156775,8.0
2025-12-22 01:30:00,0.021209875,0.07866011043651472,0.8299999814480543,12.019999731332064,0.031218583109581435,0.8679863993034683,0.8992049824130498,0.9990749679712772,0.006518641168156775,8.0
2025-12-22 01:40:00,0.021209875,0.11754286943056022,0.8299999814480543,12.019999731332064,0.031218583109581435,0.8679863993034683,0.8992049824130498,1.0379577269653226,0.006518641168156775,8.0
2025-12-22 01:50:00,0.021209875,0.15603442023095543,0.8299999814480543,12.019999731332064,0.031218583109581435,0.8679863993034683,0.8992049824130498,1.076449277765718,0.006518641168156775,8.0
2025-12-22 02:00:00,0.021209875,0.19384763384631748,0.8299999814480543,12.019999731332064,0.031218583109581435,0.8679863993034683,0.8992049824130498,1.11426249138108,0.006518641168156775,8.0
2025-12-22 02:10:00,0.021209875,0.23070336149563456,0.8299999814480543,12.019999731332064,0.031218583109581435,0.8679863993034683,0.8992049824130498,1.151118219030397,0.006518641168156775,8.0
2025-12-22 02:20:00,0.021209875,0.2663327590728737,0.8299999814480543,12.019999731332064,0.031218583109581435,0.8679863993034683,0.8992049824130498,1.186747616607636,0.006518641168156775,8.0
2025-12-22 02:30:00,0.021209875,0.3004794982304226,0.8299999814480543,12.019999731332064,0.031218583109581435,0.8679863993034683,0.8992049824130498,1.220894355765185,0.006518641168156775,8.0
2025-12-22 02:40:00,0.021209875,0.33290176083180206,0.8299999814480543,12.019999731332064,0.031218583109581435,0.8679863993034683,0.8992049824130498,1.2533166183665645,0.006518641168156775,8.0
2025-12-22 02:50:00,0.021209875,0.36337391563729343,0.8299999814480543,12.019999731332064,0.031218583109581435,0.8679863993034683,0.8992049824130498,1.2837887731720559,0.006518641168156775,8.0
2025-12-22 03:00:00,0.021209875,0.3916877898423837,0.8499999810010195,11.829999735578895,0.031093089851451584,0.8644972453954053,0.8955903352468568,1.3084880002109531,0.006518641168156775,8.0
2025-12-22 03:10:00,0.021209875,0.4176534723384983,0.8499999810010195,11.829999735578895,0.031093089851451584,0.8644972453954053,0.8955903352468568,1.3344536827070679,0.006518641168156775,8.0
2025-12-22 03:20:00,0.021209875,0.4410996185452969,0.8499999810010195,11.829999735578895,0.031093089851451584,0.8644972453954053,0.8955903352468568,1.3578998289138664,0.006518641168156775,8.0
2025-12-22 03:30:00,0.021209875,0.46187326498549025,0.8499999810010195,11.829999735578895,0.031093089851451584,0.8644972453954053,0.8955903352468568,1.3786734753540597,0.006518641168156775,8.0
2025-12-22 03:40:00,0.021209875,0.4798392020822798,0.8499999810010195,11.829999735578895,0.031093089851451584,0.8644972453954053,0.8955903352468568,1.3966394124508494,0.006518641168156775,8.0
2025-12-22 03:50:00,0.021209875,0.49487899162314203,0.8499999810010195,11.829999735578895,0.031093089851451584,0.8644972453954053,0.8955903352468568,1.4116792019917115,0.006518641168156775,8.0
2025-12-22 04:00:00,0.021209875,0.5068897472811356,0.8499999810010195,11.829999735578895,0.031093089851451584,0.8644972453954053,0.8955903352468568,1.423689957649705,0.006518641168156775,8.0
2025-12-22 04:10:00,0.021209875,0.5157828190929908,0.8499999810010195,11.829999735578895,0.031093089851451584,0.8644972453954053,0.8955903352468568,1.4325830294615605,0.006518641168156775,8.0
2025-12-22 04:20:00,0.021209875,0.5214825333406466,0.8499999810010195,11.829999735578895,0.031093089851451584,0.8644972453954053,0.8955903352468568,1.438282743709216,0.006518641168156775,8.0
2025-12-22 04:30:00,0.021209875,0.5239251366830715,0.8499999810010195,11.829999735578895,0.031093089851451584,0.8644972453954053,0.8955903352468568,1.440725347051641,0.006518641168156775,8.0
2025-12-22 04:40:00,0.021209875,0.523058077412103,0.8499999810010195,11.829999735578895,0.031093089851451584,0.8644972453954053,0.8955903352468568,1.4398582877806725,0.006518641168156775,8.0
2025-12-22 04:50:00,0.021209875,0.5188397288058313,0.8499999810010195,11.829999735578895,0.031093089851451584,0.8644972453954053,0.8955903352468568,1.4356399391744008,0.006518641168156775,8.0
2025-12-22 05:00:00,0.021209875,0.511239621984378,0.8499999810010195,11.829999735578895,0.031093089851451584,0.8644972453954053,0.8955903352468568,1.4280398323529475,0.006518641168156775,8.0
2025-12-22 05:10:00,0.021209875,0.5002392118775189,0.8499999810010195,11.829999735578895,0.031093089851451584,0.8644972453954053,0.8955903352468568,1.4170394222460883,0.006518641168156775,8.0
2025-12-22 05:20:00,0.021209875,0.4858331537490679,0.8499999810010195,11.829999735578895,0.031093089851451584,0.8644972453954053,0.8955903352468568,1.4026333641176374,0.006518641168156775,8.0
2025-12-22 05:30:00,0.021209875,0.46803102332313784,0.8499999810010195,11.829999735578895,0.031093089851451584,0.8644972453954053,0.8955903352468568,1.3848312336917075,0.006518641168156775,8.0
2025-12-22 05:40:00,0.021209875,0.4468593747518097,0.8499999810010195,11.829999735578895,0.031093089851451584,0.8644972453954053,0.8955903352468568,1.3636595851203792,0.006518641168156775,8.0
2025-12-22 05:50:00,0.021209875,0.4223640007768669,0.8499999810010195,11.829999735578895,0.031093089851451584,0.8644972453954053,0.8955903352468568,1.3391642111454365,0.006518641168156775,8.0
2025-12-22 06:00:00,0.021209875,0.394612240706401,0.8099999818950891,11.61999974027276,0.029813867146180992,0.8289303554453523,0.8587442225915333,1.274566338419647,0.006518641168156775,8.0
2025-12-22 06:10:00,0.021209875,0.36369517562808595,0.8099999818950891,11.61999974027276,0.029813867146180992,0.8289303554453523,0.8587442225915333,1.2436492733413318,0.006518641168156775,8.0
2025-12-22 06:20:00,0.021209875,0.32972955640016,0.8099999818950891,11.61999974027276,0.029813867146180992,0.8289303554453523,0.8587442225915333,1.209683654113406,0.006518641168156775,8.0
2025-12-22 06:30:00,0.021209875,0.2928593274716582,0.8099999818950891,11.61999974027276,0.029813867146180992,0.8289303554453523,0.8587442225915333,1.1728134251849043,0.006518641168156775,8.0
2025-12-22 06:40:00,0.021209875,0.2532566360719381,0.8099999818950891,11.61999974027276,0.029813867146180992,0.8289303554453523,0.8587442225915333,1.133210733785184,0.006518641168156775,8.0
2025-12-22 06:50:00,0.021209875,0.21112224905904683,0.8099999818950891,11.61999974027276,0.029813867146180992,0.8289303554453523,0.8587442225915333,1.0910763467722928,0.006518641168156775,8.0
2025-12-22 07:00:00,0.021209875,0.16668533529033386,0.8099999818950891,11.61999974027276,0.029813867146180992,0.8289303554453523,0.8587442225915333,1.0466394330035798,0.006518641168156775,8.0
2025-12-22 07:10:00,0.021209875,0.12020260640226266,0.8099999818950891,11.61999974027276,0.029813867146180992,0.8289303554453523,0.8587442225915333,1.0001567041155086,0.006518641168156775,8.0
2025-12-22 07:20:00,0.021209875,0.07195684047954351,0.8099999818950891,11.61999974027276,0.029813867146180992,0.8289303554453523,0.8587442225915333,0.9519109381927895,0.006518641168156775,8.0
2025-12-22 07:30:00,0.021209875,0.022254838578553496,0.8099999818950891,11.61999974027276,0.029813867146180992,0.8289303554453523,0.8587442225915333,0.9022089362917994,0.006518641168156775,8.0
2025-12-22 07:40:00,0.021209875,-0.028575117781067902,0.8099999818950891,11.61999974027276,0.029813867146180992,0.8289303554453523,0.8587442225915333,0.851378979932178,0.006518641168156775,8.0
2025-12-22 07:50:00,0.021209875,-0.0801862301751786,0.8099999818950891,11.61999974027276,0.029813867146180992,0.8289303554453523,0.8587442225915333,0.7997678675380674,0.006518641168156775,8.0
2025-12-22 08:00:00,0.021209875,-0.13221648753726237,0.8099999818950891,11.61999974027276,0.029813867146180992,0.8289303554453523,0.8587442225915333,0.7477376101759836,0.006518641168156775,8.0
2025-12-22 08:10:00,0.021209875,-0.18429223503258876,0.8099999818950891,11.61999974027276,0.029813867146180992,0.8289303554453523,0.8587442225915333,0.6956618626806572,0.006518641168156775,8.0
2025-12-22 08:20:00,0.021209875,-0.2360319400675015,0.8099999818950891,11.61999974027276,0.029813867146180992,0.8289303554453523,0.8587442225915333,0.6439221576457445,0.006518641168156775,8.0
2025-12-22 08:30:00,0.021209875,-0.2870500988345941,0.8099999818950891,11.61999974027276,0.029813867146180992,0.8289303554453523,0.8587442225915333,0.5929039988786519,0.006518641168156775,8.0
2025-12-22 08:40:00,0.021209875,-0.33696123752751567,0.8099999818950891,11.61999974027276,0.029813867146180992,0.8289303554453523,0.8587442225915333,0.5429928601857303,0.006518641168156775,8.0
2025-12-22 08:50:00,0.021209875,-0.38538397070288327,0.8099999818950891,11.61999974027276,0.029813867146180992,0.8289303554453523,0.8587442225915333,0.4945701270103627,0.006518641168156775,8.0
2025-12-22 09:00:00,0.021209875,-0.43194508379368063,0.7799999825656414,11.379999745637178,0.028652283377724533,0.7966342416488734,0.8252865250265979,0.41455131635463,0.006518641168156775,8.0
2025-12-22 09:10:00,0.021209875,-0.47628360643696577,0.7799999825656414,11.379999745637178,0.028652283377724533,0.7966342416488734,0.8252865250265979,0.37021279371134486,0.006518641168156775,8.0
2025-12-22 09:20:00,0.021209875,-0.518054838230474,0.7799999825656414,11.379999745637178,0.028652283377724533,0.7966342416488734,0.8252865250265979,0.3284415619178366,0.006518641168156775,8.0
2025-12-22 09:30:00,0.021209875,-0.556934279285983,0.7799999825656414,11.379999745637178,0.028652283377724533,0.7966342416488734,0.8252865250265979,0.2895621208623276,0.006518641168156775,8.0
2025-12-22 09:40:00,0.021209875,-0.5926214063749358,0.7799999825656414,11.379999745637178,0.028652283377724533,0.7966342416488734,0.8252865250265979,0.25387499377337486,0.006518641168156775,8.0
2025-12-22 09:50:00,0.021209875,-0.6248432232724769,0.7799999825656414,11.379999745637178,0.028652283377724533,0.7966342416488734,0.8252865250265979,0.22165317687583375,0.006518641168156775,8.0
2025-12-22 10:00:00,0.021209875,-0.6533575036253491,0.7799999825656414,11.379999745637178,0.028652283377724533,0.7966342416488734,0.8252865250265979,0.19313889652296157,0.006518641168156775,8.0
2025-12-22 10:10:00,0.021209875,-0.677955638504576,0.7799999825656414,11.379999745637178,0.028652283377724533,0.7966342416488734,0.8252865250265979,0.16854076164373466,0.006518641168156775,8.0
2025-12-22 10:20:00,0.021209875,-0.6984650005359018,0.7799999825656414,11.379999745637178,0.028652283377724533,0.7966342416488734,0.8252865250265979,0.14803139961240885,0.006518641168156775,8.0
2025-12-22 10:30:00,0.021209875,-0.7147507436094527,0.7799999825656414,11.379999745637178,0.028652283377724533,0.7966342416488734,0.8252865250265979,0.13174565653885795,0.006518641168156775,8.0
2025-12-22 10:40:00,0.021209875,-0.7267169718842885,0.7799999825656414,11.379999745637178,0.028652283377724533,0.7966342416488734,0.8252865250265979,0.1197794282640221,0.006518641168156775,8.0
2025-12-22 10:50:00,0.021209875,-0.7343072338660869,0.7799999825656414,11.379999745637178,0.028652283377724533,0.7966342416488734,0.8252865250265979,0.11218916628222375,0.006518641168156775,8.0
2025-12-22 11:00:00,0.021209875,-0.7375043251839728,0.7799999825656414,11.379999745637178,0.028652283377724533,0.7966342416488734,0.8252865250265979,0.10899207496433783,0.006518641168156775,8.0
2025-12-22 11:10:00,0.021209875,-0.7363294153238042,0.7799999825656414,11.379999745637178,0.028652283377724533,0.7966342416488734,0.8252865250265979,0.11016698482450638,0.006518641168156775,8.0
2025-12-22 11:20:00,0.021209875,-0.7308405461161281,0.7799999825656414,11.379999745637178,0.028652283377724533,0.7966342416488734,0.8252865250265979,0.11565585403218248,0.006518641168156775,8.0
2025-12-22 11:30:00,0.021209875,-0.7211305803116431,0.7799999825656414,11.379999745637178,0.028652283377724533,0.7966342416488734,0.8252865250265979,0.1253658198366675,0.006518641168156775,8.0
2025-12-22 11:40:00,0.021209875,-0.7073247040849758,0.7799999825656414,11.379999745637178,0.028652283377724533,0.7966342416488734,0.8252865250265979,0.1391716960633348,0.006518641168156775,8.0
2025-12-22 11:50:00,0.021209875,-0.689577605260174,0.7799999825656414,11.379999745637178,0.028652283377724533,0.7966342416488734,0.8252865250265979,0.15691879488813665,0.006518641168156775,8.0
2025-12-22 12:00:00,0.021209875,-0.6680704575490884,0.7499999832361937,11.26999974809587,0.02782429839168117,0.773613347196667,0.8014376455883482,0.15457706316097242,0.006518641168156775,8.0
2025-12-22 12:10:00,0.021209875,-0.6430078392422872,0.7499999832361937,11.26999974809587,0.02782429839168117,0.773613347196667,0.8014376455883482,0.17963968146777365,0.006518641168156775,8.0
2025-12-22 12:20:00,0.021209875,-0.6146147026381987,0.7499999832361937,11.26999974809587,0.02782429839168117,0.773613347196667,0.8014376455883482,0.20803281807186214,0.006518641168156775,8.0
2025-12-22 12:30:00,0.021209875,-0.5831334893286068,0.7499999832361937,11.26999974809587,0.02782429839168117,0.773613347196667,0.8014376455883482,0.2395140313814541,0.006518641168156775,8.0
2025-12-22 12:40:00,0.021209875,-0.5488214583138271,0.7499999832361937,11.26999974809587,0.02782429839168117,0.773613347196667,0.8014376455883482,0.27382606239623375,0.006518641168156775,8.0
2025-12-22 12:50:00,0.021209875,-0.5119482618250476,0.7499999832361937,11.26999974809587,0.02782429839168117,0.773613347196667,0.8014376455883482,0.31069925888501326,0.006518641168156775,8.0
2025-12-22 13:00:00,0.021209875,-0.4727937709685918,0.7499999832361937,11.26999974809587,0.02782429839168117,0.773613347196667,0.8014376455883482,0.34985374974146904,0.006518641168156775,8.0
2025-12-22 13:10:00,0.021209875,-0.43164612329686186,0.7499999832361937,11.26999974809587,0.02782429839168117,0.773613347196667,0.8014376455883482,0.391001397413199,0.006518641168156775,8.0
2025-12-22 13:20:00,0.021209875,-0.38879994043057686,0.7499999832361937,11.26999974809587,0.02782429839168117,0.773613347196667,0.8014376455883482,0.433847580279484,0.006518641168156775,8.0
2025-12-22 13:30:00,0.021209875,-0.34455464822716353,0.7499999832361937,11.26999974809587,0.02782429839168117,0.773613347196667,0.8014376455883482,0.47809287248289734,0.006518641168156775,8.0
2025-12-22 13:40:00,0.021209875,-0.29921282650320846,0.7499999832361937,11.26999974809587,0.02782429839168117,0.773613347196667,0.8014376455883482,0.5234346942068524,0.006518641168156775,8.0
2025-12-22 13:50:00,0.021209875,-0.2530785203256174,0.7499999832361937,11.26999974809587,0.02782429839168117,0.773613347196667,0.8014376455883482,0.5695690003844435,0.006518641168156775,8.0
2025-12-22 14:00:00,0.021209875,-0.20645545974245696,0.7499999832361937,11.26999974809587,0.02782429839168117,0.773613347196667,0.8014376455883482,0.6161920609676039,0.006518641168156775,8.0
2025-12-22 14:10:00,0.021209875,-0.15964515768635873,0.7499999832361937,11.26999974809587,0.02782429839168117,0.773613347196667,0.8014376455883482,0.6630023630237021,0.006518641168156775,8.0
2025-12-22 14:20:00,0.021209875,-0.11294488409191651,0.7499999832361937,11.26999974809587,0.02782429839168117,0.773613347196667,0.8014376455883482,0.7097026366181444,0.006518641168156775,8.0
2025-12-22 14:30:00,0.021209875,-0.06664554431662649,0.7499999832361937,11.26999974809587,0.02782429839168117,0.773613347196667,0.8014376455883482,0.7560019763934344,0.006518641168156775,8.0
2025-12-22 14:40:00,0.021209875,-0.02102951850608137,0.7499999832361937,11.26999974809587,0.02782429839168117,0.773613347196667,0.8014376455883482,0.8016180022039795,0.006518641168156775,8.0
2025-12-22 14:50:00,0.021209875,0.023631458198152978,0.7499999832361937,11.26999974809587,0.02782429839168117,0.773613347196667,0.8014376455883482,0.8462789789082138,0.006518641168156775,8.0
2025-12-22 15:00:00,0.021209875,0.06707827965570413,0.7399999834597111,11.249999748542905,0.027589133246540963,0.7670749291379281,0.7946640623844691,0.8829522171618859,0.006518641168156775,8.0
2025-12-22 15:10:00,0.021209875,0.10906621719841746,0.7399999834597111,11.249999748542905,0.027589133246540963,0.7670749291379281,0.7946640623844691,0.9249401547045992,0.006518641168156775,8.0
2025-12-22 15:20:00,0.021209875,0.14936633947276942,0.7399999834597111,11.249999748542905,0.027589133246540963,0.7670749291379281,0.7946640623844691,0.9652402769789512,0.006518641168156775,8.0
2025-12-22 15:30:00,0.021209875,0.18776652835864308,0.7399999834597111,11.249999748542905,0.027589133246540963,0.7670749291379281,0.7946640623844691,1.0036404658648248,0.006518641168156775,8.0
2025-12-22 15:40:00,0.021209875,0.22407204321599877,0.7399999834597111,11.249999748542905,0.027589133246540963,0.7670749291379281,0.7946640623844691,1.0399459807221805,0.006518641168156775,8.0
2025-12-22 15:50:00,0.021209875,0.25810562045407026,0.7399999834597111,11.249999748542905,0.027589133246540963,0.7670749291379281,0.7946640623844691,1.073979557960252,0.006518641168156775,8.0
2025-12-22 16:00:00,0.021209875,0.28970713402314746,0.7399999834597111,11.249999748542905,0.027589133246540963,0.7670749291379281,0.7946640623844691,1.1055810715293293,0.006518641168156775,8.0
2025-12-22 16:10:00,0.021209875,0.31873288103192887,0.7399999834597111,11.249999748542905,0.027589133246540963,0.7670749291379281,0.7946640623844691,1.1346068185381106,0.006518641168156775,8.0
2025-12-22 16:20:00,0.021209875,0.3450545912178638,0.7399999834597111,11.249999748542905,0.027589133246540963,0.7670749291379281,0.7946640623844691,1.1609285287240456,0.006518641168156775,8.0
2025-12-22 16:30:00,0.021209875,0.36855828597751644,0.7399999834597111,11.249999748542905,0.027589133246540963,0.7670749291379281,0.7946640623844691,1.1844322234836981,0.006518641168156775,8.0
2025-12-22 16:40:00,0.021209875,0.38914312897335523,0.7399999834597111,11.249999748542905,0.027589133246540963,0.7670749291379281,0.7946640623844691,1.205017066479537,0.006518641168156775,8.0
2025-12-22 16:50:00,0.021209875,0.4067204141579837,0.7399999834597111,11.249999748542905,0.027589133246540963,0.7670749291379281,0.7946640623844691,1.2225943516641655,0.006518641168156775,8.0
2025-12-22 17:00:00,0.021209875,0.42121282767719664,0.7399999834597111,11.249999748542905,0.027589133246540963,0.7670749291379281,0.7946640623844691,1.2370867651833783,0.006518641168156775,8.0
2025-12-22 17:10:00,0.021209875,0.4325540980641263,0.7399999834597111,11.249999748542905,0.027589133246540963,0.7670749291379281,0.7946640623844691,1.2484280355703081,0.006518641168156775,8.0
2025-12-22 17:20:00,0.021209875,0.4406891163302257,0.7399999834597111,11.249999748542905,0.027589133246540963,0.7670749291379281,0.7946640623844691,1.2565630538364074,0.006518641168156775,8.0
2025-12-22 17:30:00,0.021209875,0.4455745668385934,0.7399999834597111,11.249999748542905,0.027589133246540963,0.7670749291379281,0.7946640623844691,1.2614485043447752,0.006518641168156775,8.0
2025-12-22 17:40:00,0.021209875,0.4471800648837882,0.7399999834597111,11.249999748542905,0.027589133246540963,0.7670749291379281,0.7946640623844691,1.26305400238997,0.006518641168156775,8.0
2025-12-22 17:50:00,0.021209875,0.445489751727699,0.7399999834597111,11.249999748542905,0.027589133246540963,0.7670749291379281,0.7946640623844691,1.2613636892338809,0.006518641168156775,8.0
2025-12-22 18:00:00,0.021209875,0.44050425648567915,0.7399999834597111,11.299999747425318,0.027711751616525587,0.7704841510452077,0.7981959026617333,1.2599100342691252,0.006518641168156775,8.0
2025-12-22 18:10:00,0.021209875,0.43224290030744816,0.7399999834597111,11.299999747425318,0.027711751616525587,0.7704841510452077,0.7981959026617333,1.2516486780908942,0.006518641168156775,8.0
2025-12-22 18:20:00,0.021209875,0.4207459945944874,0.7399999834597111,11.299999747425318,0.027711751616525587,0.7704841510452077,0.7981959026617333,1.2401517723779334,0.006518641168156775,8.0
2025-12-22 18:30:00,0.021209875,0.4060770733176267,0.7399999834597111,11.299999747425318,0.027711751616525587,0.7704841510452077,0.7981959026617333,1.2254828511010727,0.006518641168156775,8.0
2025-12-22 18:40:00,0.021209875,0.38832490045373635,0.7399999834597111,11.299999747425318,0.027711751616525587,0.7704841510452077,0.7981959026617333,1.2077306782371824,0.006518641168156775,8.0
2025-12-22 18:50:00,0.021209875,0.36760510655278017,0.7399999834597111,11.299999747425318,0.027711751616525587,0.7704841510452077,0.7981959026617333,1.1870108843362261,0.006518641168156775,8.0
2025-12-22 19:00:00,0.021209875,0.34406133176060316,0.7399999834597111,11.299999747425318,0.027711751616525587,0.7704841510452077,0.7981959026617333,1.1634671095440492,0.006518641168156775,8.0
2025-12-22 19:10:00,0.021209875,0.3178657836106647,0.7399999834597111,11.299999747425318,0.027711751616525587,0.7704841510452077,0.7981959026617333,1.1372715613941107,0.006518641168156775,8.0
2025-12-22 19:20:00,0.021209875,0.28921915348284905,0.7399999834597111,11.299999747425318,0.027711751616525587,0.7704841510452077,0.7981959026617333,1.108624931266295,0.006518641168156775,8.0
2025-12-22 19:30:00,0.021209875,0.258349872229914,0.7399999834597111,11.299999747425318,0.027711751616525587,0.7704841510452077,0.7981959026617333,1.07775565001336,0.006518641168156775,8.0
2025-12-22 19:40:00,0.021209875,0.22551271998737688,0.7399999834597111,11.299999747425318,0.027711751616525587,0.7704841510452077,0.7981959026617333,1.0449184977708228,0.006518641168156775,8.0
2025-12-22 19:50:00,0.021209875,0.19098683466645458,0.7399999834597111,11.299999747425318,0.027711751616525587,0.7704841510452077,0.7981959026617333,1.0103926124499005,0.006518641168156775,8.0
2025-12-22 20:00:00,0.021209875,0.1550731861639932,0.7399999834597111,11.299999747425318,0.027711751616525587,0.7704841510452077,0.7981959026617333,0.9744789639474393,0.006518641168156775,8.0
2025-12-22 20:10:00,0.021209875,0.11809159765274756,0.7399999834597111,11.299999747425318,0.027711751616525587,0.7704841510452077,0.7981959026617333,0.9374973754361936,0.006518641168156775,8.0
2025-12-22 20:20:00,0.021209875,0.080377401487397,0.7399999834597111,11.299999747425318,0.027711751616525587,0.7704841510452077,0.7981959026617333,0.8997831792708431,0.006518641168156775,8.0
2025-12-22 20:30:00,0.021209875,0.04227781598996175,0.7399999834597111,11.299999747425318,0.027711751616525587,0.7704841510452077,0.7981959026617333,0.8616835937734078,0.006518641168156775,8.0
2025-12-22 20:40:00,0.021209875,0.004148122260164956,0.7399999834597111,11.299999747425318,0.027711751616525587,0.7704841510452077,0.7981959026617333,0.823553900043611,0.006518641168156775,8.0
2025-12-22 20:50:00,0.021209875,-0.03365229047182559,0.7399999834597111,11.299999747425318,0.027711751616525587,0.7704841510452077,0.7981959026617333,0.7857534873116204,0.006518641168156775,8.0
2025-12-22 21:00:00,0.021209875,-0.07076395444630093,0.7399999834597111,11.329999746754766,0.027785322638516366,0.7725296841895757,0.8003150068280921,0.7507609275035039,0.006518641168156775,8.0
2025-12-22 21:10:00,0.021209875,-0.10683138224178772,0.7399999834597111,11.329999746754766,0.027785322638516366,0.7725296841895757,0.8003150068280921,0.7146934997080171,0.006518641168156775,8.0
2025-12-22 21:20:00,0.021209875,-0.14150711705708655,0.7399999834597111,11.329999746754766,0.027785322638516366,0.7725296841895757,0.8003150068280921,0.6800177648927183,0.006518641168156775,8.0
2025-12-22 21:30:00,0.021209875,-0.17445574013111473,0.7399999834597111,11.329999746754766,0.027785322638516366,0.7725296841895757,0.8003150068280921,0.64706914181869,0.006518641168156775,8.0
2025-12-22 21:40:00,0.021209875,-0.2053577996105563,0.7399999834597111,11.329999746754766,0.027785322638516366,0.7725296841895757,0.8003150068280921,0.6161670823392484,0.006518641168156775,8.0
2025-12-22 21:50:00,0.021209875,-0.23391361941529695,0.7399999834597111,11.329999746754766,0.027785322638516366,0.7725296841895757,0.8003150068280921,0.5876112625345078,0.006518641168156775,8.0
2025-12-22 22:00:00,0.021209875,-0.2598469373197811,0.7399999834597111,11.329999746754766,0.027785322638516366,0.7725296841895757,0.8003150068280921,0.5616779446300237,0.006518641168156775,8.0
2025-12-22 22:10:00,0.021209875,-0.2829083106575539,0.7399999834597111,11.329999746754766,0.027785322638516366,0.7725296841895757,0.8003150068280921,0.5386165712922508,0.006518641168156775,8.0
2025-12-22 22:20:00,0.021209875,-0.3028782176548028,0.7399999834597111,11.329999746754766,0.027785322638516366,0.7725296841895757,0.8003150068280921,0.5186466642950021,0.006518641168156775,8.0
2025-12-22 22:30:00,0.021209875,-0.31956977489444943,0.7399999834597111,11.329999746754766,0.027785322638516366,0.7725296841895757,0.8003150068280921,0.5019551070553554,0.006518641168156775,8.0
2025-12-22 22:40:00,0.021209875,-0.33283098879192274,0.7399999834597111,11.329999746754766,0.027785322638516366,0.7725296841895757,0.8003150068280921,0.48869389315788203,0.006518641168156775,8.0
2025-12-22 22:50:00,0.021209875,-0.34254646283438206,0.7399999834597111,11.329999746754766,0.027785322638516366,0.7725296841895757,0.8003150068280921,0.4789784191154227,0.006518641168156775,8.0
2025-12-22 23:00:00,0.021209875,-0.34863849365827887,0.7399999834597111,11.329999746754766,0.027785322638516366,0.7725296841895757,0.8003150068280921,0.4728863882915259,0.006518641168156775,8.0
2025-12-22 23:10:00,0.021209875,-0.3510675076789493,0.7399999834597111,11.329999746754766,0.027785322638516366,0.7725296841895757,0.8003150068280921,0.4704573742708555,0.006518641168156775,8.0
2025-12-22 23:20:00,0.021209875,-0.3498318151942729,0.7399999834597111,11.329999746754766,0.027785322638516366,0.7725296841895757,0.8003150068280921,0.47169306675553185,0.006518641168156775,8.0
2025-12-22 23:30:00,0.021209875,-0.3449666887220532,0.7399999834597111,11.329999746754766,0.027785322638516366,0.7725296841895757,0.8003150068280921,0.47655819322775156,0.006518641168156775,8.0
2025-12-22 23:40:00,0.021209875,-0.3365428044595557,0.7399999834597111,11.329999746754766,0.027785322638516366,0.7725296841895757,0.8003150068280921,0.4849820774902491,0.006518641168156775,8.0
2025-12-22 23:50:00,0.021209875,-0.3246641171828549,0.7399999834597111,11.329999746754766,0.027785322638516366,0.7725296841895757,0.8003150068280921,0.49686076476694985,0.006518641168156775,8.0
2025-12-23 00:00:00,-0.0013348665,-0.30946526667303104,0.7799999825656414,11.239999748766422,0.028299794830019657,0.7868338203983599,0.8151336152283796,0.5043334820465071,0.006518641168156775,8.0
2025-12-23 00:10:00,-0.0013348665,-0.29110863504183376,0.7799999825656414,11.239999748766422,0.028299794830019657,0.7868338203983599,0.8151336152283796,0.5226901136777042,0.006518641168156775,8.0
2025-12-23 00:20:00,-0.0013348665,-0.2697811869184395,0.7799999825656414,11.239999748766422,0.028299794830019657,0.7868338203983599,0.8151336152283796,0.5440175618010985,0.006518641168156775,8.0
2025-12-23 00:30:00,-0.0013348665,-0.24569122689188408,0.7799999825656414,11.239999748766422,0.028299794830019657,0.7868338203983599,0.8151336152283796,0.568107521827654,0.006518641168156775,8.0
2025-12-23 00:40:00,-0.0013348665,-0.2190652005343736,0.7799999825656414,11.239999748766422,0.028299794830019657,0.7868338203983599,0.8151336152283796,0.5947335481851644,0.006518641168156775,8.0
2025-12-23 00:50:00,-0.0013348665,-0.19014464733916225,0.7799999825656414,11.239999748766422,0.028299794830019657,0.7868338203983599,0.8151336152283796,0.6236541013803758,0.006518641168156775,8.0
2025-12-23 01:00:00,-0.0013348665,-0.1591833877926227,0.7799999825656414,11.239999748766422,0.028299794830019657,0.7868338203983599,0.8151336152283796,0.6546153609269154,0.006518641168156775,8.0
2025-12-23 01:10:00,-0.0013348665,-0.12644499509978485,0.7799999825656414,11.239999748766422,0.028299794830019657,0.7868338203983599,0.8151336152283796,0.6873537536197531,0.006518641168156775,8.0
2025-12-23 01:20:00,-0.0013348665,-0.09220056796630653,0.7799999825656414,11.239999748766422,0.028299794830019657,0.7868338203983599,0.8151336152283796,0.7215981807532316,0.006518641168156775,8.0
2025-12-23 01:30:00,-0.0013348665,-0.056726787884957997,0.7799999825656414,11.239999748766422,0.028299794830019657,0.7868338203983599,0.8151336152283796,0.7570719608345801,0.006518641168156775,8.0
2025-12-23 01:40:00,-0.0013348665,-0.020304215834870458,0.7799999825656414,11.239999748766422,0.028299794830019657,0.7868338203983599,0.8151336152283796,0.7934945328846676,0.006518641168156775,8.0
2025-12-23 01:50:00,-0.0013348665,0.016784237777649483,0.7799999825656414,11.239999748766422,0.028299794830019657,0.7868338203983599,0.8151336152283796,0.8305829864971875,0.006518641168156775,8.0
2025-12-23 02:00:00,-0.0013348665,0.054254747747772385,0.7799999825656414,11.239999748766422,0.028299794830019657,0.7868338203983599,0.8151336152283796,0.8680534964673104,0.006518641168156775,8.0
2025-12-23 02:10:00,-0.0013348665,0.09182399198032329,0.7799999825656414,11.239999748766422,0.028299794830019657,0.7868338203983599,0.8151336152283796,0.9056227406998614,0.006518641168156775,8.0
2025-12-23 02:20:00,-0.0013348665,0.12921062186805682,0.7799999825656414,11.239999748766422,0.028299794830019657,0.7868338203983599,0.8151336152283796,0.9430093705875948,0.006518641168156775,8.0
2025-12-23 02:30:00,-0.0013348665,0.16613683533117957,0.7799999825656414,11.239999748766422,0.028299794830019657,0.7868338203983599,0.8151336152283796,0.9799355840507176,0.006518641168156775,8.0
2025-12-23 02:40:00,-0.0013348665,0.2023300768107991,0.7799999825656414,11.239999748766422,0.028299794830019657,0.7868338203983599,0.8151336152283796,1.0161288255303371,0.006518641168156775,8.0
2025-12-23 02:50:00,-0.0013348665,0.23752485848058935,0.7799999825656414,11.239999748766422,0.028299794830019657,0.7868338203983599,0.8151336152283796,1.0513236072001275,0.006518641168156775,8.0
2025-12-23 03:00:00,-0.0013348665,0.27146466664414215,0.8399999812245369,11.069999752566218,0.02892390578946294,0.8041862999311913,0.8331102057206542,1.1032400058559548,0.006518641168156775,8.0
2025-12-23 03:10:00,-0.0013348665,0.30390389010685787,0.8399999812245369,11.069999752566218,0.02892390578946294,0.8041862999311913,0.8331102057206542,1.1356792293186706,0.006518641168156775,8.0
2025-12-23 03:20:00,-0.0013348665,0.3346096867302445,0.8399999812245369,11.069999752566218,0.02892390578946294,0.8041862999311913,0.8331102057206542,1.1663850259420572,0.006518641168156775,8.0
2025-12-23 03:30:00,-0.0013348665,0.36336369306980937,0.8399999812245369,11.069999752566218,0.02892390578946294,0.8041862999311913,0.8331102057206542,1.195139032281622,0.006518641168156775,8.0
2025-12-23 03:40:00,-0.0013348665,0.38996348145019666,0.8399999812245369,11.069999752566218,0.02892390578946294,0.8041862999311913,0.8331102057206542,1.2217388206620092,0.006518641168156775,8.0
2025-12-23 03:50:00,-0.0013348665,0.41422367981139213,0.8399999812245369,11.069999752566218,0.02892390578946294,0.8041862999311913,0.8331102057206542,1.2459990190232049,0.006518641168156775,8.0
2025-12-23 04:00:00,-0.0013348665,0.4359766911382083,0.8399999812245369,11.069999752566218,0.02892390578946294,0.8041862999311913,0.8331102057206542,1.267752030350021,0.006518641168156775,8.0
2025-12-23 04:10:00,-0.0013348665,0.45507297952336906,0.8399999812245369,11.069999752566218,0.02892390578946294,0.8041862999311913,0.8331102057206542,1.2868483187351818,0.006518641168156775,8.0
2025-12-23 04:20:00,-0.0013348665,0.4713809258500618,0.8399999812245369,11.069999752566218,0.02892390578946294,0.8041862999311913,0.8331102057206542,1.3031562650618744,0.006518641168156775,8.0
2025-12-23 04:30:00,-0.0013348665,0.4847862941858961,0.8399999812245369,11.069999752566218,0.02892390578946294,0.8041862999311913,0.8331102057206542,1.3165616333977088,0.006518641168156775,8.0
2025-12-23 04:40:00,-0.0013348665,0.49519138621487363,0.8399999812245369,11.069999752566218,0.02892390578946294,0.8041862999311913,0.8331102057206542,1.3269667254266864,0.006518641168156775,8.0
2025-12-23 04:50:00,-0.0013348665,0.5025139916408725,0.8399999812245369,11.069999752566218,0.02892390578946294,0.8041862999311913,0.8331102057206542,1.3342893308526853,0.006518641168156775,8.0
2025-12-23 05:00:00,-0.0013348665,0.5066862641314505,0.8399999812245369,11.069999752566218,0.02892390578946294,0.8041862999311913,0.8331102057206542,1.338461603343263,0.006518641168156775,8.0
2025-12-23 05:10:00,-0.0013348665,0.5076536624821736,0.8399999812245369,11.069999752566218,0.02892390578946294,0.8041862999311913,0.8331102057206542,1.3394290016939863,0.006518641168156775,8.0
2025-12-23 05:20:00,-0.0013348665,0.505374094049529,0.8399999812245369,11.069999752566218,0.02892390578946294,0.8041862999311913,0.8331102057206542,1.3371494332613416,0.006518641168156775,8.0
2025-12-23 05:30:00,-0.0013348665,0.49981738190870095,0.8399999812245369,11.069999752566218,0.02892390578946294,0.8041862999311913,0.8331102057206542,1.3315927211205136,0.006518641168156775,8.0
2025-12-23 05:40:00,-0.0013348665,0.49096514995237606,0.8399999812245369,11.069999752566218,0.02892390578946294,0.8041862999311913,0.8331102057206542,1.3227404891641887,0.006518641168156775,8.0
2025-12-23 05:50:00,-0.0013348665,0.47881118354763574,0.8399999812245369,11.069999752566218,0.02892390578946294,0.8041862999311913,0.8331102057206542,1.3105865227594484,0.006518641168156775,8.0
2025-12-23 06:00:00,-0.0013348665,0.46336228073943647,0.8199999816715717,10.909999756142497,0.028164454959584095,0.7830708960398387,0.8112353509994228,1.2732627652300177,0.006518641168156775,8.0
2025-12-23 06:10:00,-0.0013348665,0.4446395641738469,0.8199999816715717,10.909999756142497,0.028164454959584095,0.7830708960398387,0.8112353509994228,1.2545400486644283,0.006518641168156775,8.0
2025-12-23 06:20:00,-0.0013348665,0.4226801809922608,0.8199999816715717,10.909999756142497,0.028164454959584095,0.7830708960398387,0.8112353509994228,1.2325806654828422,0.006518641168156775,8.0
2025-12-23 06:30:00,-0.0013348665,0.3975392807297646,0.8199999816715717,10.909999756142497,0.028164454959584095,0.7830708960398387,0.8112353509994228,1.207439765220346,0.006518641168156775,8.0
2025-12-23 06:40:00,-0.0013348665,0.3692921330151572,0.8199999816715717,10.909999756142497,0.028164454959584095,0.7830708960398387,0.8112353509994228,1.1791926175057386,0.006518641168156775,8.0
2025-12-23 06:50:00,-0.0013348665,0.33803622989955373,0.8199999816715717,10.909999756142497,0.028164454959584095,0.7830708960398387,0.8112353509994228,1.1479367143901351,0.006518641168156775,8.0
2025-12-23 07:00:00,-0.0013348665,0.30389321318902335,0.8199999816715717,10.909999756142497,0.028164454959584095,0.7830708960398387,0.8112353509994228,1.1137936976796046,0.006518641168156775,8.0
2025-12-23 07:10:00,-0.0013348665,0.26701047512869475,0.8199999816715717,10.909999756142497,0.028164454959584095,0.7830708960398387,0.8112353509994228,1.076910959619276,0.006518641168156775,8.0
2025-12-23 07:20:00,-0.0013348665,0.2275623001183616,0.8199999816715717,10.909999756142497,0.028164454959584095,0.7830708960398387,0.8112353509994228,1.0374627846089428,0.006518641168156775,8.0
2025-12-23 07:30:00,-0.0013348665,0.18575044346467853,0.8199999816715717,10.909999756142497,0.028164454959584095,0.7830708960398387,0.8112353509994228,0.9956509279552598,0.006518641168156775,8.0
2025-12-23 07:40:00,-0.0013348665,0.14180407768972333,0.8199999816715717,10.909999756142497,0.028164454959584095,0.7830708960398387,0.8112353509994228,0.9517045621803046,0.006518641168156775,8.0
2025-12-23 07:50:00,-0.0013348665,0.09597907417187522,0.8199999816715717,10.909999756142497,0.028164454959584095,0.7830708960398387,0.8112353509994228,0.9058795586624565,0.006518641168156775,8.0
2025-12-23 08:00:00,-0.0013348665,0.04855662441282497,0.8199999816715717,10.909999756142497,0.028164454959584095,0.7830708960398387,0.8112353509994228,0.8584571089034062,0.006518641168156775,8.0
2025-12-23 08:10:00,-0.0013348665,-0.00015876188680977982,0.8199999816715717,10.909999756142497,0.028164454959584095,0.7830708960398387,0.8112353509994228,0.8097417226037715,0.006518641168156775,8.0
2025-12-23 08:20:00,-0.0013348665,-0.049841818351048395,0.8199999816715717,10.909999756142497,0.028164454959584095,0.7830708960398387,0.8112353509994228,0.7600586661395329,0.006518641168156775,8.0
2025-12-23 08:30:00,-0.0013348665,-0.10014956061857026,0.8199999816715717,10.909999756142497,0.028164454959584095,0.7830708960398387,0.8112353509994228,0.709750923872011,0.006518641168156775,8.0
2025-12-23 08:40:00,-0.0013348665,-0.15072470982693423,0.8199999816715717,10.909999756142497,0.028164454959584095,0.7830708960398387,0.8112353509994228,0.6591757746636471,0.006518641168156775,8.0
2025-12-23 08:50:00,-0.0013348665,-0.20119940636125086,0.8199999816715717,10.909999756142497,0.028164454959584095,0.7830708960398387,0.8112353509994228,0.6087010781293304,0.006518641168156775,8.0
2025-12-23 09:00:00,-0.0013348665,-0.2511991244153229,0.789999982342124,10.749999759718776,0.02723903290225857,0.7573409083413433,0.7845799412436019,0.5320459503194375,0.006518641168156775,8.0
2025-12-23 09:10:00,-0.0013348665,-0.30034670779328776,0.789999982342124,10.749999759718776,0.02723903290225857,0.7573409083413433,0.7845799412436019,0.4828983669414726,0.006518641168156775,8.0
2025-12-23 09:20:00,-0.0013348665,-0.3482664599700433,0.789999982342124,10.749999759718776,0.02723903290225857,0.7573409083413433,0.7845799412436019,0.43497861476471705,0.006518641168156775,8.0
2025-12-23 09:30:00,-0.0013348665,-0.39458823437283325,0.789999982342124,10.749999759718776,0.02723903290225857,0.7573409083413433,0.7845799412436019,0.3886568403619271,0.006518641168156775,8.0
2025-12-23 09:40:00,-0.0013348665,-0.4389514815412197,0.789999982342124,10.749999759718776,0.02723903290225857,0.7573409083413433,0.7845799412436019,0.34429359319354064,0.006518641168156775,8.0
2025-12-23 09:50:00,-0.0013348665,-0.48100921724962625,0.789999982342124,10.749999759718776,0.02723903290225857,0.7573409083413433,0.7845799412436019,0.3022358574851341,0.006518641168156775,8.0
2025-12-23 10:00:00,-0.0013348665,-0.5204318779950137,0.789999982342124,10.749999759718776,0.02723903290225857,0.7573409083413433,0.7845799412436019,0.2628131967397467,0.006518641168156775,8.0
2025-12-23 10:10:00,-0.0013348665,-0.5569110282327691,0.789999982342124,10.749999759718776,0.02723903290225857,0.7573409083413433,0.7845799412436019,0.2263340465019913,0.006518641168156775,8.0
2025-12-23 10:20:00,-0.0013348665,-0.5901628771847649,0.789999982342124,10.749999759718776,0.02723903290225857,0.7573409083413433,0.7845799412436019,0.19308219754999545,0.006518641168156775,8.0
2025-12-23 10:30:00,-0.0013348665,-0.619931554083455,0.789999982342124,10.749999759718776,0.02723903290225857,0.7573409083413433,0.7845799412436019,0.16331352065130533,0.006518641168156775,8.0
2025-12-23 10:40:00,-0.0013348665,-0.64599208082278,0.789999982342124,10.749999759718776,0.02723903290225857,0.7573409083413433,0.7845799412436019,0.13725299391198031,0.006518641168156775,8.0
2025-12-23 10:50:00,-0.0013348665,-0.6681529726349887,0.789999982342124,10.749999759718776,0.02723903290225857,0.7573409083413433,0.7845799412436019,0.11509210209977161,0.006518641168156775,8.0
2025-12-23 11:00:00,-0.0013348665,-0.6862583927840643,0.789999982342124,10.749999759718776,0.02723903290225857,0.7573409083413433,0.7845799412436019,0.09698668195069604,0.006518641168156775,8.0
2025-12-23 11:10:00,-0.0013348665,-0.7001897880790044,0.789999982342124,10.749999759718776,0.02723903290225857,0.7573409083413433,0.7845799412436019,0.0830552866557559,0.006518641168156775,8.0
2025-12-23 11:20:00,-0.0013348665,-0.7098669398063437,0.789999982342124,10.749999759718776,0.02723903290225857,0.7573409083413433,0.7845799412436019,0.0733781349284166,0.006518641168156775,8.0
2025-12-23 11:30:00,-0.0013348665,-0.7152483795611956,0.789999982342124,10.749999759718776,0.02723903290225857,0.7573409083413433,0.7845799412436019,0.06799669517356477,0.006518641168156775,8.0
2025-12-23 11:40:00,-0.0013348665,-0.7163311414243981,0.789999982342124,10.749999759718776,0.02723903290225857,0.7573409083413433,0.7845799412436019,0.06691393331036222,0.006518641168156775,8.0
2025-12-23 11:50:00,-0.0013348665,-0.7131498491660537,0.789999982342124,10.749999759718776,0.02723903290225857,0.7573409083413433,0.7845799412436019,0.07009522556870662,0.006518641168156775,8.0
2025-12-23 12:00:00,-0.0013348665,-0.7057751679845146,0.7799999825656414,10.559999763965607,0.026587707598310282,0.7392317743244379,0.7658194819227482,0.0587094474293921,0.006518641168156775,8.0
2025-12-23 12:10:00,-0.0013348665,-0.6943116816641994,0.7799999825656414,10.559999763965607,0.026587707598310282,0.7392317743244379,0.7658194819227482,0.07017293374970723,0.006518641168156775,8.0
2025-12-23 12:20:00,-0.0013348665,-0.6788952851939699,0.7799999825656414,10.559999763965607,0.026587707598310282,0.7392317743244379,0.7658194819227482,0.08558933021993675,0.006518641168156775,8.0
2025-12-23 12:30:00,-0.0013348665,-0.6596902068169429,0.7799999825656414,10.559999763965607,0.026587707598310282,0.7392317743244379,0.7658194819227482,0.10479440859696376,0.006518641168156775,8.0
2025-12-23 12:40:00,-0.0013348665,-0.636885789665127,0.7799999825656414,10.559999763965607,0.026587707598310282,0.7392317743244379,0.7658194819227482,0.12759882574877968,0.006518641168156775,8.0
2025-12-23 12:50:00,-0.0013348665,-0.6106931697008413,0.7799999825656414,10.559999763965607,0.026587707598310282,0.7392317743244379,0.7658194819227482,0.15379144571306536,0.006518641168156775,8.0
2025-12-23 13:00:00,-0.0013348665,-0.5813419828086405,0.7799999825656414,10.559999763965607,0.026587707598310282,0.7392317743244379,0.7658194819227482,0.1831426326052662,0.006518641168156775,8.0
2025-12-23 13:10:00,-0.0013348665,-0.5490772195121604,0.7799999825656414,10.559999763965607,0.026587707598310282,0.7392317743244379,0.7658194819227482,0.2154073959017463,0.006518641168156775,8.0
2025-12-23 13:20:00,-0.0013348665,-0.5141563224293626,0.7799999825656414,10.559999763965607,0.026587707598310282,0.7392317743244379,0.7658194819227482,0.25032829298454407,0.006518641168156775,8.0
2025-12-23 13:30:00,-0.0013348665,-0.4768465910713161,0.7799999825656414,10.559999763965607,0.026587707598310282,0.7392317743244379,0.7658194819227482,0.28763802434259056,0.006518641168156775,8.0
2025-12-23 13:40:00,-0.0013348665,-0.4374229242138327,0.7799999825656414,10.559999763965607,0.026587707598310282,0.7392317743244379,0.7658194819227482,0.32706169120007395,0.006518641168156775,8.0
2025-12-23 13:50:00,-0.0013348665,-0.39616589502676447,0.7799999825656414,10.559999763965607,0.026587707598310282,0.7392317743244379,0.7658194819227482,0.3683187203871422,0.006518641168156775,8.0
2025-12-23 14:00:00,-0.0013348665,-0.35336012197101757,0.7799999825656414,10.559999763965607,0.026587707598310282,0.7392317743244379,0.7658194819227482,0.4111244934428891,0.006518641168156775,8.0
2025-12-23 14:10:00,-0.0013348665,-0.3092928725438422,0.7799999825656414,10.559999763965607,0.026587707598310282,0.7392317743244379,0.7658194819227482,0.4551917428700645,0.006518641168156775,8.0
2025-12-23 14:20:00,-0.0013348665,-0.26425281956758956,0.7799999825656414,10.559999763965607,0.026587707598310282,0.7392317743244379,0.7658194819227482,0.5002317958463172,0.006518641168156775,8.0
2025-12-23 14:30:00,-0.0013348665,-0.2185288629966635,0.7799999825656414,10.559999763965607,0.026587707598310282,0.7392317743244379,0.7658194819227482,0.5459557524172431,0.006518641168156775,8.0
2025-12-23 14:40:00,-0.0013348665,-0.17240893411447933,0.7799999825656414,10.559999763965607,0.026587707598310282,0.7392317743244379,0.7658194819227482,0.5920756812994273,0.006518641168156775,8.0
2025-12-23 14:50:00,-0.0013348665,-0.12617871360822236,0.7799999825656414,10.559999763965607,0.026587707598310282,0.7392317743244379,0.7658194819227482,0.6383059018056843,0.006518641168156775,8.0
2025-12-23 15:00:00,-0.0013348665,-0.08012021785701273,0.7699999827891588,10.279999770224094,0.025716280348728932,0.7150030321690357,0.7407193125177647,0.6592642281519104,0.006518641168156775,8.0
2025-12-23 15:10:00,-0.0013348665,-0.0345102367225737,0.7699999827891588,10.279999770224094,0.025716280348728932,0.7150030321690357,0.7407193125177647,0.7048742092863495,0.006518641168156775,8.0
2025-12-23 15:20:00,-0.0013348665,0.010381362507846053,0.7699999827891588,10.279999770224094,0.025716280348728932,0.7150030321690357,0.7407193125177647,0.7497658085167692,0.006518641168156775,8.0
2025-12-23 15:30:00,-0.0013348665,0.05429342023548481,0.7699999827891588,10.279999770224094,0.025716280348728932,0.7150030321690357,0.7407193125177647,0.793677866244408,0.006518641168156775,8.0
2025-12-23 15:40:00,-0.0013348665,0.09697528839005759,0.7699999827891588,10.279999770224094,0.025716280348728932,0.7150030321690357,0.7407193125177647,0.8363597343989808,0.006518641168156775,8.0
2025-12-23 15:50:00,-0.0013348665,0.13818856518567532,0.7699999827891588,10.279999770224094,0.025716280348728932,0.7150030321690357,0.7407193125177647,0.8775730111945985,0.006518641168156775,8.0
2025-12-23 16:00:00,-0.0013348665,0.17770866527918278,0.7699999827891588,10.279999770224094,0.025716280348728932,0.7150030321690357,0.7407193125177647,0.917093111288106,0.006518641168156775,8.0
2025-12-23 16:10:00,-0.0013348665,0.2153261337539291,0.7699999827891588,10.279999770224094,0.025716280348728932,0.7150030321690357,0.7407193125177647,0.9547105797628522,0.006518641168156775,8.0
2025-12-23 16:20:00,-0.0013348665,0.25084762703352304,0.7699999827891588,10.279999770224094,0.025716280348728932,0.7150030321690357,0.7407193125177647,0.9902320730424462,0.006518641168156775,8.0
2025-12-23 16:30:00,-0.0013348665,0.2840965088060945,0.7699999827891588,10.279999770224094,0.025716280348728932,0.7150030321690357,0.7407193125177647,1.0234809548150177,0.006518641168156775,8.0
2025-12-23 16:40:00,-0.0013348665,0.3149130411801245,0.7699999827891588,10.279999770224094,0.025716280348728932,0.7150030321690357,0.7407193125177647,1.0542974871890476,0.006518641168156775,8.0
2025-12-23 16:50:00,-0.0013348665,0.343154187786974,0.7699999827891588,10.279999770224094,0.025716280348728932,0.7150030321690357,0.7407193125177647,1.082538633795897,0.006518641168156775,8.0
2025-12-23 17:00:00,-0.0013348665,0.3686930824292037,0.7699999827891588,10.279999770224094,0.025716280348728932,0.7150030321690357,0.7407193125177647,1.1080775284381268,0.006518641168156775,8.0
2025-12-23 17:10:00,-0.0013348665,0.3914182501629781,0.7699999827891588,10.279999770224094,0.025716280348728932,0.7150030321690357,0.7407193125177647,1.1308026961719013,0.006518641168156775,8.0
2025-12-23 17:20:00,-0.0013348665,0.41123269397264106,0.7699999827891588,10.279999770224094,0.025716280348728932,0.7150030321690357,0.7407193125177647,1.1506171399815641,0.006518641168156775,8.0
2025-12-23 17:30:00,-0.0013348665,0.4280529762295887,0.7699999827891588,10.279999770224094,0.025716280348728932,0.7150030321690357,0.7407193125177647,1.1674374222385118,0.006518641168156775,8.0
2025-12-23 17:40:00,-0.0013348665,0.44180842826159605,0.7699999827891588,10.279999770224094,0.025716280348728932,0.7150030321690357,0.7407193125177647,1.1811928742705193,0.006518641168156775,8.0
2025-12-23 17:50:00,-0.0013348665,0.4524406125596045,0.7699999827891588,10.279999770224094,0.025716280348728932,0.7150030321690357,0.7407193125177647,1.1918250585685277,0.006518641168156775,8.0
2025-12-23 18:00:00,-0.0013348665,0.4599031411775791,0.7799999825656414,10.089999774470925,0.025404353188158216,0.7063303601262857,0.731734713314444,1.1903029879831815,0.006518641168156775,8.0
2025-12-23 18:10:00,-0.0013348665,0.464161922348573,0.7799999825656414,10.089999774470925,0.025404353188158216,0.7063303601262857,0.731734713314444,1.1945617691541754,0.006518641168156775,8.0
2025-12-23 18:20:00,-0.0013348665,0.46519586815585945,0.7799999825656414,10.089999774470925,0.025404353188158216,0.7063303601262857,0.731734713314444,1.195595714961462,0.006518641168156775,8.0
2025-12-23 18:30:00,-0.0013348665,0.4629980528201142,0.7799999825656414,10.089999774470925,0.025404353188158216,0.7063303601262857,0.731734713314444,1.1933978996257166,0.006518641168156775,8.0
2025-12-23 18:40:00,-0.0013348665,0.45757726777440094,0.7799999825656414,10.089999774470925,0.025404353188158216,0.7063303601262857,0.731734713314444,1.1879771145800033,0.006518641168156775,8.0
2025-12-23 18:50:00,-0.0013348665,0.44895988016470073,0.7799999825656414,10.089999774470925,0.025404353188158216,0.7063303601262857,0.731734713314444,1.1793597269703031,0.006518641168156775,8.0
2025-12-23 19:00:00,-0.0013348665,0.4371918693533451,0.7799999825656414,10.089999774470925,0.025404353188158216,0.7063303601262857,0.731734713314444,1.1675917161589475,0.006518641168156775,8.0
2025-12-23 19:10:00,-0.0013348665,0.4223408940880136,0.7799999825656414,10.089999774470925,0.025404353188158216,0.7063303601262857,0.731734713314444,1.1527407408936161,0.006518641168156775,8.0
2025-12-23 19:20:00,-0.0013348665,0.40449823321949785,0.7799999825656414,10.089999774470925,0.025404353188158216,0.7063303601262857,0.731734713314444,1.1348980800251003,0.006518641168156775,8.0
2025-12-23 19:30:00,-0.0013348665,0.3837804454959426,0.7799999825656414,10.089999774470925,0.025404353188158216,0.7063303601262857,0.731734713314444,1.114180292301545,0.006518641168156775,8.0
2025-12-23 19:40:00,-0.0013348665,0.3603306087559328,0.7799999825656414,10.089999774470925,0.025404353188158216,0.7063303601262857,0.731734713314444,1.0907304555615354,0.006518641168156775,8.0
2025-12-23 19:50:00,-0.0013348665,0.3343190237252874,0.7799999825656414,10.089999774470925,0.025404353188158216,0.7063303601262857,0.731734713314444,1.0647188705308899,0.006518641168156775,8.0
2025-12-23 20:00:00,-0.0013348665,0.30594330017289995,0.7799999825656414,10.089999774470925,0.025404353188158216,0.7063303601262857,0.731734713314444,1.0363431469785023,0.006518641168156775,8.0
2025-12-23 20:10:00,-0.0013348665,0.27542778014698477,0.7799999825656414,10.089999774470925,0.025404353188158216,0.7063303601262857,0.731734713314444,1.0058276269525872,0.006518641168156775,8.0
2025-12-23 20:20:00,-0.0013348665,0.24302229075623374,0.7799999825656414,10.089999774470925,0.025404353188158216,0.7063303601262857,0.731734713314444,0.9734221375618362,0.006518641168156775,8.0
2025-12-23 20:30:00,-0.0013348665,0.20900025451019263,0.7799999825656414,10.089999774470925,0.025404353188158216,0.7063303601262857,0.731734713314444,0.9394001013157951,0.006518641168156775,8.0
2025-12-23 20:40:00,-0.0013348665,0.1736562152202019,0.7799999825656414,10.089999774470925,0.025404353188158216,0.7063303601262857,0.731734713314444,0.9040560620258044,0.006518641168156775,8.0
2025-12-23 20:50:00,-0.0013348665,0.13730286044696352,0.7799999825656414,10.089999774470925,0.025404353188158216,0.7063303601262857,0.731734713314444,0.8677027072525659,0.006518641168156775,8.0
2025-12-23 21:00:00,-0.0013348665,0.10026763551413087,0.789999982342124,9.959999777376652,0.02523728071688329,0.7016851578678864,0.7269224385847697,0.825855207590059,0.006518641168156775,8.0
2025-12-23 21:10:00,-0.0013348665,0.0628890498988224,0.789999982342124,9.959999777376652,0.02523728071688329,0.7016851578678864,0.7269224385847697,0.7884766219747505,0.006518641168156775,8.0
2025-12-23 21:20:00,-0.0013348665,0.025512774380441843,0.789999982342124,9.959999777376652,0.02523728071688329,0.7016851578678864,0.7269224385847697,0.75110034645637,0.006518641168156775,8.0
2025-12-23 21:30:00,-0.0013348665,-0.011512381164054295,0.789999982342124,9.959999777376652,0.02523728071688329,0.7016851578678864,0.7269224385847697,0.7140751909118739,0.006518641168156775,8.0
2025-12-23 21:40:00,-0.0013348665,-0.04783853196546628,0.789999982342124,9.959999777376652,0.02523728071688329,0.7016851578678864,0.7269224385847697,0.6777490401104619,0.006518641168156775,8.0
2025-12-23 21:50:00,-0.0013348665,-0.08312276155651344,0.789999982342124,9.959999777376652,0.02523728071688329,0.7016851578678864,0.7269224385847697,0.6424648105194147,0.006518641168156775,8.0
2025-12-23 22:00:00,-0.0013348665,-0.11703109415848716,0.789999982342124,9.959999777376652,0.02523728071688329,0.7016851578678864,0.7269224385847697,0.608556477917441,0.006518641168156775,8.0
2025-12-23 22:10:00,-0.0013348665,-0.1492423573410572,0.789999982342124,9.959999777376652,0.02523728071688329,0.7016851578678864,0.7269224385847697,0.576345214734871,0.006518641168156775,8.0
2025-12-23 22:20:00,-0.0013348665,-0.1794519021317632,0.789999982342124,9.959999777376652,0.02523728071688329,0.7016851578678864,0.7269224385847697,0.546135669944165,0.006518641168156775,8.0
2025-12-23 22:30:00,-0.0013348665,-0.20737514956310532,0.789999982342124,9.959999777376652,0.02523728071688329,0.7016851578678864,0.7269224385847697,0.5182124225128228,0.006518641168156775,8.0
2025-12-23 22:40:00,-0.0013348665,-0.23275092927699864,0.789999982342124,9.959999777376652,0.02523728071688329,0.7016851578678864,0.7269224385847697,0.4928366427989295,0.006518641168156775,8.0
2025-12-23 22:50:00,-0.0013348665,-0.2553445692369303,0.789999982342124,9.959999777376652,0.02523728071688329,0.7016851578678864,0.7269224385847697,0.4702430028389979,0.006518641168156775,8.0
2025-12-23 23:00:00,-0.0013348665,-0.274950686751644,0.789999982342124,9.959999777376652,0.02523728071688329,0.7016851578678864,0.7269224385847697,0.45063688532428414,0.006518641168156775,8.0
2025-12-23 23:10:00,-0.0013348665,-0.29139562250721945,0.789999982342124,9.959999777376652,0.02523728071688329,0.7016851578678864,0.7269224385847697,0.4341919495687087,0.006518641168156775,8.0
2025-12-23 23:20:00,-0.0013348665,-0.304539453062855,0.789999982342124,9.959999777376652,0.02523728071688329,0.7016851578678864,0.7269224385847697,0.42104811901307315,0.006518641168156775,8.0
2025-12-23 23:30:00,-0.0013348665,-0.3142775154270854,0.789999982342124,9.959999777376652,0.02523728071688329,0.7016851578678864,0.7269224385847697,0.4113100566488428,0.006518641168156775,8.0
2025-12-23 23:40:00,-0.0013348665,-0.3205413816893612,0.789999982342124,9.959999777376652,0.02523728071688329,0.7016851578678864,0.7269224385847697,0.405046190386567,0.006518641168156775,8.0
2025-12-23 23:50:00,-0.0013348665,-0.32329923270978667,0.789999982342124,9.959999777376652,0.02523728071688329,0.7016851578678864,0.7269224385847697,0.4022883393661415,0.006518641168156775,8.0
2025-12-24 00:00:00,-0.005038707,-0.32255559815026297,0.8199999816715717,9.859999779611826,0.02545385205329965,0.7077066026537864,0.733160454707086,0.4055661495053969,0.006518641168156775,8.0
2025-12-24 00:10:00,-0.005038707,-0.318350454270647,0.8199999816715717,9.859999779611826,0.02545385205329965,0.7077066026537864,0.733160454707086,0.40977129338501284,0.006518641168156775,8.0
2025-12-24 00:20:00,-0.005038707,-0.31075769961438887,0.8199999816715717,9.859999779611826,0.02545385205329965,0.7077066026537864,0.733160454707086,0.417364048041271,0.006518641168156775,8.0
2025-12-24 00:30:00,-0.005038707,-0.2998830592680931,0.8199999816715717,9.859999779611826,0.02545385205329965,0.7077066026537864,0.733160454707086,0.42823868838756673,0.006518641168156775,8.0
2025-12-24 00:40:00,-0.005038707,-0.28586149812742323,0.8199999816715717,9.859999779611826,0.02545385205329965,0.7077066026537864,0.733160454707086,0.4422602495282366,0.006518641168156775,8.0
2025-12-24 00:50:00,-0.005038707,-0.26885424947004977,0.8199999816715717,9.859999779611826,0.02545385205329965,0.7077066026537864,0.733160454707086,0.4592674981856101,0.006518641168156775,8.0
2025-12-24 01:00:00,-0.005038707,-0.24904558446108727,0.8199999816715717,9.859999779611826,0.02545385205329965,0.7077066026537864,0.733160454707086,0.4790761631945726,0.006518641168156775,8.0
2025-12-24 01:10:00,-0.005038707,-0.22663945867345717,0.8199999816715717,9.859999779611826,0.02545385205329965,0.7077066026537864,0.733160454707086,0.5014822889822027,0.006518641168156775,8.0
2025-12-24 01:20:00,-0.005038707,-0.20185617209037002,0.8199999816715717,9.859999779611826,0.02545385205329965,0.7077066026537864,0.733160454707086,0.5262655755652899,0.006518641168156775,8.0
2025-12-24 01:30:00,-0.005038707,-0.17492916871595707,0.8199999816715717,9.859999779611826,0.02545385205329965,0.7077066026537864,0.733160454707086,0.5531925789397028,0.006518641168156775,8.0
2025-12-24 01:40:00,-0.005038707,-0.14610208188397994,0.8199999816715717,9.859999779611826,0.02545385205329965,0.7077066026537864,0.733160454707086,0.5820196657716799,0.006518641168156775,8.0
2025-12-24 01:50:00,-0.005038707,-0.11562610297821874,0.8199999816715717,9.859999779611826,0.02545385205329965,0.7077066026537864,0.733160454707086,0.6124956446774411,0.006518641168156775,8.0
2025-12-24 02:00:00,-0.005038707,-0.08375771757215061,0.8199999816715717,9.859999779611826,0.02545385205329965,0.7077066026537864,0.733160454707086,0.6443640300835092,0.006518641168156775,8.0
2025-12-24 02:10:00,-0.005038707,-0.05075681686202918,0.8199999816715717,9.859999779611826,0.02545385205329965,0.7077066026537864,0.733160454707086,0.6773649307936307,0.006518641168156775,8.0
2025-12-24 02:20:00,-0.005038707,-0.016885157411338194,0.8199999816715717,9.859999779611826,0.02545385205329965,0.7077066026537864,0.733160454707086,0.7112365902443216,0.006518641168156775,8.0
2025-12-24 02:30:00,-0.005038707,0.01759488780446629,0.8199999816715717,9.859999779611826,0.02545385205329965,0.7077066026537864,0.733160454707086,0.7457166354601261,0.006518641168156775,8.0
2025-12-24 02:40:00,-0.005038707,0.05242136672657492,0.8199999816715717,9.859999779611826,0.02545385205329965,0.7077066026537864,0.733160454707086,0.7805431143822348,0.006518641168156775,8.0
2025-12-24 02:50:00,-0.005038707,0.08733366596958592,0.8199999816715717,9.859999779611826,0.02545385205329965,0.7077066026537864,0.733160454707086,0.8154554136252458,0.006518641168156775,8.0
2025-12-24 03:00:00,-0.005038707,0.12207340287284431,0.8299999814480543,9.789999781176448,0.02542678274898521,0.7069539807970845,0.7323807635460697,0.8494154593674879,0.006518641168156775,8.0
2025-12-24 03:10:00,-0.005038707,0.15638537605741043,0.8299999814480543,9.789999781176448,0.02542678274898521,0.7069539807970845,0.7323807635460697,0.883727432552054,0.006518641168156775,8.0
2025-12-24 03:20:00,-0.005038707,0.19001863959898316,0.8299999814480543,9.789999781176448,0.02542678274898521,0.7069539807970845,0.7323807635460697,0.9173606960936267,0.006518641168156775,8.0
2025-12-24 03:30:00,-0.005038707,0.22272773895405762,0.8299999814480543,9.789999781176448,0.02542678274898521,0.7069539807970845,0.7323807635460697,0.9500697954487012,0.006518641168156775,8.0
2025-12-24 03:40:00,-0.005038707,0.25427411553743995,0.8299999814480543,9.789999781176448,0.02542678274898521,0.7069539807970845,0.7323807635460697,0.9816161720320835,0.006518641168156775,8.0
2025-12-24 03:50:00,-0.005038707,0.28442765457431796,0.8299999814480543,9.789999781176448,0.02542678274898521,0.7069539807970845,0.7323807635460697,1.0117697110689616,0.006518641168156775,8.0
2025-12-24 04:00:00,-0.005038707,0.31296832139871106,0.8299999814480543,9.789999781176448,0.02542678274898521,0.7069539807970845,0.7323807635460697,1.0403103778933547,0.006518641168156775,8.0
2025-12-24 04:10:00,-0.005038707,0.3396878083079345,0.8299999814480543,9.789999781176448,0.02542678274898521,0.7069539807970845,0.7323807635460697,1.067029864802578,0.006518641168156775,8.0
2025-12-24 04:20:00,-0.005038707,0.3643910997098111,0.8299999814480543,9.789999781176448,0.02542678274898521,0.7069539807970845,0.7323807635460697,1.0917331562044548,0.006518641168156775,8.0
2025-12-24 04:30:00,-0.005038707,0.3868978600521913,0.8299999814480543,9.789999781176448,0.02542678274898521,0.7069539807970845,0.7323807635460697,1.1142399165468349,0.006518641168156775,8.0
2025-12-24 04:40:00,-0.005038707,0.40704355691830385,0.8299999814480543,9.789999781176448,0.02542678274898521,0.7069539807970845,0.7323807635460697,1.1343856134129475,0.006518641168156775,8.0
2025-12-24 04:50:00,-0.005038707,0.42468025050932834,0.8299999814480543,9.789999781176448,0.02542678274898521,0.7069539807970845,0.7323807635460697,1.152022307003972,0.006518641168156775,8.0
2025-12-24 05:00:00,-0.005038707,0.439677008450047,0.8299999814480543,9.789999781176448,0.02542678274898521,0.7069539807970845,0.7323807635460697,1.1670190649446905,0.006518641168156775,8.0
2025-12-24 05:10:00,-0.005038707,0.4519199387419659,0.8299999814480543,9.789999781176448,0.02542678274898521,0.7069539807970845,0.7323807635460697,1.1792619952366095,0.006518641168156775,8.0
2025-12-24 05:20:00,-0.005038707,0.46131187018330616,0.8299999814480543,9.789999781176448,0.02542678274898521,0.7069539807970845,0.7323807635460697,1.1886539266779497,0.006518641168156775,8.0
2025-12-24 05:30:00,-0.005038707,0.4677717446548402,0.8299999814480543,9.789999781176448,0.02542678274898521,0.7069539807970845,0.7323807635460697,1.1951138011494837,0.006518641168156775,8.0
2025-12-24 05:40:00,-0.005038707,0.47123381585597673,0.8299999814480543,9.789999781176448,0.02542678274898521,0.7069539807970845,0.7323807635460697,1.1985758723506204,0.006518641168156775,8.0
2025-12-24 05:50:00,-0.005038707,0.47164677053476317,0.8299999814480543,9.789999781176448,0.02542678274898521,0.7069539807970845,0.7323807635460697,1.1989888270294067,0.006518641168156775,8.0
2025-12-24 06:00:00,-0.005038707,0.4689728990303078,0.8099999818950891,9.769999781623483,0.02506725318573049,0.6969577945525897,0.7220250477383201,1.1859592397172016,0.006518641168156775,8.0
2025-12-24 06:10:00,-0.005038707,0.46318744011817325,0.8099999818950891,9.769999781623483,0.02506725318573049,0.6969577945525897,0.7220250477383201,1.1801737808050672,0.006518641168156775,8.0
2025-12-24 06:20:00,-0.005038707,0.45427821098721183,0.8099999818950891,9.769999781623483,0.02506725318573049,0.6969577945525897,0.7220250477383201,1.1712645516741058,0.006518641168156775,8.0
2025-12-24 06:30:00,-0.005038707,0.44224560749721015,0.8099999818950891,9.769999781623483,0.02506725318573049,0.6969577945525897,0.7220250477383201,1.159231948184104,0.006518641168156775,8.0
2025-12-24 06:40:00,-0.005038707,0.42710302514473314,0.8099999818950891,9.769999781623483,0.02506725318573049,0.6969577945525897,0.7220250477383201,1.1440893658316271,0.006518641168156775,8.0
2025-12-24 06:50:00,-0.005038707,0.40887771048862304,0.8099999818950891,9.769999781623483,0.02506725318573049,0.6969577945525897,0.7220250477383201,1.125864051175517,0.006518641168156775,8.0
2025-12-24 07:00:00,-0.005038707,0.3876120100283735,0.8099999818950891,9.769999781623483,0.02506725318573049,0.6969577945525897,0.7220250477383201,1.1045983507152675,0.006518641168156775,8.0
2025-12-24 07:10:00,-0.005038707,0.3633649426134781,0.8099999818950891,9.769999781623483,0.02506725318573049,0.6969577945525897,0.7220250477383201,1.0803512833003721,0.006518641168156775,8.0
2025-12-24 07:20:00,-0.005038707,0.3362139862776,0.8099999818950891,9.769999781623483,0.02506725318573049,0.6969577945525897,0.7220250477383201,1.053200326964494,0.006518641168156775,8.0
2025-12-24 07:30:00,-0.005038707,0.3062569440067387,0.8099999818950891,9.769999781623483,0.02506725318573049,0.6969577945525897,0.7220250477383201,1.0232432846936326,0.006518641168156775,8.0
2025-12-24 07:40:00,-0.005038707,0.27361373784619447,0.8099999818950891,9.769999781623483,0.02506725318573049,0.6969577945525897,0.7220250477383201,0.9906000785330884,0.006518641168156775,8.0
2025-12-24 07:50:00,-0.005038707,0.2384279778989847,0.8099999818950891,9.769999781623483,0.02506725318573049,0.6969577945525897,0.7220250477383201,0.9554143185858787,0.006518641168156775,8.0
2025-12-24 08:00:00,-0.005038707,0.20086816237069674,0.8099999818950891,9.769999781623483,0.02506725318573049,0.6969577945525897,0.7220250477383201,0.9178545030575906,0.006518641168156775,8.0
2025-12-24 08:10:00,-0.005038707,0.16112838544742145,0.8099999818950891,9.769999781623483,0.02506725318573049,0.6969577945525897,0.7220250477383201,0.8781147261343154,0.006518641168156775,8.0
2025-12-24 08:20:00,-0.005038707,0.11942845940953901,0.8099999818950891,9.769999781623483,0.02506725318573049,0.6969577945525897,0.7220250477383201,0.836414800096433,0.006518641168156775,8.0
2025-12-24 08:30:00,-0.005038707,0.07601339295826694,0.8099999818950891,9.769999781623483,0.02506725318573049,0.6969577945525897,0.7220250477383201,0.7929997336451609,0.006518641168156775,8.0
2025-12-24 08:40:00,-0.005038707,0.0311522056689076,0.8099999818950891,9.769999781623483,0.02506725318573049,0.6969577945525897,0.7220250477383201,0.7481385463558016,0.006518641168156775,8.0
2025-12-24 08:50:00,-0.005038707,-0.014863904163638666,0.8099999818950891,9.769999781623483,0.02506725318573049,0.6969577945525897,0.7220250477383201,0.7021224365232552,0.006518641168156775,8.0
2025-12-24 09:00:00,-0.005038707,-0.06172398818230897,0.789999982342124,9.879999779164791,0.025034571634819966,0.6960491325034857,0.7210837041383056,0.6543210089045705,0.006518641168156775,8.0
2025-12-24 09:10:00,-0.005038707,-0.10910029629823395,0.789999982342124,9.879999779164791,0.025034571634819966,0.6960491325034857,0.7210837041383056,0.6069447007886455,0.006518641168156775,8.0
2025-12-24 09:20:00,-0.005038707,-0.15665164980483892,0.789999982342124,9.879999779164791,0.025034571634819966,0.6960491325034857,0.7210837041383056,0.5593933472820405,0.006518641168156775,8.0
2025-12-24 09:30:00,-0.005038707,-0.20402713491108931,0.789999982342124,9.879999779164791,0.025034571634819966,0.6960491325034857,0.7210837041383056,0.51201786217579,0.006518641168156775,8.0
2025-12-24 09:40:00,-0.005038707,-0.25087001166975037,0.789999982342124,9.879999779164791,0.025034571634819966,0.6960491325034857,0.7210837041383056,0.46517498541712904,0.006518641168156775,8.0
2025-12-24 09:50:00,-0.005038707,-0.29682173978072607,0.789999982342124,9.879999779164791,0.025034571634819966,0.6960491325034857,0.7210837041383056,0.41922325730615334,0.006518641168156775,8.0
2025-12-24 10:00:00,-0.005038707,-0.3415260346707893,0.789999982342124,9.879999779164791,0.025034571634819966,0.6960491325034857,0.7210837041383056,0.3745189624160901,0.006518641168156775,8.0
2025-12-24 10:10:00,-0.005038707,-0.38463288228119896,0.789999982342124,9.879999779164791,0.025034571634819966,0.6960491325034857,0.7210837041383056,0.33141211480568045,0.006518641168156775,8.0
2025-12-24 10:20:00,-0.005038707,-0.4258024561969882,0.789999982342124,9.879999779164791,0.025034571634819966,0.6960491325034857,0.7210837041383056,0.2902425408898912,0.006518641168156775,8.0
2025-12-24 10:30:00,-0.005038707,-0.46470889463447884,0.789999982342124,9.879999779164791,0.025034571634819966,0.6960491325034857,0.7210837041383056,0.25133610245240057,0.006518641168156775,8.0
2025-12-24 10:40:00,-0.005038707,-0.5010439045334775,0.789999982342124,9.879999779164791,0.025034571634819966,0.6960491325034857,0.7210837041383056,0.21500109255340194,0.006518641168156775,8.0
2025-12-24 10:50:00,-0.005038707,-0.5345201655381349,0.789999982342124,9.879999779164791,0.025034571634819966,0.6960491325034857,0.7210837041383056,0.18152483154874455,0.006518641168156775,8.0
2025-12-24 11:00:00,-0.005038707,-0.5648745068356524,0.789999982342124,9.879999779164791,0.025034571634819966,0.6960491325034857,0.7210837041383056,0.15117049025122697,0.006518641168156775,8.0
2025-12-24 11:10:00,-0.005038707,-0.5918708258868058,0.789999982342124,9.879999779164791,0.025034571634819966,0.6960491325034857,0.7210837041383056,0.12417417120007357,0.006518641168156775,8.0
2025-12-24 11:20:00,-0.005038707,-0.6153027109088799,0.789999982342124,9.879999779164791,0.025034571634819966,0.6960491325034857,0.7210837041383056,0.10074228617799952,0.006518641168156775,8.0
2025-12-24 11:30:00,-0.005038707,-0.6349957206900807,0.789999982342124,9.879999779164791,0.025034571634819966,0.6960491325034857,0.7210837041383056,0.08104927639679871,0.006518641168156775,8.0
2025-12-24 11:40:00,-0.005038707,-0.6508092680605959,0.789999982342124,9.879999779164791,0.025034571634819966,0.6960491325034857,0.7210837041383056,0.0652357290262835,0.006518641168156775,8.0
2025-12-24 11:50:00,-0.005038707,-0.6626380491375037,0.789999982342124,9.879999779164791,0.025034571634819966,0.6960491325034857,0.7210837041383056,0.05340694794937573,0.006518641168156775,8.0
2025-12-24 12:00:00,-0.005038707,-0.6704129615118041,0.789999982342124,10.229999771341681,0.025921423868846997,0.7207067434727388,0.7466281673415858,0.07117649877835552,0.006518641168156775,8.0
2025-12-24 12:10:00,-0.005038707,-0.6741014616714697,0.789999982342124,10.229999771341681,0.025921423868846997,0.7207067434727388,0.7466281673415858,0.06748799861868993,0.006518641168156775,8.0
2025-12-24 12:20:00,-0.005038707,-0.6737073261855011,0.789999982342124,10.229999771341681,0.025921423868846997,0.7207067434727388,0.7466281673415858,0.06788213410465849,0.006518641168156775,8.0
2025-12-24 12:30:00,-0.005038707,-0.6692698016672357,0.789999982342124,10.229999771341681,0.025921423868846997,0.7207067434727388,0.7466281673415858,0.07231965862292389,0.006518641168156775,8.0
2025-12-24 12:40:00,-0.005038707,-0.6608621543642349,0.789999982342124,10.229999771341681,0.025921423868846997,0.7207067434727388,0.7466281673415858,0.0807273059259247,0.006518641168156775,8.0
2025-12-24 12:50:00,-0.005038707,-0.6485896591046074,0.789999982342124,10.229999771341681,0.025921423868846997,0.7207067434727388,0.7466281673415858,0.09299980118555218,0.006518641168156775,8.0
2025-12-24 13:00:00,-0.005038707,-0.6325870967820767,0.789999982342124,10.229999771341681,0.025921423868846997,0.7207067434727388,0.7466281673415858,0.1090023635080829,0.006518641168156775,8.0
2025-12-24 13:10:00,-0.005038707,-0.6130158565901517,0.789999982342124,10.229999771341681,0.025921423868846997,0.7207067434727388,0.7466281673415858,0.12857360370000792,0.006518641168156775,8.0
2025-12-24 13:20:00,-0.005038707,-0.5900607609962701,0.789999982342124,10.229999771341681,0.025921423868846997,0.7207067434727388,0.7466281673415858,0.15152869929388946,0.006518641168156775,8.0
2025-12-24 13:30:00,-0.005038707,-0.5639267454440814,0.789999982342124,10.229999771341681,0.025921423868846997,0.7207067434727388,0.7466281673415858,0.1776627148460782,0.006518641168156775,8.0
2025-12-24 13:40:00,-0.005038707,-0.5348355292393447,0.789999982342124,10.229999771341681,0.025921423868846997,0.7207067434727388,0.7466281673415858,0.20675393105081485,0.006518641168156775,8.0
2025-12-24 13:50:00,-0.005038707,-0.5030224080329491,0.789999982342124,10.229999771341681,0.025921423868846997,0.7207067434727388,0.7466281673415858,0.23856705225721053,0.006518641168156775,8.0
2025-12-24 14:00:00,-0.005038707,-0.46873328203019077,0.789999982342124,10.229999771341681,0.025921423868846997,0.7207067434727388,0.7466281673415858,0.27285617825996883,0.006518641168156775,8.0
2025-12-24 14:10:00,-0.005038707,-0.43222200864941146,0.789999982342124,10.229999771341681,0.025921423868846997,0.7207067434727388,0.7466281673415858,0.30936745164074814,0.006518641168156775,8.0
2025-12-24 14:20:00,-0.005038707,-0.39374813614786575,0.789999982342124,10.229999771341681,0.025921423868846997,0.7207067434727388,0.7466281673415858,0.34784132414229385,0.006518641168156775,8.0
2025-12-24 14:30:00,-0.005038707,-0.35357503864147993,0.789999982342124,10.229999771341681,0.025921423868846997,0.7207067434727388,0.7466281673415858,0.38801442164867966,0.006518641168156775,8.0
2025-12-24 14:40:00,-0.005038707,-0.3119684363980098,0.789999982342124,10.229999771341681,0.025921423868846997,0.7207067434727388,0.7466281673415858,0.4296210238921498,0.006518641168156775,8.0
2025-12-24 14:50:00,-0.005038707,-0.26919525193767047,0.789999982342124,10.229999771341681,0.025921423868846997,0.7207067434727388,0.7466281673415858,0.47239420835248913,0.006518641168156775,8.0
2025-12-24 15:00:00,-0.005038707,-0.22552272542474763,0.789999982342124,10.619999762624502,0.026909630643905676,0.7481823671241921,0.7750919977680978,0.544530565291924,0.006518641168156775,8.0
2025-12-24 15:10:00,-0.005038707,-0.18121769495906326,0.789999982342124,10.619999762624502,0.026909630643905676,0.7481823671241921,0.7750919977680978,0.5888355957576084,0.006518641168156775,8.0
2025-12-24 15:20:00,-0.005038707,-0.1365459401447991,0.789999982342124,10.619999762624502,0.026909630643905676,0.7481823671241921,0.7750919977680978,0.6335073505718725,0.006518641168156775,8.0
2025-12-24 15:30:00,-0.005038707,-0.09177149157864706,0.789999982342124,10.619999762624502,0.026909630643905676,0.7481823671241921,0.7750919977680978,0.6782817991380246,0.006518641168156775,8.0
2025-12-24 15:40:00,-0.005038707,-0.04715582387338869,0.789999982342124,10.619999762624502,0.026909630643905676,0.7481823671241921,0.7750919977680978,0.7228974668432829,0.006518641168156775,8.0
2025-12-24 15:50:00,-0.005038707,-0.0029568738805785884,0.789999982342124,10.619999762624502,0.026909630643905676,0.7481823671241921,0.7750919977680978,0.767096416836093,0.006518641168156775,8.0
2025-12-24 16:00:00,-0.005038707,0.040572143824676346,0.789999982342124,10.619999762624502,0.026909630643905676,0.7481823671241921,0.7750919977680978,0.810625434541348,0.006518641168156775,8.0
2025-12-24 16:10:00,-0.005038707,0.08318411888284992,0.789999982342124,10.619999762624502,0.026909630643905676,0.7481823671241921,0.7750919977680978,0.8532374095995215,0.006518641168156775,8.0
2025-12-24 16:20:00,-0.005038707,0.12463958658883297,0.789999982342124,10.619999762624502,0.026909630643905676,0.7481823671241921,0.7750919977680978,0.8946928773055046,0.006518641168156775,8.0
2025-12-24 16:30:00,-0.005038707,0.164708362998963,0.789999982342124,10.619999762624502,0.026909630643905676,0.7481823671241921,0.7750919977680978,0.9347616537156346,0.006518641168156775,8.0
2025-12-24 16:40:00,-0.005038707,0.20317118728519185,0.789999982342124,10.619999762624502,0.026909630643905676,0.7481823671241921,0.7750919977680978,0.9732244780018635,0.006518641168156775,8.0
2025-12-24 16:50:00,-0.005038707,0.23982127466615713,0.789999982342124,10.619999762624502,0.026909630643905676,0.7481823671241921,0.7750919977680978,1.0098745653828287,0.006518641168156775,8.0
2025-12-24 17:00:00,-0.005038707,0.2744656840106162,0.789999982342124,10.619999762624502,0.026909630643905676,0.7481823671241921,0.7750919977680978,1.0445189747272878,0.006518641168156775,8.0
2025-12-24 17:10:00,-0.005038707,0.3069264165467541,0.789999982342124,10.619999762624502,0.026909630643905676,0.7481823671241921,0.7750919977680978,1.0769797072634257,0.006518641168156775,8.0
2025-12-24 17:20:00,-0.005038707,0.3370411844893568,0.789999982342124,10.619999762624502,0.026909630643905676,0.7481823671241921,0.7750919977680978,1.1070944752060283,0.006518641168156775,8.0
2025-12-24 17:30:00,-0.005038707,0.36466381871068165,0.789999982342124,10.619999762624502,0.026909630643905676,0.7481823671241921,0.7750919977680978,1.1347171094273532,0.006518641168156775,8.0
2025-12-24 17:40:00,-0.005038707,0.389664319597521,0.789999982342124,10.619999762624502,0.026909630643905676,0.7481823671241921,0.7750919977680978,1.1597176103141926,0.006518641168156775,8.0
2025-12-24 17:50:00,-0.005038707,0.4119285911253339,0.789999982342124,10.619999762624502,0.026909630643905676,0.7481823671241921,0.7750919977680978,1.1819818818420056,0.006518641168156775,8.0
2025-12-24 18:00:00,-0.005038707,0.4313579312096141,0.789999982342124,10.789999758824706,0.027340387443290228,0.7601589210235437,0.7874993084668339,1.2138185326250217,0.006518641168156775,8.0
2025-12-24 18:10:00,-0.005038707,0.4478683777536558,0.789999982342124,10.789999758824706,0.027340387443290228,0.7601589210235437,0.7874993084668339,1.2303289791690635,0.006518641168156775,8.0
2025-12-24 18:20:00,-0.005038707,0.4613900266995424,0.789999982342124,10.789999758824706,0.027340387443290228,0.7601589210235437,0.7874993084668339,1.2438506281149502,0.006518641168156775,8.0
2025-12-24 18:30:00,-0.005038707,0.4718664435930736,0.789999982342124,10.789999758824706,0.027340387443290228,0.7601589210235437,0.7874993084668339,1.2543270450084814,0.006518641168156775,8.0
2025-12-24 18:40:00,-0.005038707,0.47925428307202356,0.789999982342124,10.789999758824706,0.027340387443290228,0.7601589210235437,0.7874993084668339,1.2617148844874313,0.006518641168156775,8.0
2025-12-24 18:50:00,-0.005038707,0.4835232115257675,0.789999982342124,10.789999758824706,0.027340387443290228,0.7601589210235437,0.7874993084668339,1.2659838129411751,0.006518641168156775,8.0
2025-12-24 19:00:00,-0.005038707,0.4846561987720031,0.789999982342124,10.789999758824706,0.027340387443290228,0.7601589210235437,0.7874993084668339,1.267116800187411,0.006518641168156775,8.0
2025-12-24 19:10:00,-0.005038707,0.48265020760000854,0.789999982342124,10.789999758824706,0.027340387443290228,0.7601589210235437,0.7874993084668339,1.2651108090154164,0.006518641168156775,8.0
2025-12-24 19:20:00,-0.005038707,0.47751726897393737,0.789999982342124,10.789999758824706,0.027340387443290228,0.7601589210235437,0.7874993084668339,1.2599778703893452,0.006518641168156775,8.0
2025-12-24 19:30:00,-0.005038707,0.46928588946661465,0.789999982342124,10.789999758824706,0.027340387443290228,0.7601589210235437,0.7874993084668339,1.2517464908820224,0.006518641168156775,8.0
2025-12-24 19:40:00,-0.005038707,0.4580027000470131,0.789999982342124,10.789999758824706,0.027340387443290228,0.7601589210235437,0.7874993084668339,1.240463301462421,0.006518641168156775,8.0
2025-12-24 19:50:00,-0.005038707,0.4437342251399963,0.789999982342124,10.789999758824706,0.027340387443290228,0.7601589210235437,0.7874993084668339,1.2261948265554041,0.006518641168156775,8.0
2025-12-24 20:00:00,-0.005038707,0.426568630770196,0.789999982342124,10.789999758824706,0.027340387443290228,0.7601589210235437,0.7874993084668339,1.2090292321856038,0.006518641168156775,8.0
2025-12-24 20:10:00,-0.005038707,0.4066173022461784,0.789999982342124,10.789999758824706,0.027340387443290228,0.7601589210235437,0.7874993084668339,1.1890779036615862,0.006518641168156775,8.0
2025-12-24 20:20:00,-0.005038707,0.3840161059165944,0.789999982342124,10.789999758824706,0.027340387443290228,0.7601589210235437,0.7874993084668339,1.1664767073320021,0.006518641168156775,8.0
2025-12-24 20:30:00,-0.005038707,0.35892620535536635,0.789999982342124,10.789999758824706,0.027340387443290228,0.7601589210235437,0.7874993084668339,1.141386806770774,0.006518641168156775,8.0
2025-12-24 20:40:00,-0.005038707,0.3315343281475164,0.789999982342124,10.789999758824706,0.027340387443290228,0.7601589210235437,0.7874993084668339,1.1139949295629241,0.006518641168156775,8.0
2025-12-24 20:50:00,-0.005038707,0.30205241269301714,0.789999982342124,10.789999758824706,0.027340387443290228,0.7601589210235437,0.7874993084668339,1.084513014108425,0.006518641168156775,8.0
2025-12-24 21:00:00,-0.005038707,0.2707166018255581,0.789999982342124,10.859999757260084,0.027517757890095633,0.7650904432173943,0.7926082011074899,1.0582860958816218,0.006518641168156775,8.0
2025-12-24 21:10:00,-0.005038707,0.2377855880457344,0.789999982342124,10.859999757260084,0.027517757890095633,0.7650904432173943,0.7926082011074899,1.025355082101798,0.006518641168156775,8.0
2025-12-24 21:20:00,-0.005038707,0.20353835055130254,0.789999982342124,10.859999757260084,0.027517757890095633,0.7650904432173943,0.7926082011074899,0.9911078446073662,0.006518641168156775,8.0
2025-12-24 21:30:00,-0.005038707,0.16827135404530144,0.789999982342124,10.859999757260084,0.027517757890095633,0.7650904432173943,0.7926082011074899,0.9558408481013652,0.006518641168156775,8.0
2025-12-24 21:40:00,-0.005038707,0.13229530136565537,0.789999982342124,10.859999757260084,0.027517757890095633,0.7650904432173943,0.7926082011074899,0.9198647954217191,0.006518641168156775,8.0
2025-12-24 21:50:00,-0.005038707,0.09593154526117531,0.789999982342124,10.859999757260084,0.027517757890095633,0.7650904432173943,0.7926082011074899,0.883501039317239,0.006518641168156775,8.0
2025-12-24 22:00:00,-0.005038707,0.059508268862084955,0.789999982342124,10.859999757260084,0.027517757890095633,0.7650904432173943,0.7926082011074899,0.8470777629181486,0.006518641168156775,8.0
2025-12-24 22:10:00,-0.005038707,0.02335654035247007,0.789999982342124,10.859999757260084,0.027517757890095633,0.7650904432173943,0.7926082011074899,0.8109260344085337,0.006518641168156775,8.0
2025-12-24 22:20:00,-0.005038707,-0.012193663107035894,0.789999982342124,10.859999757260084,0.027517757890095633,0.7650904432173943,0.7926082011074899,0.7753758309490278,0.006518641168156775,8.0
2025-12-24 22:30:00,-0.005038707,-0.04681738212796142,0.789999982342124,10.859999757260084,0.027517757890095633,0.7650904432173943,0.7926082011074899,0.7407521119281023,0.006518641168156775,8.0
2025-12-24 22:40:00,-0.005038707,-0.0801984890274764,0.789999982342124,10.859999757260084,0.027517757890095633,0.7650904432173943,0.7926082011074899,0.7073710050285873,0.006518641168156775,8.0
2025-12-24 22:50:00,-0.005038707,-0.11203334159964717,0.789999982342124,10.859999757260084,0.027517757890095633,0.7650904432173943,0.7926082011074899,0.6755361524564165,0.006518641168156775,8.0
2025-12-24 23:00:00,-0.005038707,-0.14203424252182933,0.789999982342124,10.859999757260084,0.027517757890095633,0.7650904432173943,0.7926082011074899,0.6455352515342343,0.006518641168156775,8.0
2025-12-24 23:10:00,-0.005038707,-0.1699326792473346,0.789999982342124,10.859999757260084,0.027517757890095633,0.7650904432173943,0.7926082011074899,0.6176368148087291,0.006518641168156775,8.0
2025-12-24 23:20:00,-0.005038707,-0.19548232307677843,0.789999982342124,10.859999757260084,0.027517757890095633,0.7650904432173943,0.7926082011074899,0.5920871709792852,0.006518641168156775,8.0
2025-12-24 23:30:00,-0.005038707,-0.21846176509587714,0.789999982342124,10.859999757260084,0.027517757890095633,0.7650904432173943,0.7926082011074899,0.5691077289601866,0.006518641168156775,8.0
2025-12-24 23:40:00,-0.005038707,-0.23867696166987884,0.789999982342124,10.859999757260084,0.027517757890095633,0.7650904432173943,0.7926082011074899,0.5488925323861849,0.006518641168156775,8.0
2025-12-24 23:50:00,-0.005038707,-0.2559633547053951,0.789999982342124,10.859999757260084,0.027517757890095633,0.7650904432173943,0.7926082011074899,0.5316061393506686,0.006518641168156775,8.0
2025-12-25 00:00:00,-0.008175787,-0.27018762412730757,0.8099999818950891,10.849999757483602,0.027838249443723213,0.7740012355062025,0.8018394849499257,0.5234760742380025,0.006518641168156775,8.0
2025-12-25 00:10:00,-0.008175787,-0.2812490240442643,0.8099999818950891,10.849999757483602,0.027838249443723213,0.7740012355062025,0.8018394849499257,0.5124146743210458,0.006518641168156775,8.0
2025-12-25 00:20:00,-0.008175787,-0.2890802520803809,0.8099999818950891,10.849999757483602,0.027838249443723213,0.7740012355062025,0.8018394849499257,0.5045834462849291,0.006518641168156775,8.0
2025-12-25 00:30:00,-0.008175787,-0.29364780481187125,0.8099999818950891,10.849999757483602,0.027838249443723213,0.7740012355062025,0.8018394849499257,0.5000158935534388,0.006518641168156775,8.0
2025-12-25 00:40:00,-0.008175787,-0.29495178229563146,0.8099999818950891,10.849999757483602,0.027838249443723213,0.7740012355062025,0.8018394849499257,0.4987119160696786,0.006518641168156775,8.0
2025-12-25 00:50:00,-0.008175787,-0.2930251212387027,0.8099999818950891,10.849999757483602,0.027838249443723213,0.7740012355062025,0.8018394849499257,0.5006385771266073,0.006518641168156775,8.0
2025-12-25 01:00:00,-0.008175787,-0.2879322587803406,0.8099999818950891,10.849999757483602,0.027838249443723213,0.7740012355062025,0.8018394849499257,0.5057314395849695,0.006518641168156775,8.0
2025-12-25 01:10:00,-0.008175787,-0.27976725542873754,0.8099999818950891,10.849999757483602,0.027838249443723213,0.7740012355062025,0.8018394849499257,0.5138964429365724,0.006518641168156775,8.0
2025-12-25 01:20:00,-0.008175787,-0.2686514341004779,0.8099999818950891,10.849999757483602,0.027838249443723213,0.7740012355062025,0.8018394849499257,0.525012264264832,0.006518641168156775,8.0
2025-12-25 01:30:00,-0.008175787,-0.25473061969363975,0.8099999818950891,10.849999757483602,0.027838249443723213,0.7740012355062025,0.8018394849499257,0.5389330786716703,0.006518641168156775,8.0
2025-12-25 01:40:00,-0.008175787,-0.23817208726637412,0.8099999818950891,10.849999757483602,0.027838249443723213,0.7740012355062025,0.8018394849499257,0.5554916110989359,0.006518641168156775,8.0
2025-12-25 01:50:00,-0.008175787,-0.21916134401430284,0.8099999818950891,10.849999757483602,0.027838249443723213,0.7740012355062025,0.8018394849499257,0.5745023543510072,0.006518641168156775,8.0
2025-12-25 02:00:00,-0.008175787,-0.19789887865742703,0.8099999818950891,10.849999757483602,0.027838249443723213,0.7740012355062025,0.8018394849499257,0.595764819707883,0.006518641168156775,8.0
2025-12-25 02:10:00,-0.008175787,-0.17459701020406945,0.8099999818950891,10.849999757483602,0.027838249443723213,0.7740012355062025,0.8018394849499257,0.6190666881612406,0.006518641168156775,8.0
2025-12-25 02:20:00,-0.008175787,-0.14947695600703892,0.8099999818950891,10.849999757483602,0.027838249443723213,0.7740012355062025,0.8018394849499257,0.6441867423582711,0.006518641168156775,8.0
2025-12-25 02:30:00,-0.008175787,-0.12276621723605972,0.8099999818950891,10.849999757483602,0.027838249443723213,0.7740012355062025,0.8018394849499257,0.6708974811292503,0.006518641168156775,8.0
2025-12-25 02:40:00,-0.008175787,-0.09469635013576733,0.8099999818950891,10.849999757483602,0.027838249443723213,0.7740012355062025,0.8018394849499257,0.6989673482295427,0.006518641168156775,8.0
2025-12-25 02:50:00,-0.008175787,-0.06550115636598043,0.8099999818950891,10.849999757483602,0.027838249443723213,0.7740012355062025,0.8018394849499257,0.7281625419993296,0.006518641168156775,8.0
2025-12-25 03:00:00,-0.008175787,-0.03541528851782322,0.8199999816715717,10.789999758824706,0.027854671770294444,0.7744578339385756,0.80231250570887,0.7587214306064312,0.006518641168156775,8.0
2025-12-25 03:10:00,-0.008175787,-0.004673231227772395,0.8199999816715717,10.789999758824706,0.027854671770294444,0.7744578339385756,0.80231250570887,0.7894634878964819,0.006518641168156775,8.0
2025-12-25 03:20:00,-0.008175787,0.026491412442492486,0.8199999816715717,10.789999758824706,0.027854671770294444,0.7744578339385756,0.80231250570887,0.8206281315667469,0.006518641168156775,8.0
2025-12-25 03:30:00,-0.008175787,0.05784642249236363,0.8199999816715717,10.789999758824706,0.027854671770294444,0.7744578339385756,0.80231250570887,0.8519831416166179,0.006518641168156775,8.0
2025-12-25 03:40:00,-0.008175787,0.08916135706571543,0.8199999816715717,10.789999758824706,0.027854671770294444,0.7744578339385756,0.80231250570887,0.8832980761899698,0.006518641168156775,8.0
2025-12-25 03:50:00,-0.008175787,0.1202079480530348,0.8199999816715717,10.789999758824706,0.027854671770294444,0.7744578339385756,0.80231250570887,0.9143446671772891,0.006518641168156775,8.0
2025-12-25 04:00:00,-0.008175787,0.15076059391586497,0.8199999816715717,10.789999758824706,0.027854671770294444,0.7744578339385756,0.80231250570887,0.9448973130401193,0.006518641168156775,8.0
2025-12-25 04:10:00,-0.008175787,0.18059702605197156,0.8199999816715717,10.789999758824706,0.027854671770294444,0.7744578339385756,0.80231250570887,0.9747337451762259,0.006518641168156775,8.0
2025-12-25 04:20:00,-0.008175787,0.2094991965302502,0.8199999816715717,10.789999758824706,0.027854671770294444,0.7744578339385756,0.80231250570887,1.0036359156545045,0.006518641168156775,8.0
2025-12-25 04:30:00,-0.008175787,0.2372544018306459,0.8199999816715717,10.789999758824706,0.027854671770294444,0.7744578339385756,0.80231250570887,1.0313911209549003,0.006518641168156775,8.0
2025-12-25 04:40:00,-0.008175787,0.2636566226865879,0.8199999816715717,10.789999758824706,0.027854671770294444,0.7744578339385756,0.80231250570887,1.0577933418108423,0.006518641168156775,8.0
2025-12-25 04:50:00,-0.008175787,0.28850802819414073,0.8199999816715717,10.789999758824706,0.027854671770294444,0.7744578339385756,0.80231250570887,1.082644747318395,0.006518641168156775,8.0
2025-12-25 05:00:00,-0.008175787,0.3116205664890924,0.8199999816715717,10.789999758824706,0.027854671770294444,0.7744578339385756,0.80231250570887,1.1057572856133469,0.006518641168156775,8.0
2025-12-25 05:10:00,-0.008175787,0.33281754740171593,0.8199999816715717,10.789999758824706,0.027854671770294444,0.7744578339385756,0.80231250570887,1.1269542665259702,0.006518641168156775,8.0
2025-12-25 05:20:00,-0.008175787,0.35193511630870555,0.8199999816715717,10.789999758824706,0.027854671770294444,0.7744578339385756,0.80231250570887,1.1460718354329598,0.006518641168156775,8.0
2025-12-25 05:30:00,-0.008175787,0.3688235240413325,0.8199999816715717,10.789999758824706,0.027854671770294444,0.7744578339385756,0.80231250570887,1.1629602431655868,0.006518641168156775,8.0
2025-12-25 05:40:00,-0.008175787,0.3833481142155187,0.8199999816715717,10.789999758824706,0.027854671770294444,0.7744578339385756,0.80231250570887,1.177484833339773,0.006518641168156775,8.0
2025-12-25 05:50:00,-0.008175787,0.3953899753289632,0.8199999816715717,10.789999758824706,0.027854671770294444,0.7744578339385756,0.80231250570887,1.1895266944532175,0.006518641168156775,8.0
2025-12-25 06:00:00,-0.008175787,0.4048462375780504,0.8099999818950891,10.68999976105988,0.027427731479576143,0.7625873924019635,0.7900151238815396,1.1866855748749743,0.006518641168156775,8.0
2025-12-25 06:10:00,-0.008175787,0.41163003002153736,0.8099999818950891,10.68999976105988,0.027427731479576143,0.7625873924019635,0.7900151238815396,1.1934693673184613,0.006518641168156775,8.0
2025-12-25 06:20:00,-0.008175787,0.4156701487103622,0.8099999818950891,10.68999976105988,0.027427731479576143,0.7625873924019635,0.7900151238815396,1.1975094860072861,0.006518641168156775,8.0
2025-12-25 06:30:00,-0.008175787,0.41691051684691927,0.8099999818950891,10.68999976105988,0.027427731479576143,0.7625873924019635,0.7900151238815396,1.198749854143843,0.006518641168156775,8.0
2025-12-25 06:40:00,-0.008175787,0.4153095405457557,0.8099999818950891,10.68999976105988,0.027427731479576143,0.7625873924019635,0.7900151238815396,1.1971488778426795,0.006518641168156775,8.0
2025-12-25 06:50:00,-0.008175787,0.4108394757872816,0.8099999818950891,10.68999976105988,0.027427731479576143,0.7625873924019635,0.7900151238815396,1.1926788130842054,0.006518641168156775,8.0
2025-12-25 07:00:00,-0.008175787,0.40348592220972396,0.8099999818950891,10.68999976105988,0.027427731479576143,0.7625873924019635,0.7900151238815396,1.185325259506648,0.006518641168156775,8.0
2025-12-25 07:10:00,-0.008175787,0.3932475472184554,0.8099999818950891,10.68999976105988,0.027427731479576143,0.7625873924019635,0.7900151238815396,1.1750868845153792,0.006518641168156775,8.0
2025-12-25 07:20:00,-0.008175787,0.38013612049208634,0.8099999818950891,10.68999976105988,0.027427731479576143,0.7625873924019635,0.7900151238815396,1.1619754577890102,0.006518641168156775,8.0
2025-12-25 07:30:00,-0.008175787,0.36417690656566665,0.8099999818950891,10.68999976105988,0.027427731479576143,0.7625873924019635,0.7900151238815396,1.1460162438625905,0.006518641168156775,8.0
2025-12-25 07:40:00,-0.008175787,0.3454094248214028,0.8099999818950891,10.68999976105988,0.027427731479576143,0.7625873924019635,0.7900151238815396,1.1272487621183267,0.006518641168156775,8.0
2025-12-25 07:50:00,-0.008175787,0.32388854567332886,0.8099999818950891,10.68999976105988,0.027427731479576143,0.7625873924019635,0.7900151238815396,1.1057278829702528,0.006518641168156775,8.0
2025-12-25 08:00:00,-0.008175787,0.2996858528918969,0.8099999818950891,10.68999976105988,0.027427731479576143,0.7625873924019635,0.7900151238815396,1.0815251901888208,0.006518641168156775,8.0
2025-12-25 08:10:00,-0.008175787,0.2728911686442571,0.8099999818950891,10.68999976105988,0.027427731479576143,0.7625873924019635,0.7900151238815396,1.0547305059411811,0.006518641168156775,8.0
2025-12-25 08:20:00,-0.008175787,0.24361411307592462,0.8099999818950891,10.68999976105988,0.027427731479576143,0.7625873924019635,0.7900151238815396,1.0254534503728485,0.006518641168156775,8.0
2025-12-25 08:30:00,-0.008175787,0.21198555645017117,0.8099999818950891,10.68999976105988,0.027427731479576143,0.7625873924019635,0.7900151238815396,0.993824893747095,0.006518641168156775,8.0
2025-12-25 08:40:00,-0.008175787,0.17815882010877182,0.8099999818950891,10.68999976105988,0.027427731479576143,0.7625873924019635,0.7900151238815396,0.9599981574056957,0.006518641168156775,8.0
2025-12-25 08:50:00,-0.008175787,0.14231049291206374,0.8099999818950891,10.68999976105988,0.027427731479576143,0.7625873924019635,0.7900151238815396,0.9241498302089877,0.006518641168156775,8.0
2025-12-25 09:00:00,-0.008175787,0.10464075101841093,0.789999982342124,10.549999764189124,0.02673226019710027,0.7432508449303415,0.7699831051274418,0.8664480695612371,0.006518641168156775,8.0
2025-12-25 09:10:00,-0.008175787,0.0653730987994328,0.789999982342124,10.549999764189124,0.02673226019710027,0.7432508449303415,0.7699831051274418,0.8271804173422589,0.006518641168156775,8.0
2025-12-25 09:20:00,-0.008175787,0.024753484320162906,0.789999982342124,10.549999764189124,0.02673226019710027,0.7432508449303415,0.7699831051274418,0.786560802862989,0.006518641168156775,8.0
2025-12-25 09:30:00,-0.008175787,-0.01695121932199916,0.789999982342124,10.549999764189124,0.02673226019710027,0.7432508449303415,0.7699831051274418,0.744856099220827,0.006518641168156775,8.0
2025-12-25 09:40:00,-0.008175787,-0.05945533866785541,0.789999982342124,10.549999764189124,0.02673226019710027,0.7432508449303415,0.7699831051274418,0.7023519798749707,0.006518641168156775,8.0
2025-12-25 09:50:00,-0.008175787,-0.1024570700868469,0.789999982342124,10.549999764189124,0.02673226019710027,0.7432508449303415,0.7699831051274418,0.6593502484559792,0.006518641168156775,8.0
2025-12-25 10:00:00,-0.008175787,-0.14564160930733516,0.789999982342124,10.549999764189124,0.02673226019710027,0.7432508449303415,0.7699831051274418,0.616165709235491,0.006518641168156775,8.0
2025-12-25 10:10:00,-0.008175787,-0.18868463711952302,0.789999982342124,10.549999764189124,0.02673226019710027,0.7432508449303415,0.7699831051274418,0.5731226814233031,0.006518641168156775,8.0
2025-12-25 10:20:00,-0.008175787,-0.23125605008825934,0.789999982342124,10.549999764189124,0.02673226019710027,0.7432508449303415,0.7699831051274418,0.5305512684545668,0.006518641168156775,8.0
2025-12-25 10:30:00,-0.008175787,-0.27302382614583537,0.789999982342124,10.549999764189124,0.02673226019710027,0.7432508449303415,0.7699831051274418,0.48878349239699076,0.006518641168156775,8.0
2025-12-25 10:40:00,-0.008175787,-0.3136579233844532,0.789999982342124,10.549999764189124,0.02673226019710027,0.7432508449303415,0.7699831051274418,0.44814939515837293,0.006518641168156775,8.0
2025-12-25 10:50:00,-0.008175787,-0.35283412448437196,0.789999982342124,10.549999764189124,0.02673226019710027,0.7432508449303415,0.7699831051274418,0.40897319405845417,0.006518641168156775,8.0
2025-12-25 11:00:00,-0.008175787,-0.39023775646161285,0.789999982342124,10.549999764189124,0.02673226019710027,0.7432508449303415,0.7699831051274418,0.3715695620812133,0.006518641168156775,8.0
2025-12-25 11:10:00,-0.008175787,-0.42556723317529155,0.789999982342124,10.549999764189124,0.02673226019710027,0.7432508449303415,0.7699831051274418,0.3362400853675346,0.006518641168156775,8.0
2025-12-25 11:20:00,-0.008175787,-0.4585373841208762,0.789999982342124,10.549999764189124,0.02673226019710027,0.7432508449303415,0.7699831051274418,0.30326993442194994,0.006518641168156775,8.0
2025-12-25 11:30:00,-0.008175787,-0.48888254524323493,0.789999982342124,10.549999764189124,0.02673226019710027,0.7432508449303415,0.7699831051274418,0.2729247732995912,0.006518641168156775,8.0
2025-12-25 11:40:00,-0.008175787,-0.5163593950216814,0.789999982342124,10.549999764189124,0.02673226019710027,0.7432508449303415,0.7699831051274418,0.24544792352114475,0.006518641168156775,8.0
2025-12-25 11:50:00,-0.008175787,-0.5407495211509104,0.789999982342124,10.549999764189124,0.02673226019710027,0.7432508449303415,0.7699831051274418,0.22105779739191578,0.006518641168156775,8.0
2025-12-25 12:00:00,-0.008175787,-0.561861700632878,0.7699999827891588,10.37999976798892,0.025966438717879993,0.7219583145831313,0.7479247533010113,0.17788726608351757,0.006518641168156775,8.0
2025-12-25 12:10:00,-0.008175787,-0.5795338699414045,0.7699999827891588,10.37999976798892,0.025966438717879993,0.7219583145831313,0.7479247533010113,0.16021509677499102,0.006518641168156775,8.0
2025-12-25 12:20:00,-0.008175787,-0.5936347541565775,0.7699999827891588,10.37999976798892,0.025966438717879993,0.7219583145831313,0.7479247533010113,0.14611421255981805,0.006518641168156775,8.0
2025-12-25 12:30:00,-0.008175787,-0.6040651167355202,0.7699999827891588,10.37999976798892,0.025966438717879993,0.7219583145831313,0.7479247533010113,0.13568384998087535,0.006518641168156775,8.0
2025-12-25 12:40:00,-0.008175787,-0.6107585869016124,0.7699999827891588,10.37999976798892,0.025966438717879993,0.7219583145831313,0.7479247533010113,0.12899037981478312,0.006518641168156775,8.0
2025-12-25 12:50:00,-0.008175787,-0.6136820216767196,0.7699999827891588,10.37999976798892,0.025966438717879993,0.7219583145831313,0.7479247533010113,0.12606694503967597,0.006518641168156775,8.0
2025-12-25 13:00:00,-0.008175787,-0.6128353653853894,0.7699999827891588,10.37999976798892,0.025966438717879993,0.7219583145831313,0.7479247533010113,0.12691360133100615,0.006518641168156775,8.0
2025-12-25 13:10:00,-0.008175787,-0.6082509818841777,0.7699999827891588,10.37999976798892,0.025966438717879993,0.7219583145831313,0.7479247533010113,0.13149798483221786,0.006518641168156775,8.0
2025-12-25 13:20:00,-0.008175787,-0.5999924532987363,0.7699999827891588,10.37999976798892,0.025966438717879993,0.7219583145831313,0.7479247533010113,0.13975651341765927,0.006518641168156775,8.0
2025-12-25 13:30:00,-0.008175787,-0.5881528626451484,0.7699999827891588,10.37999976798892,0.025966438717879993,0.7219583145831313,0.7479247533010113,0.15159610407124713,0.006518641168156775,8.0
2025-12-25 13:40:00,-0.008175787,-0.5728526043398567,0.7699999827891588,10.37999976798892,0.025966438717879993,0.7219583145831313,0.7479247533010113,0.16689636237653882,0.006518641168156775,8.0
2025-12-25 13:50:00,-0.008175787,-0.5542367937338535,0.7699999827891588,10.37999976798892,0.025966438717879993,0.7219583145831313,0.7479247533010113,0.18551217298254208,0.006518641168156775,8.0
2025-12-25 14:00:00,-0.008175787,-0.5324723716151951,0.7699999827891588,10.37999976798892,0.025966438717879993,0.7219583145831313,0.7479247533010113,0.20727659510120044,0.006518641168156775,8.0
2025-12-25 14:10:00,-0.008175787,-0.5077450192772264,0.7699999827891588,10.37999976798892,0.025966438717879993,0.7219583145831313,0.7479247533010113,0.2320039474391692,0.006518641168156775,8.0
2025-12-25 14:20:00,-0.008175787,-0.48025601181038796,0.7699999827891588,10.37999976798892,0.025966438717879993,0.7219583145831313,0.7479247533010113,0.2594929549060076,0.006518641168156775,8.0
2025-12-25 14:30:00,-0.008175787,-0.4502191399723761,0.7699999827891588,10.37999976798892,0.025966438717879993,0.7219583145831313,0.7479247533010113,0.28952982674401945,0.006518641168156775,8.0
2025-12-25 14:40:00,-0.008175787,-0.41785782340770405,0.7699999827891588,10.37999976798892,0.025966438717879993,0.7219583145831313,0.7479247533010113,0.3218911433086915,0.006518641168156775,8.0
2025-12-25 14:50:00,-0.008175787,-0.38340252036060113,0.7699999827891588,10.37999976798892,0.025966438717879993,0.7219583145831313,0.7479247533010113,0.35634644635579443,0.006518641168156775,8.0
2025-12-25 15:00:00,-0.008175787,-0.3470885124996583,0.7499999832361937,10.25999977067113,0.02533072772836281,0.7042833134195035,0.7296140411478662,0.37434974206359223,0.006518641168156775,8.0
2025-12-25 15:10:00,-0.008175787,-0.3091541103483031,0.7499999832361937,10.25999977067113,0.02533072772836281,0.7042833134195035,0.7296140411478662,0.4122841442149474,0.006518641168156775,8.0
2025-12-25 15:20:00,-0.008175787,-0.269839288035271,0.7499999832361937,10.25999977067113,0.02533072772836281,0.7042833134195035,0.7296140411478662,0.4515989665279795,0.006518641168156775,8.0
2025-12-25 15:30:00,-0.008175787,-0.22938471904108648,0.7499999832361937,10.25999977067113,0.02533072772836281,0.7042833134195035,0.7296140411478662,0.492053535522164,0.006518641168156775,8.0
2025-12-25 15:40:00,-0.008175787,-0.18803115103152643,0.7499999832361937,10.25999977067113,0.02533072772836281,0.7042833134195035,0.7296140411478662,0.533407103531724,0.006518641168156775,8.0
2025-12-25 15:50:00,-0.008175787,-0.14601903081723014,0.7499999832361937,10.25999977067113,0.02533072772836281,0.7042833134195035,0.7296140411478662,0.5754192237460204,0.006518641168156775,8.0
2025-12-25 16:00:00,-0.008175787,-0.10358827287328642,0.7499999832361937,10.25999977067113,0.02533072772836281,0.7042833134195035,0.7296140411478662,0.6178499816899641,0.006518641168156775,8.0
2025-12-25 16:10:00,-0.008175787,-0.06097805820141739,0.7499999832361937,10.25999977067113,0.02533072772836281,0.7042833134195035,0.7296140411478662,0.6604601963618331,0.006518641168156775,8.0
2025-12-25 16:20:00,-0.008175787,-0.018426555456756206,0.7499999832361937,10.25999977067113,0.02533072772836281,0.7042833134195035,0.7296140411478662,0.7030116991064943,0.006518641168156775,8.0
2025-12-25 16:30:00,-0.008175787,0.023829527542356236,0.7499999832361937,10.25999977067113,0.02533072772836281,0.7042833134195035,0.7296140411478662,0.7452677821056067,0.006518641168156775,8.0
2025-12-25 16:40:00,-0.008175787,0.06555562822234975,0.7499999832361937,10.25999977067113,0.02533072772836281,0.7042833134195035,0.7296140411478662,0.7869938827856002,0.006518641168156775,8.0
2025-12-25 16:50:00,-0.008175787,0.10652028362347078,0.7499999832361937,10.25999977067113,0.02533072772836281,0.7042833134195035,0.7296140411478662,0.8279585381867213,0.006518641168156775,8.0
2025-12-25 17:00:00,-0.008175787,0.14649635340943193,0.7499999832361937,10.25999977067113,0.02533072772836281,0.7042833134195035,0.7296140411478662,0.8679346079726824,0.006518641168156775,8.0
2025-12-25 17:10:00,-0.008175787,0.18526247527353484,0.7499999832361937,10.25999977067113,0.02533072772836281,0.7042833134195035,0.7296140411478662,0.9067007298367853,0.006518641168156775,8.0
2025-12-25 17:20:00,-0.008175787,0.22260468606624098,0.7499999832361937,10.25999977067113,0.02533072772836281,0.7042833134195035,0.7296140411478662,0.9440429406294915,0.006518641168156775,8.0
2025-12-25 17:30:00,-0.008175787,0.25831811896841894,0.7499999832361937,10.25999977067113,0.02533072772836281,0.7042833134195035,0.7296140411478662,0.9797563735316694,0.006518641168156775,8.0
2025-12-25 17:40:00,-0.008175787,0.2922086742637368,0.7499999832361937,10.25999977067113,0.02533072772836281,0.7042833134195035,0.7296140411478662,1.0136469288269874,0.006518641168156775,8.0
2025-12-25 17:50:00,-0.008175787,0.3240945598338594,0.7499999832361937,10.25999977067113,0.02533072772836281,0.7042833134195035,0.7296140411478662,1.0455328143971099,0.006518641168156775,8.0
2025-12-25 18:00:00,-0.008175787,0.3538076078361233,0.7399999834597111,10.219999771565199,0.02506319482485766,0.6968449578479667,0.7219081526728244,1.0675399739243319,0.006518641168156775,8.0
2025-12-25 18:10:00,-0.008175787,0.38119429484057443,0.7399999834597111,10.219999771565199,0.02506319482485766,0.6968449578479667,0.7219081526728244,1.094926660928783,0.006518641168156775,8.0
2025-12-25 18:20:00,-0.008175787,0.4061164218913021,0.7399999834597111,10.219999771565199,0.02506319482485766,0.6968449578479667,0.7219081526728244,1.1198487879795107,0.006518641168156775,8.0
2025-12-25 18:30:00,-0.008175787,0.4284514453900502,0.7399999834597111,10.219999771565199,0.02506319482485766,0.6968449578479667,0.7219081526728244,1.142183811478259,0.006518641168156775,8.0
2025-12-25 18:40:00,-0.008175787,0.44809248553605907,0.7399999834597111,10.219999771565199,0.02506319482485766,0.6968449578479667,0.7219081526728244,1.1618248516242677,0.006518641168156775,8.0
2025-12-25 18:50:00,-0.008175787,0.4649480726231854,0.7399999834597111,10.219999771565199,0.02506319482485766,0.6968449578479667,0.7219081526728244,1.178680438711394,0.006518641168156775,8.0
2025-12-25 19:00:00,-0.008175787,0.47894171884825243,0.7399999834597111,10.219999771565199,0.02506319482485766,0.6968449578479667,0.7219081526728244,1.1926740849364612,0.006518641168156775,8.0
2025-12-25 19:10:00,-0.008175787,0.49001142168281386,0.7399999834597111,10.219999771565199,0.02506319482485766,0.6968449578479667,0.7219081526728244,1.2037437877710224,0.006518641168156775,8.0
2025-12-25 19:20:00,-0.008175787,0.4981092119326072,0.7399999834597111,10.219999771565199,0.02506319482485766,0.6968449578479667,0.7219081526728244,1.2118415780208158,0.006518641168156775,8.0
2025-12-25 19:30:00,-0.008175787,0.5032008546227696,0.7399999834597111,10.219999771565199,0.02506319482485766,0.6968449578479667,0.7219081526728244,1.2169332207109784,0.006518641168156775,8.0
2025-12-25 19:40:00,-0.008175787,0.5052657940211591,0.7399999834597111,10.219999771565199,0.02506319482485766,0.6968449578479667,0.7219081526728244,1.2189981601093678,0.006518641168156775,8.0
2025-12-25 19:50:00,-0.008175787,0.5042974070604155,0.7399999834597111,10.219999771565199,0.02506319482485766,0.6968449578479667,0.7219081526728244,1.2180297731486243,0.006518641168156775,8.0
2025-12-25 20:00:00,-0.008175787,0.5003035947546319,0.7399999834597111,10.219999771565199,0.02506319482485766,0.6968449578479667,0.7219081526728244,1.2140359608428406,0.006518641168156775,8.0
2025-12-25 20:10:00,-0.008175787,0.4933077023409026,0.7399999834597111,10.219999771565199,0.02506319482485766,0.6968449578479667,0.7219081526728244,1.2070400684291114,0.006518641168156775,8.0
2025-12-25 20:20:00,-0.008175787,0.48334971961871126,0.7399999834597111,10.219999771565199,0.02506319482485766,0.6968449578479667,0.7219081526728244,1.19708208570692,0.006518641168156775,8.0
2025-12-25 20:30:00,-0.008175787,0.47048767725451207,0.7399999834597111,10.219999771565199,0.02506319482485766,0.6968449578479667,0.7219081526728244,1.1842200433427208,0.006518641168156775,8.0
2025-12-25 20:40:00,-0.008175787,0.45479912600130923,0.7399999834597111,10.219999771565199,0.02506319482485766,0.6968449578479667,0.7219081526728244,1.1685314920895178,0.006518641168156775,8.0
2025-12-25 20:50:00,-0.008175787,0.4363825668108614,0.7399999834597111,10.219999771565199,0.02506319482485766,0.6968449578479667,0.7219081526728244,1.15011493289907,0.006518641168156775,8.0
2025-12-25 21:00:00,-0.008175787,0.41535869224335914,0.7299999836832285,10.189999772235751,0.024820200671064992,0.6900888658157965,0.7149090664868615,1.1220919721456049,0.006518641168156775,8.0
2025-12-25 21:10:00,-0.008175787,0.39187130416443877,0.7299999836832285,10.189999772235751,0.024820200671064992,0.6900888658157965,0.7149090664868615,1.0986045840666845,0.006518641168156775,8.0
2025-12-25 21:20:00,-0.008175787,0.3660877887773723,0.7299999836832285,10.189999772235751,0.024820200671064992,0.6900888658157965,0.7149090664868615,1.072821068679618,0.006518641168156775,8.0
2025-12-25 21:30:00,-0.008175787,0.33819905582411225,0.7299999836832285,10.189999772235751,0.024820200671064992,0.6900888658157965,0.7149090664868615,1.044932335726358,0.006518641168156775,8.0
2025-12-25 21:40:00,-0.008175787,0.3084188818203119,0.7299999836832285,10.189999772235751,0.024820200671064992,0.6900888658157965,0.7149090664868615,1.0151521617225576,0.006518641168156775,8.0
2025-12-25 21:50:00,-0.008175787,0.2769826340314693,0.7299999836832285,10.189999772235751,0.024820200671064992,0.6900888658157965,0.7149090664868615,0.983715913933715,0.006518641168156775,8.0
2025-12-25 22:00:00,-0.008175787,0.24414538940208938,0.7299999836832285,10.189999772235751,0.024820200671064992,0.6900888658157965,0.7149090664868615,0.9508786693043352,0.006518641168156775,8.0
2025-12-25 22:10:00,-0.008175787,0.2101794969981874,0.7299999836832285,10.189999772235751,0.024820200671064992,0.6900888658157965,0.7149090664868615,0.9169127769004332,0.006518641168156775,8.0
2025-12-25 22:20:00,-0.008175787,0.17537166143133584,0.7299999836832285,10.189999772235751,0.024820200671064992,0.6900888658157965,0.7149090664868615,0.8821049413335816,0.006518641168156775,8.0
2025-12-25 22:30:00,-0.008175787,0.14001964548917606,0.7299999836832285,10.189999772235751,0.024820200671064992,0.6900888658157965,0.7149090664868615,0.8467529253914219,0.006518641168156775,8.0
2025-12-25 22:40:00,-0.008175787,0.10442870206512476,0.7299999836832285,10.189999772235751,0.024820200671064992,0.6900888658157965,0.7149090664868615,0.8111619819673705,0.006518641168156775,8.0
2025-12-25 22:50:00,-0.008175787,0.06890784808637374,0.7299999836832285,10.189999772235751,0.024820200671064992,0.6900888658157965,0.7149090664868615,0.7756411279886195,0.006518641168156775,8.0
2025-12-25 23:00:00,-0.008175787,0.03376608729288631,0.7299999836832285,10.189999772235751,0.024820200671064992,0.6900888658157965,0.7149090664868615,0.7404993671951321,0.006518641168156775,8.0
2025-12-25 23:10:00,-0.008175787,-0.0006913236530974051,0.7299999836832285,10.189999772235751,0.024820200671064992,0.6900888658157965,0.7149090664868615,0.7060419562491483,0.006518641168156775,8.0
2025-12-25 23:20:00,-0.008175787,-0.03416648833155639,0.7299999836832285,10.189999772235751,0.024820200671064992,0.6900888658157965,0.7149090664868615,0.6725667915706894,0.006518641168156775,8.0
2025-12-25 23:30:00,-0.008175787,-0.06637230416345892,0.7299999836832285,10.189999772235751,0.024820200671064992,0.6900888658157965,0.7149090664868615,0.6403609757387868,0.006518641168156775,8.0
2025-12-25 23:40:00,-0.008175787,-0.09703567598894058,0.7299999836832285,10.189999772235751,0.024820200671064992,0.6900888658157965,0.7149090664868615,0.6096976039133052,0.006518641168156775,8.0
2025-12-25 23:50:00,-0.008175787,-0.12590048409009794,0.7299999836832285,10.189999772235751,0.024820200671064992,0.6900888658157965,0.7149090664868615,0.5808327958121479,0.006518641168156775,8.0
2025-12-26 00:00:00,-0.0011924416,-0.15273029210335057,0.7299999836832285,10.169999772682786,0.024771485851298427,0.6887344225070314,0.7135059083583298,0.5595831746955826,0.006518641168156775,8.0
2025-12-26 00:10:00,-0.0011924416,-0.17731078552165955,0.7299999836832285,10.169999772682786,0.024771485851298427,0.6887344225070314,0.7135059083583298,0.5350026812772736,0.006518641168156775,8.0
2025-12-26 00:20:00,-0.0011924416,-0.19945193165084768,0.7299999836832285,10.169999772682786,0.024771485851298427,0.6887344225070314,0.7135059083583298,0.5128615351480854,0.006518641168156775,8.0
2025-12-26 00:30:00,-0.0011924416,-0.21898984766252022,0.7299999836832285,10.169999772682786,0.024771485851298427,0.6887344225070314,0.7135059083583298,0.4933236191364129,0.006518641168156775,8.0
2025-12-26 00:40:00,-0.0011924416,-0.23578835610197285,0.7299999836832285,10.169999772682786,0.024771485851298427,0.6887344225070314,0.7135059083583298,0.4765251106969603,0.006518641168156775,8.0
2025-12-26 00:50:00,-0.0011924416,-0.24974019936738553,0.7299999836832285,10.169999772682786,0.024771485851298427,0.6887344225070314,0.7135059083583298,0.4625732674315476,0.006518641168156775,8.0
2025-12-26 01:00:00,-0.0011924416,-0.26076787789471434,0.7299999836832285,10.169999772682786,0.024771485851298427,0.6887344225070314,0.7135059083583298,0.4515455889042188,0.006518641168156775,8.0
2025-12-26 01:10:00,-0.0011924416,-0.2688240737953244,0.7299999836832285,10.169999772682786,0.024771485851298427,0.6887344225070314,0.7135059083583298,0.44348939300360873,0.006518641168156775,8.0
2025-12-26 01:20:00,-0.0011924416,-0.27389162353112584,0.7299999836832285,10.169999772682786,0.024771485851298427,0.6887344225070314,0.7135059083583298,0.4384218432678073,0.006518641168156775,8.0
2025-12-26 01:30:00,-0.0011924416,-0.27598301149951804,0.7299999836832285,10.169999772682786,0.024771485851298427,0.6887344225070314,0.7135059083583298,0.4363304552994151,0.006518641168156775,8.0
2025-12-26 01:40:00,-0.0011924416,-0.27513937084333495,0.7299999836832285,10.169999772682786,0.024771485851298427,0.6887344225070314,0.7135059083583298,0.4371740959555982,0.006518641168156775,8.0
2025-12-26 01:50:00,-0.0011924416,-0.2714289980107254,0.7299999836832285,10.169999772682786,0.024771485851298427,0.6887344225070314,0.7135059083583298,0.44088446878820775,0.006518641168156775,8.0
2025-12-26 02:00:00,-0.0011924416,-0.26494541188350473,0.7299999836832285,10.169999772682786,0.024771485851298427,0.6887344225070314,0.7135059083583298,0.4473680549154284,0.006518641168156775,8.0
2025-12-26 02:10:00,-0.0011924416,-0.2558050144519125,0.7299999836832285,10.169999772682786,0.024771485851298427,0.6887344225070314,0.7135059083583298,0.45650845234702064,0.006518641168156775,8.0
2025-12-26 02:20:00,-0.0011924416,-0.2441444353491958,0.7299999836832285,10.169999772682786,0.024771485851298427,0.6887344225070314,0.7135059083583298,0.4681690314497373,0.006518641168156775,8.0
2025-12-26 02:30:00,-0.0011924416,-0.23011766427084637,0.7299999836832285,10.169999772682786,0.024771485851298427,0.6887344225070314,0.7135059083583298,0.4821958025280868,0.006518641168156775,8.0
2025-12-26 02:40:00,-0.0011924416,-0.21389309061160258,0.7299999836832285,10.169999772682786,0.024771485851298427,0.6887344225070314,0.7135059083583298,0.4984203761873306,0.006518641168156775,8.0
2025-12-26 02:50:00,-0.0011924416,-0.19565057665251176,0.7299999836832285,10.169999772682786,0.024771485851298427,0.6887344225070314,0.7135059083583298,0.5166628901464214,0.006518641168156775,8.0
2025-12-26 03:00:00,-0.0011924416,-0.1755786876419937,0.7399999834597111,10.159999772906303,0.024916052780876104,0.6927538915592311,0.7176699443401071,0.5408988151387167,0.006518641168156775,8.0
2025-12-26 03:10:00,-0.0011924416,-0.153872189133784,0.7399999834597111,10.159999772906303,0.024916052780876104,0.6927538915592311,0.7176699443401071,0.5626053136469265,0.006518641168156775,8.0
2025-12-26 03:20:00,-0.0011924416,-0.13072989936851723,0.7399999834597111,10.159999772906303,0.024916052780876104,0.6927538915592311,0.7176699443401071,0.5857476034121932,0.006518641168156775,8.0
2025-12-26 03:30:00,-0.0011924416,-0.10635295417760349,0.7399999834597111,10.159999772906303,0.024916052780876104,0.6927538915592311,0.7176699443401071,0.6101245486031069,0.006518641168156775,8.0
2025-12-26 03:40:00,-0.0011924416,-0.08094350654747888,0.7399999834597111,10.159999772906303,0.024916052780876104,0.6927538915592311,0.7176699443401071,0.6355339962332316,0.006518641168156775,8.0
2025-12-26 03:50:00,-0.0011924416,-0.0547038455731048,0.7399999834597111,10.159999772906303,0.024916052780876104,0.6927538915592311,0.7176699443401071,0.6617736572076056,0.006518641168156775,8.0
2025-12-26 04:00:00,-0.0011924416,-0.027835884081772178,0.7399999834597111,10.159999772906303,0.024916052780876104,0.6927538915592311,0.7176699443401071,0.6886416186989383,0.006518641168156775,8.0
2025-12-26 04:10:00,-0.0011924416,-0.0005409335014486136,0.7399999834597111,10.159999772906303,0.024916052780876104,0.6927538915592311,0.7176699443401071,0.7159365692792619,0.006518641168156775,8.0
2025-12-26 04:20:00,-0.0011924416,0.026980337507901186,0.7399999834597111,10.159999772906303,0.024916052780876104,0.6927538915592311,0.7176699443401071,0.7434578402886116,0.006518641168156775,8.0
2025-12-26 04:30:00,-0.0011924416,0.054527876261366015,0.7399999834597111,10.159999772906303,0.024916052780876104,0.6927538915592311,0.7176699443401071,0.7710053790420764,0.006518641168156775,8.0
2025-12-26 04:40:00,-0.0011924416,0.08190226681561258,0.7399999834597111,10.159999772906303,0.024916052780876104,0.6927538915592311,0.7176699443401071,0.7983797695963231,0.006518641168156775,8.0
2025-12-26 04:50:00,-0.0011924416,0.10890490266244944,0.7399999834597111,10.159999772906303,0.024916052780876104,0.6927538915592311,0.7176699443401071,0.8253824054431599,0.006518641168156775,8.0
2025-12-26 05:00:00,-0.0011924416,0.1353383938963951,0.7399999834597111,10.159999772906303,0.024916052780876104,0.6927538915592311,0.7176699443401071,0.8518158966771056,0.006518641168156775,8.0
2025-12-26 05:10:00,-0.0011924416,0.16100726121072514,0.7399999834597111,10.159999772906303,0.024916052780876104,0.6927538915592311,0.7176699443401071,0.8774847639914356,0.006518641168156775,8.0
2025-12-26 05:20:00,-0.0011924416,0.1857189340778814,0.7399999834597111,10.159999772906303,0.024916052780876104,0.6927538915592311,0.7176699443401071,0.9021964368585919,0.006518641168156775,8.0
2025-12-26 05:30:00,-0.0011924416,0.20928503369985726,0.7399999834597111,10.159999772906303,0.024916052780876104,0.6927538915592311,0.7176699443401071,0.9257625364805677,0.006518641168156775,8.0
2025-12-26 05:40:00,-0.0011924416,0.23152288748551467,0.7399999834597111,10.159999772906303,0.024916052780876104,0.6927538915592311,0.7176699443401071,0.9480003902662251,0.006518641168156775,8.0
2025-12-26 05:50:00,-0.0011924416,0.25225719347842673,0.7399999834597111,10.159999772906303,0.024916052780876104,0.6927538915592311,0.7176699443401071,0.9687346962591372,0.006518641168156775,8.0
2025-12-26 06:00:00,-0.0011924416,0.2713217343056788,0.7299999836832285,10.139999773353338,0.024698413621648582,0.6867027575438839,0.7114011711655325,0.9815304639118145,0.006518641168156775,8.0
2025-12-26 06:10:00,-0.0011924416,0.28856103205572375,0.7299999836832285,10.139999773353338,0.024698413621648582,0.6867027575438839,0.7114011711655325,0.9987697616618596,0.006518641168156775,8.0
2025-12-26 06:20:00,-0.0011924416,0.3038318393052501,0.7299999836832285,10.139999773353338,0.024698413621648582,0.6867027575438839,0.7114011711655325,1.0140405689113858,0.006518641168156775,8.0
2025-12-26 06:30:00,-0.0011924416,0.3170043768068652,0.7299999836832285,10.139999773353338,0.024698413621648582,0.6867027575438839,0.7114011711655325,1.027213106413001,0.006518641168156775,8.0
2025-12-26 06:40:00,-0.0011924416,0.3279632532787617,0.7299999836832285,10.139999773353338,0.024698413621648582,0.6867027575438839,0.7114011711655325,1.0381719828848974,0.006518641168156775,8.0
2025-12-26 06:50:00,-0.0011924416,0.33660803499110076,0.7299999836832285,10.139999773353338,0.024698413621648582,0.6867027575438839,0.7114011711655325,1.0468167645972366,0.006518641168156775,8.0
2025-12-26 07:00:00,-0.0011924416,0.3428534684548969,0.7299999836832285,10.139999773353338,0.024698413621648582,0.6867027575438839,0.7114011711655325,1.0530621980610326,0.006518641168156775,8.0
2025-12-26 07:10:00,-0.0011924416,0.34662939527218434,0.7299999836832285,10.139999773353338,0.024698413621648582,0.6867027575438839,0.7114011711655325,1.05683812487832,0.006518641168156775,8.0
2025-12-26 07:20:00,-0.0011924416,0.3478804295024142,0.7299999836832285,10.139999773353338,0.024698413621648582,0.6867027575438839,0.7114011711655325,1.05808915910855,0.006518641168156775,8.0
2025-12-26 07:30:00,-0.0011924416,0.34656549210247406,0.7299999836832285,10.139999773353338,0.024698413621648582,0.6867027575438839,0.7114011711655325,1.0567742217086098,0.006518641168156775,8.0
2025-12-26 07:40:00,-0.0011924416,0.34265731072082245,0.7299999836832285,10.139999773353338,0.024698413621648582,0.6867027575438839,0.7114011711655325,1.0528660403269583,0.006518641168156775,8.0
2025-12-26 07:50:00,-0.0011924416,0.33614199538228384,0.7299999836832285,10.139999773353338,0.024698413621648582,0.6867027575438839,0.7114011711655325,1.0463507249884196,0.006518641168156775,8.0
2025-12-26 08:00:00,-0.0011924416,0.32701879064407335,0.7299999836832285,10.139999773353338,0.024698413621648582,0.6867027575438839,0.7114011711655325,1.0372275202502093,0.006518641168156775,8.0
2025-12-26 08:10:00,-0.0011924416,0.3153000837087603,0.7299999836832285,10.139999773353338,0.024698413621648582,0.6867027575438839,0.7114011711655325,1.0255088133148962,0.006518641168156775,8.0
2025-12-26 08:20:00,-0.0011924416,0.3010117178163875,0.7299999836832285,10.139999773353338,0.024698413621648582,0.6867027575438839,0.7114011711655325,1.0112204474225233,0.006518641168156775,8.0
2025-12-26 08:30:00,-0.0011924416,0.2841936239390457,0.7299999836832285,10.139999773353338,0.024698413621648582,0.6867027575438839,0.7114011711655325,0.9944023535451815,0.006518641168156775,8.0
2025-12-26 08:40:00,-0.0011924416,0.26490074508904565,0.7299999836832285,10.139999773353338,0.024698413621648582,0.6867027575438839,0.7114011711655325,0.9751094746951814,0.006518641168156775,8.0
2025-12-26 08:50:00,-0.0011924416,0.24320419024515438,0.7299999836832285,10.139999773353338,0.024698413621648582,0.6867027575438839,0.7114011711655325,0.9534129198512902,0.006518641168156775,8.0
2025-12-26 09:00:00,-0.0011924416,0.21919252270727996,0.7199999839067459,10.099999774247408,0.024431903050813532,0.6792928264158941,0.7037247294667076,0.9217248106145909,0.006518641168156775,8.0
2025-12-26 09:10:00,-0.0011924416,0.19297306382870397,0.7199999839067459,10.099999774247408,0.024431903050813532,0.6792928264158941,0.7037247294667076,0.8955053517360149,0.006518641168156775,8.0
2025-12-26 09:20:00,-0.0011924416,0.1646730797479335,0.7199999839067459,10.099999774247408,0.024431903050813532,0.6792928264158941,0.7037247294667076,0.8672053676552445,0.006518641168156775,8.0
2025-12-26 09:30:00,-0.0011924416,0.13444071721713846,0.7199999839067459,10.099999774247408,0.024431903050813532,0.6792928264158941,0.7037247294667076,0.8369730051244494,0.006518641168156775,8.0
2025-12-26 09:40:00,-0.0011924416,0.10244556494212372,0.7199999839067459,10.099999774247408,0.024431903050813532,0.6792928264158941,0.7037247294667076,0.8049778528494347,0.006518641168156775,8.0
2025-12-26 09:50:00,-0.0011924416,0.0688787376806742,0.7199999839067459,10.099999774247408,0.024431903050813532,0.6792928264158941,0.7037247294667076,0.7714110255879851,0.006518641168156775,8.0
2025-12-26 10:00:00,-0.0011924416,0.033952409870211524,0.7199999839067459,10.099999774247408,0.024431903050813532,0.6792928264158941,0.7037247294667076,0.7364846977775225,0.006518641168156775,8.0
2025-12-26 10:10:00,-0.0011924416,-0.0021012397248590703,0.7199999839067459,10.099999774247408,0.024431903050813532,0.6792928264158941,0.7037247294667076,0.7004310481824518,0.006518641168156775,8.0
2025-12-26 10:20:00,-0.0011924416,-0.03903167356360246,0.7199999839067459,10.099999774247408,0.024431903050813532,0.6792928264158941,0.7037247294667076,0.6635006143437084,0.006518641168156775,8.0
2025-12-26 10:30:00,-0.0011924416,-0.07657219676281446,0.7199999839067459,10.099999774247408,0.024431903050813532,0.6792928264158941,0.7037247294667076,0.6259600911444965,0.006518641168156775,8.0
2025-12-26 10:40:00,-0.0011924416,-0.11444264853551672,0.7199999839067459,10.099999774247408,0.024431903050813532,0.6792928264158941,0.7037247294667076,0.5880896393717943,0.006518641168156775,8.0
2025-12-26 10:50:00,-0.0011924416,-0.1523524935652113,0.7199999839067459,10.099999774247408,0.024431903050813532,0.6792928264158941,0.7037247294667076,0.5501797943420996,0.006518641168156775,8.0
2025-12-26 11:00:00,-0.0011924416,-0.19000420737360318,0.7199999839067459,10.099999774247408,0.024431903050813532,0.6792928264158941,0.7037247294667076,0.5125280805337078,0.006518641168156775,8.0
2025-12-26 11:10:00,-0.0011924416,-0.22709684335121708,0.7199999839067459,10.099999774247408,0.024431903050813532,0.6792928264158941,0.7037247294667076,0.4754354445560939,0.006518641168156775,8.0
2025-12-26 11:20:00,-0.0011924416,-0.263329671656563,0.7199999839067459,10.099999774247408,0.024431903050813532,0.6792928264158941,0.7037247294667076,0.4392026162507479,0.006518641168156775,8.0
2025-12-26 11:30:00,-0.0011924416,-0.2984057901995826,0.7199999839067459,10.099999774247408,0.024431903050813532,0.6792928264158941,0.7037247294667076,0.40412649770772835,0.006518641168156775,8.0
2025-12-26 11:40:00,-0.0011924416,-0.3320356239397089,0.7199999839067459,10.099999774247408,0.024431903050813532,0.6792928264158941,0.7037247294667076,0.370496663967602,0.006518641168156775,8.0
2025-12-26 11:50:00,-0.0011924416,-0.36394024739763253,0.7199999839067459,10.099999774247408,0.024431903050813532,0.6792928264158941,0.7037247294667076,0.3385920405096784,0.006518641168156775,8.0
2025-12-26 12:00:00,-0.0011924416,-0.39385448506719384,0.7099999841302633,10.049999775364995,0.024141536664826886,0.6712196197310603,0.6953611563958871,0.3003142297692966,0.006518641168156775,8.0
2025-12-26 12:10:00,-0.0011924416,-0.42152976169918377,0.7099999841302633,10.049999775364995,0.024141536664826886,0.6712196197310603,0.6953611563958871,0.2726389531373067,0.006518641168156775,8.0
2025-12-26 12:20:00,-0.0011924416,-0.44673668836589087,0.7099999841302633,10.049999775364995,0.024141536664826886,0.6712196197310603,0.6953611563958871,0.2474320264705996,0.006518641168156775,8.0
2025-12-26 12:30:00,-0.0011924416,-0.46926737863736406,0.7099999841302633,10.049999775364995,0.024141536664826886,0.6712196197310603,0.6953611563958871,0.2249013361991264,0.006518641168156775,8.0
2025-12-26 12:40:00,-0.0011924416,-0.48893749227442285,0.7099999841302633,10.049999775364995,0.024141536664826886,0.6712196197310603,0.6953611563958871,0.2052312225620676,0.006518641168156775,8.0
2025-12-26 12:50:00,-0.0011924416,-0.5055880017642148,0.7099999841302633,10.049999775364995,0.024141536664826886,0.6712196197310603,0.6953611563958871,0.18858071307227564,0.006518641168156775,8.0
2025-12-26 13:00:00,-0.0011924416,-0.5190866708447267,0.7099999841302633,10.049999775364995,0.024141536664826886,0.6712196197310603,0.6953611563958871,0.17508204399176375,0.006518641168156775,8.0
2025-12-26 13:10:00,-0.0011924416,-0.5293292262552718,0.7099999841302633,10.049999775364995,0.024141536664826886,0.6712196197310603,0.6953611563958871,0.16483948858121866,0.006518641168156775,8.0
2025-12-26 13:20:00,-0.0011924416,-0.5362401956320517,0.7099999841302633,10.049999775364995,0.024141536664826886,0.6712196197310603,0.6953611563958871,0.15792851920443873,0.006518641168156775,8.0
2025-12-26 13:30:00,-0.0011924416,-0.53977337890143,0.7099999841302633,10.049999775364995,0.024141536664826886,0.6712196197310603,0.6953611563958871,0.1543953359350605,0.006518641168156775,8.0
2025-12-26 13:40:00,-0.0011924416,-0.5399119187435766,0.7099999841302633,10.049999775364995,0.024141536664826886,0.6712196197310603,0.6953611563958871,0.15425679609291387,0.006518641168156775,8.0
2025-12-26 13:50:00,-0.0011924416,-0.5366679398888382,0.7099999841302633,10.049999775364995,0.024141536664826886,0.6712196197310603,0.6953611563958871,0.15750077494765224,0.006518641168156775,8.0
2025-12-26 14:00:00,-0.0011924416,-0.5300817372483647,0.7099999841302633,10.049999775364995,0.024141536664826886,0.6712196197310603,0.6953611563958871,0.16408697758812574,0.006518641168156775,8.0
2025-12-26 14:10:00,-0.0011924416,-0.5202205093568262,0.7099999841302633,10.049999775364995,0.024141536664826886,0.6712196197310603,0.6953611563958871,0.17394820547966428,0.006518641168156775,8.0
2025-12-26 14:20:00,-0.0011924416,-0.5071766549959079,0.7099999841302633,10.049999775364995,0.024141536664826886,0.6712196197310603,0.6953611563958871,0.18699205984058254,0.006518641168156775,8.0
2025-12-26 14:30:00,-0.0011924416,-0.4910656753896891,0.7099999841302633,10.049999775364995,0.024141536664826886,0.6712196197310603,0.6953611563958871,0.20310303944680136,0.006518641168156775,8.0
2025-12-26 14:40:00,-0.0011924416,-0.4720237495809221,0.7099999841302633,10.049999775364995,0.024141536664826886,0.6712196197310603,0.6953611563958871,0.22214496525556837,0.006518641168156775,8.0
2025-12-26 14:50:00,-0.0011924416,-0.45020507362583445,0.7099999841302633,10.049999775364995,0.024141536664826886,0.6712196197310603,0.6953611563958871,0.243963641210656,0.006518641168156775,8.0
2025-12-26 15:00:00,-0.0011924416,-0.4257790724271669,0.6999999843537807,9.999999776482582,0.023851664637222405,0.6631601579477999,0.6870118225850224,0.2600403085984588,0.006518641168156775,8.0
2025-12-26 15:10:00,-0.0011924416,-0.39892760387868215,0.6999999843537807,9.999999776482582,0.023851664637222405,0.6631601579477999,0.6870118225850224,0.2868917771469435,0.006518641168156775,8.0
2025-12-26 15:20:00,-0.0011924416,-0.36984227673522335,0.6999999843537807,9.999999776482582,0.023851664637222405,0.6631601579477999,0.6870118225850224,0.3159771042904023,0.006518641168156775,8.0
2025-12-26 15:30:00,-0.0011924416,-0.33872199542772435,0.6999999843537807,9.999999776482582,0.023851664637222405,0.6631601579477999,0.6870118225850224,0.3470973855979013,0.006518641168156775,8.0
2025-12-26 15:40:00,-0.0011924416,-0.30577082696422575,0.6999999843537807,9.999999776482582,0.023851664637222405,0.6631601579477999,0.6870118225850224,0.3800485540613999,0.006518641168156775,8.0
2025-12-26 15:50:00,-0.0011924416,-0.27119625839536815,0.6999999843537807,9.999999776482582,0.023851664637222405,0.6631601579477999,0.6870118225850224,0.4146231226302575,0.006518641168156775,8.0
2025-12-26 16:00:00,-0.0011924416,-0.23520788024282446,0.6999999843537807,9.999999776482582,0.023851664637222405,0.6631601579477999,0.6870118225850224,0.4506115007828012,0.006518641168156775,8.0
2025-12-26 16:10:00,-0.0011924416,-0.19801649459793158,0.6999999843537807,9.999999776482582,0.023851664637222405,0.6631601579477999,0.6870118225850224,0.4878028864276941,0.006518641168156775,8.0
2025-12-26 16:20:00,-0.0011924416,-0.15983361009604669,0.6999999843537807,9.999999776482582,0.023851664637222405,0.6631601579477999,0.6870118225850224,0.525985770929579,0.006518641168156775,8.0
2025-12-26 16:30:00,-0.0011924416,-0.1208712526363355,0.6999999843537807,9.999999776482582,0.023851664637222405,0.6631601579477999,0.6870118225850224,0.5649481283892902,0.006518641168156775,8.0
2025-12-26 16:40:00,-0.0011924416,-0.08134199452986855,0.6999999843537807,9.999999776482582,0.023851664637222405,0.6631601579477999,0.6870118225850224,0.6044773864957571,0.006518641168156775,8.0
2025-12-26 16:50:00,-0.0011924416,-0.04145908768697387,0.6999999843537807,9.999999776482582,0.023851664637222405,0.6631601579477999,0.6870118225850224,0.6443602933386519,0.006518641168156775,8.0
2025-12-26 17:00:00,-0.0011924416,-0.0014365809136742647,0.6999999843537807,9.999999776482582,0.023851664637222405,0.6631601579477999,0.6870118225850224,0.6843828001119514,0.006518641168156775,8.0
2025-12-26 17:10:00,-0.0011924416,0.0385106925230067,0.6999999843537807,9.999999776482582,0.023851664637222405,0.6631601579477999,0.6870118225850224,0.7243300735486323,0.006518641168156775,8.0
2025-12-26 17:20:00,-0.0011924416,0.07816735345359697,0.6999999843537807,9.999999776482582,0.023851664637222405,0.6631601579477999,0.6870118225850224,0.7639867344792226,0.006518641168156775,8.0
2025-12-26 17:30:00,-0.0011924416,0.11731801075435233,0.6999999843537807,9.999999776482582,0.023851664637222405,0.6631601579477999,0.6870118225850224,0.803137391779978,0.006518641168156775,8.0
2025-12-26 17:40:00,-0.0011924416,0.15574812636443225,0.6999999843537807,9.999999776482582,0.023851664637222405,0.6631601579477999,0.6870118225850224,0.8415675073900579,0.006518641168156775,8.0
2025-12-26 17:50:00,-0.0011924416,0.1932452096687395,0.6999999843537807,9.999999776482582,0.023851664637222405,0.6631601579477999,0.6870118225850224,0.8790645906943652,0.006518641168156775,8.0
2025-12-26 18:00:00,-0.0011924416,0.2296003031753206,0.7199999839067459,9.979999776929617,0.024141623014566245,0.6712220205574874,0.6953636435720536,0.9237715051879776,0.006518641168156775,8.0
2025-12-26 18:10:00,-0.0011924416,0.26460968884552666,0.7199999839067459,9.979999776929617,0.024141623014566245,0.6712220205574874,0.6953636435720536,0.9587808908581836,0.006518641168156775,8.0
2025-12-26 18:20:00,-0.0011924416,0.29807671993513235,0.7199999839067459,9.979999776929617,0.024141623014566245,0.6712220205574874,0.6953636435720536,0.9922479219477893,0.006518641168156775,8.0
2025-12-26 18:30:00,-0.0011924416,0.32981366859098127,0.7199999839067459,9.979999776929617,0.024141623014566245,0.6712220205574874,0.6953636435720536,1.023984870603638,0.006518641168156775,8.0
2025-12-26 18:40:00,-0.0011924416,0.35964347674528774,0.7199999839067459,9.979999776929617,0.024141623014566245,0.6712220205574874,0.6953636435720536,1.0538146787579445,0.006518641168156775,8.0
2025-12-26 18:50:00,-0.0011924416,0.38740130696480135,0.7199999839067459,9.979999776929617,0.024141623014566245,0.6712220205574874,0.6953636435720536,1.0815725089774584,0.006518641168156775,8.0
2025-12-26 19:00:00,-0.0011924416,0.41293580997422724,0.7199999839067459,9.979999776929617,0.024141623014566245,0.6712220205574874,0.6953636435720536,1.1071070119868842,0.006518641168156775,8.0
2025-12-26 19:10:00,-0.0011924416,0.4361100545343478,0.7199999839067459,9.979999776929617,0.024141623014566245,0.6712220205574874,0.6953636435720536,1.1302812565470046,0.006518641168156775,8.0
2025-12-26 19:20:00,-0.0011924416,0.4568020997143729,0.7199999839067459,9.979999776929617,0.024141623014566245,0.6712220205574874,0.6953636435720536,1.1509733017270298,0.006518641168156775,8.0
2025-12-26 19:30:00,-0.0011924416,0.47490522624327136,0.7199999839067459,9.979999776929617,0.024141623014566245,0.6712220205574874,0.6953636435720536,1.1690764282559283,0.006518641168156775,8.0
2025-12-26 19:40:00,-0.0011924416,0.49032787800903815,0.7199999839067459,9.979999776929617,0.024141623014566245,0.6712220205574874,0.6953636435720536,1.184499080021695,0.006518641168156775,8.0
2025-12-26 19:50:00,-0.0011924416,0.5029933937144188,0.7199999839067459,9.979999776929617,0.024141623014566245,0.6712220205574874,0.6953636435720536,1.1971645957270756,0.006518641168156775,8.0
2025-12-26 20:00:00,-0.0011924416,0.5128396287148363,0.7199999839067459,9.979999776929617,0.024141623014566245,0.6712220205574874,0.6953636435720536,1.2070108307274934,0.006518641168156775,8.0
2025-12-26 20:10:00,-0.0011924416,0.5198185761929273,0.7199999839067459,9.979999776929617,0.024141623014566245,0.6712220205574874,0.6953636435720536,1.2139897782055842,0.006518641168156775,8.0
2025-12-26 20:20:00,-0.0011924416,0.5238960938900185,0.7199999839067459,9.979999776929617,0.024141623014566245,0.6712220205574874,0.6953636435720536,1.2180672959026753,0.006518641168156775,8.0
2025-12-26 20:30:00,-0.0011924416,0.5250518279308848,0.7199999839067459,9.979999776929617,0.024141623014566245,0.6712220205574874,0.6953636435720536,1.2192230299435418,0.006518641168156775,8.0
2025-12-26 20:40:00,-0.0011924416,0.5232794002703751,0.7199999839067459,9.979999776929617,0.024141623014566245,0.6712220205574874,0.6953636435720536,1.217450602283032,0.006518641168156775,8.0
2025-12-26 20:50:00,-0.0011924416,0.5185868934792556,0.7199999839067459,9.979999776929617,0.024141623014566245,0.6712220205574874,0.6953636435720536,1.2127580954919126,0.006518641168156775,8.0
2025-12-26 21:00:00,-0.0011924416,0.5109976293193063,0.7499999832361937,9.9899997767061,0.024664129630248,0.6857495420137271,0.7104136716439751,1.2202188594038845,0.006518641168156775,8.0
2025-12-26 21:10:00,-0.0011924416,0.5005511996323602,0.7499999832361937,9.9899997767061,0.024664129630248,0.6857495420137271,0.7104136716439751,1.2097724297169385,0.006518641168156775,8.0
2025-12-26 21:20:00,-0.0011924416,0.48730467324340404,0.7499999832361937,9.9899997767061,0.024664129630248,0.6857495420137271,0.7104136716439751,1.1965259033279825,0.006518641168156775,8.0
2025-12-26 21:30:00,-0.0011924416,0.47133387443493263,0.7499999832361937,9.9899997767061,0.024664129630248,0.6857495420137271,0.7104136716439751,1.180555104519511,0.006518641168156775,8.0
2025-12-26 21:40:00,-0.0011924416,0.45273460973676233,0.7499999832361937,9.9899997767061,0.024664129630248,0.6857495420137271,0.7104136716439751,1.1619558398213408,0.006518641168156775,8.0
2025-12-26 21:50:00,-0.0011924416,0.4316237121908476,0.7499999832361937,9.9899997767061,0.024664129630248,0.6857495420137271,0.7104136716439751,1.140844942275426,0.006518641168156775,8.0
2025-12-26 22:00:00,-0.0011924416,0.40813977646891497,0.7499999832361937,9.9899997767061,0.024664129630248,0.6857495420137271,0.7104136716439751,1.1173610065534934,0.006518641168156775,8.0
2025-12-26 22:10:00,-0.0011924416,0.38244347365189507,0.7499999832361937,9.9899997767061,0.024664129630248,0.6857495420137271,0.7104136716439751,1.0916647037364735,0.006518641168156775,8.0
2025-12-26 22:20:00,-0.0011924416,0.354717359612693,0.7499999832361937,9.9899997767061,0.024664129630248,0.6857495420137271,0.7104136716439751,1.0639385896972713,0.006518641168156775,8.0
2025-12-26 22:30:00,-0.0011924416,0.32516512292711175,0.7499999832361937,9.9899997767061,0.024664129630248,0.6857495420137271,0.7104136716439751,1.0343863530116901,0.006518641168156775,8.0
2025-12-26 22:40:00,-0.0011924416,0.29401025430190275,0.7499999832361937,9.9899997767061,0.024664129630248,0.6857495420137271,0.7104136716439751,1.0032314843864811,0.006518641168156775,8.0
2025-12-26 22:50:00,-0.0011924416,0.26149415570294715,0.7499999832361937,9.9899997767061,0.024664129630248,0.6857495420137271,0.7104136716439751,0.9707153857875255,0.006518641168156775,8.0
2025-12-26 23:00:00,-0.0011924416,0.22787374090072,0.7499999832361937,9.9899997767061,0.024664129630248,0.6857495420137271,0.7104136716439751,0.9370949709852984,0.006518641168156775,8.0
2025-12-26 23:10:00,-0.0011924416,0.19341860667044408,0.7499999832361937,9.9899997767061,0.024664129630248,0.6857495420137271,0.7104136716439751,0.9026398367550225,0.006518641168156775,8.0
2025-12-26 23:20:00,-0.0011924416,0.15840787364531786,0.7499999832361937,9.9899997767061,0.024664129630248,0.6857495420137271,0.7104136716439751,0.8676291037298962,0.006518641168156775,8.0
2025-12-26 23:30:00,-0.0011924416,0.12312680642828472,0.7499999832361937,9.9899997767061,0.024664129630248,0.6857495420137271,0.7104136716439751,0.832348036512863,0.006518641168156775,8.0
2025-12-26 23:40:00,-0.0011924416,0.08786332386201469,0.7499999832361937,9.9899997767061,0.024664129630248,0.6857495420137271,0.7104136716439751,0.797084553946593,0.006518641168156775,8.0
2025-12-26 23:50:00,-0.0011924416,0.05290450344792727,0.7499999832361937,9.9899997767061,0.024664129630248,0.6857495420137271,0.7104136716439751,0.7621257335325057,0.006518641168156775,8.0
2025-12-27 00:00:00,0.013402343,0.0185331699309378,0.7999999821186066,9.9899997767061,0.02547300354844037,0.7082390815702743,0.7337120851187147,0.7656475978459781,0.006518641168156775,8.0
2025-12-27 00:10:00,0.013402343,-0.014975359888457048,0.7999999821186066,9.9899997767061,0.02547300354844037,0.7082390815702743,0.7337120851187147,0.7321390680265834,0.006518641168156775,8.0
2025-12-27 00:20:00,0.013402343,-0.047356324285752815,0.7999999821186066,9.9899997767061,0.02547300354844037,0.7082390815702743,0.7337120851187147,0.6997581036292875,0.006518641168156775,8.0
2025-12-27 00:30:00,0.013402343,-0.07835832292882074,0.7999999821186066,9.9899997767061,0.02547300354844037,0.7082390815702743,0.7337120851187147,0.6687561049862196,0.006518641168156775,8.0
2025-12-27 00:40:00,0.013402343,-0.10774586595712285,0.7999999821186066,9.9899997767061,0.02547300354844037,0.7082390815702743,0.7337120851187147,0.6393685619579175,0.006518641168156775,8.0
2025-12-27 00:50:00,0.013402343,-0.1353016608405577,0.7999999821186066,9.9899997767061,0.02547300354844037,0.7082390815702743,0.7337120851187147,0.6118127670744826,0.006518641168156775,8.0
2025-12-27 01:00:00,0.013402343,-0.16082863802273703,0.7999999821186066,9.9899997767061,0.02547300354844037,0.7082390815702743,0.7337120851187147,0.5862857898923033,0.006518641168156775,8.0
2025-12-27 01:10:00,0.013402343,-0.18415171671611835,0.7999999821186066,9.9899997767061,0.02547300354844037,0.7082390815702743,0.7337120851187147,0.5629627111989219,0.006518641168156775,8.0
2025-12-27 01:20:00,0.013402343,-0.20511930775723028,0.7999999821186066,9.9899997767061,0.02547300354844037,0.7082390815702743,0.7337120851187147,0.54199512015781,0.006518641168156775,8.0
2025-12-27 01:30:00,0.013402343,-0.22360454291317539,0.7999999821186066,9.9899997767061,0.02547300354844037,0.7082390815702743,0.7337120851187147,0.5235098850018649,0.006518641168156775,8.0
2025-12-27 01:40:00,0.013402343,-0.2395062110440882,0.7999999821186066,9.9899997767061,0.02547300354844037,0.7082390815702743,0.7337120851187147,0.5076082168709521,0.006518641168156775,8.0
2025-12-27 01:50:00,0.013402343,-0.2527493738568879,0.7999999821186066,9.9899997767061,0.02547300354844037,0.7082390815702743,0.7337120851187147,0.49436505405815245,0.006518641168156775,8.0
2025-12-27 02:00:00,0.013402343,-0.2632856292497042,0.7999999821186066,9.9899997767061,0.02547300354844037,0.7082390815702743,0.7337120851187147,0.4838287986653361,0.006518641168156775,8.0
2025-12-27 02:10:00,0.013402343,-0.27109299058043035,0.7999999821186066,9.9899997767061,0.02547300354844037,0.7082390815702743,0.7337120851187147,0.47602143733461,0.006518641168156775,8.0
2025-12-27 02:20:00,0.013402343,-0.27617535642528446,0.7999999821186066,9.9899997767061,0.02547300354844037,0.7082390815702743,0.7337120851187147,0.4709390714897559,0.006518641168156775,8.0
2025-12-27 02:30:00,0.013402343,-0.2785615579673003,0.7999999821186066,9.9899997767061,0.02547300354844037,0.7082390815702743,0.7337120851187147,0.46855286994774004,0.006518641168156775,8.0
2025-12-27 02:40:00,0.013402343,-0.2783039893799739,0.7999999821186066,9.9899997767061,0.02547300354844037,0.7082390815702743,0.7337120851187147,0.46881043853506643,0.006518641168156775,8.0
2025-12-27 02:50:00,0.013402343,-0.2754768489993036,0.7999999821186066,9.9899997767061,0.02547300354844037,0.7082390815702743,0.7337120851187147,0.47163757891573677,0.006518641168156775,8.0
2025-12-27 03:00:00,0.013402343,-0.2701740435581438,0.8399999812245369,9.979999776929617,0.026075933132686552,0.725002644382411,0.7510785775150975,0.49430687675327944,0.006518641168156775,8.0
2025-12-27 03:10:00,0.013402343,-0.2625068316487811,0.8399999812245369,9.979999776929617,0.026075933132686552,0.725002644382411,0.7510785775150975,0.5019740886626421,0.006518641168156775,8.0
2025-12-27 03:20:00,0.013402343,-0.2526013030624208,0.8399999812245369,9.979999776929617,0.026075933132686552,0.725002644382411,0.7510785775150975,0.5118796172490024,0.006518641168156775,8.0
2025-12-27 03:30:00,0.013402343,-0.24059580515745402,0.8399999812245369,9.979999776929617,0.026075933132686552,0.725002644382411,0.7510785775150975,0.5238851151539692,0.006518641168156775,8.0
2025-12-27 03:40:00,0.013402343,-0.22663843370457695,0.8399999812245369,9.979999776929617,0.026075933132686552,0.725002644382411,0.7510785775150975,0.5378424866068463,0.006518641168156775,8.0
2025-12-27 03:50:00,0.013402343,-0.21088470248349847,0.8399999812245369,9.979999776929617,0.026075933132686552,0.725002644382411,0.7510785775150975,0.5535962178279248,0.006518641168156775,8.0
2025-12-27 04:00:00,0.013402343,-0.19349549277427702,0.8399999812245369,9.979999776929617,0.026075933132686552,0.725002644382411,0.7510785775150975,0.5709854275371462,0.006518641168156775,8.0
2025-12-27 04:10:00,0.013402343,-0.17463536150398107,0.8399999812245369,9.979999776929617,0.026075933132686552,0.725002644382411,0.7510785775150975,0.5898455588074422,0.006518641168156775,8.0
2025-12-27 04:20:00,0.013402343,-0.15447125688316024,0.8399999812245369,9.979999776929617,0.026075933132686552,0.725002644382411,0.7510785775150975,0.610009663428263,0.006518641168156775,8.0
2025-12-27 04:30:00,0.013402343,-0.13317165536856676,0.8399999812245369,9.979999776929617,0.026075933132686552,0.725002644382411,0.7510785775150975,0.6313092649428564,0.006518641168156775,8.0
2025-12-27 04:40:00,0.013402343,-0.11090609714258179,0.8399999812245369,9.979999776929617,0.026075933132686552,0.725002644382411,0.7510785775150975,0.6535748231688414,0.006518641168156775,8.0
2025-12-27 04:50:00,0.013402343,-0.08784506222586211,0.8399999812245369,9.979999776929617,0.026075933132686552,0.725002644382411,0.7510785775150975,0.6766358580855611,0.006518641168156775,8.0
2025-12-27 05:00:00,0.013402343,-0.06416009966530525,0.8399999812245369,9.979999776929617,0.026075933132686552,0.725002644382411,0.7510785775150975,0.700320820646118,0.006518641168156775,8.0
2025-12-27 05:10:00,0.013402343,-0.04002410059785514,0.8399999812245369,9.979999776929617,0.026075933132686552,0.725002644382411,0.7510785775150975,0.7244568197135681,0.006518641168156775,8.0
2025-12-27 05:20:00,0.013402343,-0.015611594984263597,0.8399999812245369,9.979999776929617,0.026075933132686552,0.725002644382411,0.7510785775150975,0.7488693253271597,0.006518641168156775,8.0
2025-12-27 05:30:00,0.013402343,0.008901047552964027,0.8399999812245369,9.979999776929617,0.026075933132686552,0.725002644382411,0.7510785775150975,0.7733819678643873,0.006518641168156775,8.0
2025-12-27 05:40:00,0.013402343,0.033335620029119696,0.8399999812245369,9.979999776929617,0.026075933132686552,0.725002644382411,0.7510785775150975,0.797816540340543,0.006518641168156775,8.0
2025-12-27 05:50:00,0.013402343,0.05751236771123011,0.8399999812245369,9.979999776929617,0.026075933132686552,0.725002644382411,0.7510785775150975,0.8219932880226534,0.006518641168156775,8.0
2025-12-27 06:00:00,0.013402343,0.0812506180485267,0.8299999814480543,9.94999977760017,0.025842337931808252,0.7185078762953002,0.7443502142271085,0.8390031750719609,0.006518641168156775,8.0
2025-12-27 06:10:00,0.013402343,0.10436976736026718,0.8299999814480543,9.94999977760017,0.025842337931808252,0.7185078762953002,0.7443502142271085,0.8621223243837013,0.006518641168156775,8.0
2025-12-27 06:20:00,0.013402343,0.1266906029186404,0.8299999814480543,9.94999977760017,0.025842337931808252,0.7185078762953002,0.7443502142271085,0.8844431599420746,0.006518641168156775,8.0
2025-12-27 06:30:00,0.013402343,0.14803690348375212,0.8299999814480543,9.94999977760017,0.025842337931808252,0.7185078762953002,0.7443502142271085,0.9057894605071862,0.006518641168156775,8.0
2025-12-27 06:40:00,0.013402343,0.1682372319693547,0.8299999814480543,9.94999977760017,0.025842337931808252,0.7185078762953002,0.7443502142271085,0.9259897889927888,0.006518641168156775,8.0
2025-12-27 06:50:00,0.013402343,0.1871268135593795,0.8299999814480543,9.94999977760017,0.025842337931808252,0.7185078762953002,0.7443502142271085,0.9448793705828136,0.006518641168156775,8.0
2025-12-27 07:00:00,0.013402343,0.20454938339444348,0.8299999814480543,9.94999977760017,0.025842337931808252,0.7185078762953002,0.7443502142271085,0.9623019404178776,0.006518641168156775,8.0
2025-12-27 07:10:00,0.013402343,0.22035889091829414,0.8299999814480543,9.94999977760017,0.025842337931808252,0.7185078762953002,0.7443502142271085,0.9781114479417283,0.006518641168156775,8.0
2025-12-27 07:20:00,0.013402343,0.23442096251704148,0.8299999814480543,9.94999977760017,0.025842337931808252,0.7185078762953002,0.7443502142271085,0.9921735195404756,0.006518641168156775,8.0
2025-12-27 07:30:00,0.013402343,0.24661404895901534,0.8299999814480543,9.94999977760017,0.025842337931808252,0.7185078762953002,0.7443502142271085,1.0043666059824494,0.006518641168156775,8.0
2025-12-27 07:40:00,0.013402343,0.25683021630774866,0.8299999814480543,9.94999977760017,0.025842337931808252,0.7185078762953002,0.7443502142271085,1.0145827733311827,0.006518641168156775,8.0
2025-12-27 07:50:00,0.013402343,0.2649755753708447,0.8299999814480543,9.94999977760017,0.025842337931808252,0.7185078762953002,0.7443502142271085,1.022728132394279,0.006518641168156775,8.0
2025-12-27 08:00:00,0.013402343,0.270970381134199,0.8299999814480543,9.94999977760017,0.025842337931808252,0.7185078762953002,0.7443502142271085,1.028722938157633,0.006518641168156775,8.0
2025-12-27 08:10:00,0.013402343,0.27474886646062985,0.8299999814480543,9.94999977760017,0.025842337931808252,0.7185078762953002,0.7443502142271085,1.032501423484064,0.006518641168156775,8.0
2025-12-27 08:20:00,0.013402343,0.27625889983560675,0.8299999814480543,9.94999977760017,0.025842337931808252,0.7185078762953002,0.7443502142271085,1.0340114568590408,0.006518641168156775,8.0
2025-12-27 08:30:00,0.013402343,0.27546157257797765,0.8299999814480543,9.94999977760017,0.025842337931808252,0.7185078762953002,0.7443502142271085,1.033214129601412,0.006518641168156775,8.0
2025-12-27 08:40:00,0.013402343,0.27233082496310834,0.8299999814480543,9.94999977760017,0.025842337931808252,0.7185078762953002,0.7443502142271085,1.0300833819865425,0.006518641168156775,8.0
2025-12-27 08:50:00,0.013402343,0.2668532126161628,0.8299999814480543,9.94999977760017,0.025842337931808252,0.7185078762953002,0.7443502142271085,1.024605769639597,0.006518641168156775,8.0
2025-12-27 09:00:00,0.013402343,0.2590278952526,0.8099999818950891,9.909999778494239,0.025426456404359175,0.7069449072687988,0.7323713636731579,1.0048016017220835,0.006518641168156775,8.0
2025-12-27 09:10:00,0.013402343,0.24886690121711247,0.8099999818950891,9.909999778494239,0.025426456404359175,0.7069449072687988,0.7323713636731579,0.9946406076865961,0.006518641168156775,8.0
2025-12-27 09:20:00,0.013402343,0.2363956863552259,0.8099999818950891,9.909999778494239,0.025426456404359175,0.7069449072687988,0.7323713636731579,0.9821693928247095,0.006518641168156775,8.0
2025-12-27 09:30:00,0.013402343,0.22165396803013157,0.8099999818950891,9.909999778494239,0.025426456404359175,0.7069449072687988,0.7323713636731579,0.9674276744996152,0.006518641168156775,8.0
2025-12-27 09:40:00,0.013402343,0.2046967784771411,0.8099999818950891,9.909999778494239,0.025426456404359175,0.7069449072687988,0.7323713636731579,0.9504704849466247,0.006518641168156775,8.0
2025-12-27 09:50:00,0.013402343,0.1855956498247618,0.8099999818950891,9.909999778494239,0.025426456404359175,0.7069449072687988,0.7323713636731579,0.9313693562942453,0.006518641168156775,8.0
2025-12-27 10:00:00,0.013402343,0.16443981921497902,0.8099999818950891,9.909999778494239,0.025426456404359175,0.7069449072687988,0.7323713636731579,0.9102135256844626,0.006518641168156775,8.0
2025-12-27 10:10:00,0.013402343,0.14133732880098657,0.8099999818950891,9.909999778494239,0.025426456404359175,0.7069449072687988,0.7323713636731579,0.8871110352704702,0.006518641168156775,8.0
2025-12-27 10:20:00,0.013402343,0.11641589332484262,0.8099999818950891,9.909999778494239,0.025426456404359175,0.7069449072687988,0.7323713636731579,0.8621895997943262,0.006518641168156775,8.0
2025-12-27 10:30:00,0.013402343,0.08982341742419946,0.8099999818950891,9.909999778494239,0.025426456404359175,0.7069449072687988,0.7323713636731579,0.835597123893683,0.006518641168156775,8.0
2025-12-27 10:40:00,0.013402343,0.06172806485541875,0.8099999818950891,9.909999778494239,0.025426456404359175,0.7069449072687988,0.7323713636731579,0.8075017713249023,0.006518641168156775,8.0
2025-12-27 10:50:00,0.013402343,0.032317810122439256,0.8099999818950891,9.909999778494239,0.025426456404359175,0.7069449072687988,0.7323713636731579,0.7780915165919229,0.006518641168156775,8.0
2025-12-27 11:00:00,0.013402343,0.0017994369342806044,0.8099999818950891,9.909999778494239,0.025426456404359175,0.7069449072687988,0.7323713636731579,0.7475731434037642,0.006518641168156775,8.0
2025-12-27 11:10:00,0.013402343,-0.02960301615001389,0.8099999818950891,9.909999778494239,0.025426456404359175,0.7069449072687988,0.7323713636731579,0.7161706903194697,0.006518641168156775,8.0
2025-12-27 11:20:00,0.013402343,-0.06165032772847055,0.8099999818950891,9.909999778494239,0.025426456404359175,0.7069449072687988,0.7323713636731579,0.684123378741013,0.006518641168156775,8.0
2025-12-27 11:30:00,0.013402343,-0.09409061770113464,0.8099999818950891,9.909999778494239,0.025426456404359175,0.7069449072687988,0.7323713636731579,0.6516830887683489,0.006518641168156775,8.0
2025-12-27 11:40:00,0.013402343,-0.12666223464131557,0.8099999818950891,9.909999778494239,0.025426456404359175,0.7069449072687988,0.7323713636731579,0.6191114718281681,0.006518641168156775,8.0
2025-12-27 11:50:00,0.013402343,-0.15909690259724502,0.8099999818950891,9.909999778494239,0.025426456404359175,0.7069449072687988,0.7323713636731579,0.5866768038722385,0.006518641168156775,8.0
2025-12-27 12:00:00,0.013402343,-0.19112301794164593,0.789999982342124,9.859999779611826,0.02498389436430414,0.6946401261623856,0.7196240205266897,0.5419033453813695,0.006518641168156775,8.0
2025-12-27 12:10:00,0.013402343,-0.2224689902817749,0.789999982342124,9.859999779611826,0.02498389436430414,0.6946401261623856,0.7196240205266897,0.5105573730412405,0.006518641168156775,8.0
2025-12-27 12:20:00,0.013402343,-0.25286653236622875,0.789999982342124,9.859999779611826,0.02498389436430414,0.6946401261623856,0.7196240205266897,0.48015983095678666,0.006518641168156775,8.0
2025-12-27 12:30:00,0.013402343,-0.2820538205068047,0.789999982342124,9.859999779611826,0.02498389436430414,0.6946401261623856,0.7196240205266897,0.4509725428162107,0.006518641168156775,8.0
2025-12-27 12:40:00,0.013402343,-0.3097784667908913,0.789999982342124,9.859999779611826,0.02498389436430414,0.6946401261623856,0.7196240205266897,0.4232478965321241,0.006518641168156775,8.0
2025-12-27 12:50:00,0.013402343,-0.3358002644588025,0.789999982342124,9.859999779611826,0.02498389436430414,0.6946401261623856,0.7196240205266897,0.3972260988642129,0.006518641168156775,8.0
2025-12-27 13:00:00,0.013402343,-0.35989368598784494,0.789999982342124,9.859999779611826,0.02498389436430414,0.6946401261623856,0.7196240205266897,0.37313267733517047,0.006518641168156775,8.0
2025-12-27 13:10:00,0.013402343,-0.38185012760735787,0.789999982342124,9.859999779611826,0.02498389436430414,0.6946401261623856,0.7196240205266897,0.35117623571565754,0.006518641168156775,8.0
2025-12-27 13:20:00,0.013402343,-0.40147990269425193,0.789999982342124,9.859999779611826,0.02498389436430414,0.6946401261623856,0.7196240205266897,0.3315464606287635,0.006518641168156775,8.0
2025-12-27 13:30:00,0.013402343,-0.41861398960264157,0.789999982342124,9.859999779611826,0.02498389436430414,0.6946401261623856,0.7196240205266897,0.31441237372037384,0.006518641168156775,8.0
2025-12-27 13:40:00,0.013402343,-0.4331055370427793,0.789999982342124,9.859999779611826,0.02498389436430414,0.6946401261623856,0.7196240205266897,0.2999208262802361,0.006518641168156775,8.0
2025-12-27 13:50:00,0.013402343,-0.4448311235597975,0.789999982342124,9.859999779611826,0.02498389436430414,0.6946401261623856,0.7196240205266897,0.2881952397632179,0.006518641168156775,8.0
2025-12-27 14:00:00,0.013402343,-0.453691758709299,0.789999982342124,9.859999779611826,0.02498389436430414,0.6946401261623856,0.7196240205266897,0.2793346046137164,0.006518641168156775,8.0
2025-12-27 14:10:00,0.013402343,-0.459613604339879,0.789999982342124,9.859999779611826,0.02498389436430414,0.6946401261623856,0.7196240205266897,0.2734127589831364,0.006518641168156775,8.0
2025-12-27 14:20:00,0.013402343,-0.46254838723126207,0.789999982342124,9.859999779611826,0.02498389436430414,0.6946401261623856,0.7196240205266897,0.27047797609175334,0.006518641168156775,8.0
2025-12-27 14:30:00,0.013402343,-0.46247347121607063,0.789999982342124,9.859999779611826,0.02498389436430414,0.6946401261623856,0.7196240205266897,0.2705528921069448,0.006518641168156775,8.0
2025-12-27 14:40:00,0.013402343,-0.4593915593153684,0.789999982342124,9.859999779611826,0.02498389436430414,0.6946401261623856,0.7196240205266897,0.273634804007647,0.006518641168156775,8.0
2025-12-27 14:50:00,0.013402343,-0.45333000502219856,0.789999982342124,9.859999779611826,0.02498389436430414,0.6946401261623856,0.7196240205266897,0.27969635830081685,0.006518641168156775,8.0
2025-12-27 15:00:00,0.013402343,-0.4443397266315814,0.7599999830126762,9.79999978095293,0.024355808247508763,0.677177123275416,0.7015329315229247,0.270595547687669,0.006518641168156775,8.0
2025-12-27 15:10:00,0.013402343,-0.43249373837361355,0.7599999830126762,9.79999978095293,0.024355808247508763,0.677177123275416,0.7015329315229247,0.28244153594563687,0.006518641168156775,8.0
2025-12-27 15:20:00,0.013402343,-0.41788533526387706,0.7599999830126762,9.79999978095293,0.024355808247508763,0.677177123275416,0.7015329315229247,0.29704993905537336,0.006518641168156775,8.0
2025-12-27 15:30:00,0.013402343,-0.400625992651138,0.7599999830126762,9.79999978095293,0.024355808247508763,0.677177123275416,0.7015329315229247,0.3143092816681124,0.006518641168156775,8.0
2025-12-27 15:40:00,0.013402343,-0.38084306364928283,0.7599999830126762,9.79999978095293,0.024355808247508763,0.677177123275416,0.7015329315229247,0.3340922106699676,0.006518641168156775,8.0
2025-12-27 15:50:00,0.013402343,-0.35867737525824395,0.7599999830126762,9.79999978095293,0.024355808247508763,0.677177123275416,0.7015329315229247,0.35625789906100647,0.006518641168156775,8.0
2025-12-27 16:00:00,0.013402343,-0.33428083458531904,0.7599999830126762,9.79999978095293,0.024355808247508763,0.677177123275416,0.7015329315229247,0.38065443973393137,0.006518641168156775,8.0
2025-12-27 16:10:00,0.013402343,-0.307814158344194,0.7599999830126762,9.79999978095293,0.024355808247508763,0.677177123275416,0.7015329315229247,0.4071211159750564,0.006518641168156775,8.0
2025-12-27 16:20:00,0.013402343,-0.2794448308759802,0.7599999830126762,9.79999978095293,0.024355808247508763,0.677177123275416,0.7015329315229247,0.4354904434432702,0.006518641168156775,8.0
2025-12-27 16:30:00,0.013402343,-0.24934537832090128,0.7599999830126762,9.79999978095293,0.024355808247508763,0.677177123275416,0.7015329315229247,0.4655898959983491,0.006518641168156775,8.0
2025-12-27 16:40:00,0.013402343,-0.21769202050605058,0.7599999830126762,9.79999978095293,0.024355808247508763,0.677177123275416,0.7015329315229247,0.49724325381319984,0.006518641168156775,8.0
2025-12-27 16:50:00,0.013402343,-0.18466372969984096,0.7599999830126762,9.79999978095293,0.024355808247508763,0.677177123275416,0.7015329315229247,0.5302715446194095,0.006518641168156775,8.0
2025-12-27 17:00:00,0.013402343,-0.15044168950998782,0.7599999830126762,9.79999978095293,0.024355808247508763,0.677177123275416,0.7015329315229247,0.5644935848092626,0.006518641168156775,8.0
2025-12-27 17:10:00,0.013402343,-0.11520911128835191,0.7599999830126762,9.79999978095293,0.024355808247508763,0.677177123275416,0.7015329315229247,0.5997261630308985,0.006518641168156775,8.0
2025-12-27 17:20:00,0.013402343,-0.07915133300407062,0.7599999830126762,9.79999978095293,0.024355808247508763,0.677177123275416,0.7015329315229247,0.6357839413151798,0.006518641168156775,8.0
2025-12-27 17:30:00,0.013402343,-0.04245609986405828,0.7599999830126762,9.79999978095293,0.024355808247508763,0.677177123275416,0.7015329315229247,0.6724791744551921,0.006518641168156775,8.0
2025-12-27 17:40:00,0.013402343,-0.005313909746154208,0.7599999830126762,9.79999978095293,0.024355808247508763,0.677177123275416,0.7015329315229247,0.7096213645730962,0.006518641168156775,8.0
2025-12-27 17:50:00,0.013402343,0.03208169846445832,0.7599999830126762,9.79999978095293,0.024355808247508763,0.677177123275416,0.7015329315229247,0.7470169727837087,0.006518641168156775,8.0
2025-12-27 18:00:00,0.013402343,0.06953402871694828,0.7199999839067459,9.749999782070518,0.023585252945092273,0.6557529759955413,0.6793382289406336,0.7622746004539075,0.006518641168156775,8.0
2025-12-27 18:10:00,0.013402343,0.10684338067275675,0.7199999839067459,9.749999782070518,0.023585252945092273,0.6557529759955413,0.6793382289406336,0.799583952409716,0.006518641168156775,8.0
2025-12-27 18:20:00,0.013402343,0.1438075406913349,0.7199999839067459,9.749999782070518,0.023585252945092273,0.6557529759955413,0.6793382289406336,0.8365481124282941,0.006518641168156775,8.0
2025-12-27 18:30:00,0.013402343,0.18022264537772664,0.7199999839067459,9.749999782070518,0.023585252945092273,0.6557529759955413,0.6793382289406336,0.8729632171146859,0.006518641168156775,8.0
2025-12-27 18:40:00,0.013402343,0.21588441411246856,0.7199999839067459,9.749999782070518,0.023585252945092273,0.6557529759955413,0.6793382289406336,0.9086249858494277,0.006518641168156775,8.0
2025-12-27 18:50:00,0.013402343,0.25058970940751396,0.7199999839067459,9.749999782070518,0.023585252945092273,0.6557529759955413,0.6793382289406336,0.9433302811444733,0.006518641168156775,8.0
2025-12-27 19:00:00,0.013402343,0.2841383506501268,0.7199999839067459,9.749999782070518,0.023585252945092273,0.6557529759955413,0.6793382289406336,0.9768789223870861,0.006518641168156775,8.0
2025-12-27 19:10:00,0.013402343,0.3163350812466831,0.7199999839067459,9.749999782070518,0.023585252945092273,0.6557529759955413,0.6793382289406336,1.0090756529836424,0.006518641168156775,8.0
2025-12-27 19:20:00,0.013402343,0.3469915738197197,0.7199999839067459,9.749999782070518,0.023585252945092273,0.6557529759955413,0.6793382289406336,1.039732145556679,0.006518641168156775,8.0
2025-12-27 19:30:00,0.013402343,0.3759283547301898,0.7199999839067459,9.749999782070518,0.023585252945092273,0.6557529759955413,0.6793382289406336,1.068668926467149,0.006518641168156775,8.0
2025-12-27 19:40:00,0.013402343,0.402976537865222,0.7199999839067459,9.749999782070518,0.023585252945092273,0.6557529759955413,0.6793382289406336,1.0957171096021812,0.006518641168156775,8.0
2025-12-27 19:50:00,0.013402343,0.4279792775345391,0.7199999839067459,9.749999782070518,0.023585252945092273,0.6557529759955413,0.6793382289406336,1.1207198492714983,0.006518641168156775,8.0
2025-12-27 20:00:00,0.013402343,0.4507928793241178,0.7199999839067459,9.749999782070518,0.023585252945092273,0.6557529759955413,0.6793382289406336,1.143533451061077,0.006518641168156775,8.0
2025-12-27 20:10:00,0.013402343,0.47128754266598144,0.7199999839067459,9.749999782070518,0.023585252945092273,0.6557529759955413,0.6793382289406336,1.1640281144029407,0.006518641168156775,8.0
2025-12-27 20:20:00,0.013402343,0.4893477461161021,0.7199999839067459,9.749999782070518,0.023585252945092273,0.6557529759955413,0.6793382289406336,1.1820883178530615,0.006518641168156775,8.0
2025-12-27 20:30:00,0.013402343,0.5048723219082546,0.7199999839067459,9.749999782070518,0.023585252945092273,0.6557529759955413,0.6793382289406336,1.1976128936452137,0.006518641168156775,8.0
2025-12-27 20:40:00,0.013402343,0.517774296448829,0.7199999839067459,9.749999782070518,0.023585252945092273,0.6557529759955413,0.6793382289406336,1.2105148681857882,0.006518641168156775,8.0
2025-12-27 20:50:00,0.013402343,0.5279805949455515,0.7199999839067459,9.749999782070518,0.023585252945092273,0.6557529759955413,0.6793382289406336,1.2207211666825106,0.006518641168156775,8.0
2025-12-27 21:00:00,0.013402343,0.5354317190057165,0.6999999843537807,11.779999736696482,0.02809726094264799,0.7812026660625082,0.8092999270051562,1.3581339888071984,0.006518641168156775,8.0
2025-12-27 21:10:00,0.013402343,0.5400815046547449,0.6999999843537807,11.779999736696482,0.02809726094264799,0.7812026660625082,0.8092999270051562,1.3627837744562268,0.006518641168156775,8.0
2025-12-27 21:20:00,0.013402343,0.5418970549902415,0.6999999843537807,11.779999736696482,0.02809726094264799,0.7812026660625082,0.8092999270051562,1.3645993247917234,0.006518641168156775,8.0
2025-12-27 21:30:00,0.013402343,0.5408589179537022,0.6999999843537807,11.779999736696482,0.02809726094264799,0.7812026660625082,0.8092999270051562,1.363561187755184,0.006518641168156775,8.0
2025-12-27 21:40:00,0.013402343,0.5369615479211435,0.6999999843537807,11.779999736696482,0.02809726094264799,0.7812026660625082,0.8092999270051562,1.3596638177226255,0.006518641168156775,8.0
2025-12-27 21:50:00,0.013402343,0.5302140532817918,0.6999999843537807,11.779999736696482,0.02809726094264799,0.7812026660625082,0.8092999270051562,1.3529163230832737,0.006518641168156775,8.0
2025-12-27 22:00:00,0.013402343,0.5206411946371702,0.6999999843537807,11.779999736696482,0.02809726094264799,0.7812026660625082,0.8092999270051562,1.343343464438652,0.006518641168156775,8.0
2025-12-27 22:10:00,0.013402343,0.508284563499978,0.6999999843537807,11.779999736696482,0.02809726094264799,0.7812026660625082,0.8092999270051562,1.3309868333014598,0.006518641168156775,8.0
2025-12-27 22:20:00,0.013402343,0.49320384296036174,0.6999999843537807,11.779999736696482,0.02809726094264799,0.7812026660625082,0.8092999270051562,1.3159061127618437,0.006518641168156775,8.0
2025-12-27 22:30:00,0.013402343,0.4754780324318594,0.6999999843537807,11.779999736696482,0.02809726094264799,0.7812026660625082,0.8092999270051562,1.2981803022333414,0.006518641168156775,8.0
2025-12-27 22:40:00,0.013402343,0.45520651021678227,0.6999999843537807,11.779999736696482,0.02809726094264799,0.7812026660625082,0.8092999270051562,1.2779087800182642,0.006518641168156775,8.0
2025-12-27 22:50:00,0.013402343,0.43250981091486124,0.6999999843537807,11.779999736696482,0.02809726094264799,0.7812026660625082,0.8092999270051562,1.2552120807163432,0.006518641168156775,8.0
2025-12-27 23:00:00,0.013402343,0.40753000904498204,0.6999999843537807,11.779999736696482,0.02809726094264799,0.7812026660625082,0.8092999270051562,1.230232278846464,0.006518641168156775,8.0
2025-12-27 23:10:00,0.013402343,0.3804306243290832,0.6999999843537807,11.779999736696482,0.02809726094264799,0.7812026660625082,0.8092999270051562,1.203132894130565,0.006518641168156775,8.0
2025-12-27 23:20:00,0.013402343,0.3513959949910152,0.6999999843537807,11.779999736696482,0.02809726094264799,0.7812026660625082,0.8092999270051562,1.1740982647924971,0.006518641168156775,8.0
2025-12-27 23:30:00,0.013402343,0.320630100454178,0.6999999843537807,11.779999736696482,0.02809726094264799,0.7812026660625082,0.8092999270051562,1.14333237025566,0.006518641168156775,8.0
2025-12-27 23:40:00,0.013402343,0.28835485016388285,0.6999999843537807,11.779999736696482,0.02809726094264799,0.7812026660625082,0.8092999270051562,1.1110571199653647,0.006518641168156775,8.0
2025-12-27 23:50:00,0.013402343,0.25480788797103515,0.6999999843537807,11.779999736696482,0.02809726094264799,0.7812026660625082,0.8092999270051562,1.077510157772517,0.006518641168156775,8.0
2025-12-28 00:00:00,0.013402343,0.2202399883806476,0.6999999843537807,11.779999736696482,0.02809726094264799,0.7812026660625082,0.8092999270051562,1.0429422581821295,0.006518641168156775,8.0
2025-12-28 00:10:00,,0.1849121401626941,,,,,,,0.006518641168156775,8.0
2025-12-28 00:20:00,,0.14909242297350098,,,,,,,0.006518641168156775,8.0
2025-12-28 00:30:00,,0.11305278352764432,,,,,,,0.006518641168156775,8.0
2025-12-28 00:40:00,,0.07706581058767636,,,,,,,0.006518641168156775,8.0
2025-12-28 00:50:00,,0.0414015938470563,,,,,,,0.006518641168156775,8.0
2025-12-28 01:00:00,,0.00632473344635505,,,,,,,0.006518641168156775,8.0
2025-12-28 01:10:00,,-0.027908453472737224,,,,,,,0.006518641168156775,8.0
2025-12-28 01:20:00,,-0.06105250206627784,,,,,,,0.006518641168156775,8.0
2025-12-28 01:30:00,,-0.09287513419511961,,,,,,,0.006518641168156775,8.0
2025-12-28 01:40:00,,-0.12315935860227507,,,,,,,0.006518641168156775,8.0
2025-12-28 01:50:00,,-0.15170534329691962,,,,,,,0.006518641168156775,8.0
2025-12-28 02:00:00,,-0.1783320665607752,,,,,,,0.006518641168156775,8.0
2025-12-28 02:10:00,,-0.20287874797719394,,,,,,,0.006518641168156775,8.0
2025-12-28 02:20:00,,-0.22520605252067805,,,,,,,0.006518641168156775,8.0
2025-12-28 02:30:00,,-0.24519705084680846,,,,,,,0.006518641168156775,8.0
2025-12-28 02:40:00,,-0.2627579100259399,,,,,,,0.006518641168156775,8.0
2025-12-28 02:50:00,,-0.2778182829697672,,,,,,,0.006518641168156775,8.0
2025-12-28 03:00:00,,-0.2903313637382332,,,,,,,0.006518641168156775,8.0
2025-12-28 03:10:00,,-0.3002735807739519,,,,,,,0.006518641168156775,8.0
2025-12-28 03:20:00,,-0.3076439113391493,,,,,,,0.006518641168156775,8.0
2025-12-28 03:30:00,,-0.3124628174623578,,,,,,,0.006518641168156775,8.0
2025-12-28 03:40:00,,-0.3147708251120268,,,,,,,0.006518641168156775,8.0
2025-12-28 03:50:00,,-0.3146267920177204,,,,,,,0.006518641168156775,8.0
2025-12-28 04:00:00,,-0.3121059329693263,,,,,,,0.006518641168156775,8.0
2025-12-28 04:10:00,,-0.307297691687493,,,,,,,0.006518641168156775,8.0
2025-12-28 04:20:00,,-0.30030356294361576,,,,,,,0.006518641168156775,8.0
2025-12-28 04:30:00,,-0.2912349752601275,,,,,,,0.006518641168156775,8.0
2025-12-28 04:40:00,,-0.2802113418798066,,,,,,,0.006518641168156775,8.0
2025-12-28 04:50:00,,-0.2673583753259793,,,,,,,0.006518641168156775,8.0
2025-12-28 05:00:00,,-0.2528067392753522,,,,,,,0.006518641168156775,8.0
2025-12-28 05:10:00,,-0.2366910824641097,,,,,,,0.006518641168156775,8.0
2025-12-28 05:20:00,,-0.21914946518727718,,,,,,,0.006518641168156775,8.0
2025-12-28 05:30:00,,-0.2003231531294535,,,,,,,0.006518641168156775,8.0
2025-12-28 05:40:00,,-0.18035671892348165,,,,,,,0.006518641168156775,8.0
2025-12-28 05:50:00,,-0.15939836277822036,,,,,,,0.006518641168156775,8.0
2025-12-28 06:00:00,,-0.13760034241596292,,,,,,,0.006518641168156775,8.0
2025-12-28 06:10:00,,-0.11511939198745591,,,,,,,0.006518641168156775,8.0
2025-12-28 06:20:00,,-0.09211701066708251,,,,,,,0.006518641168156775,8.0
2025-12-28 06:30:00,,-0.06875951429493184,,,,,,,0.006518641168156775,8.0
2025-12-28 06:40:00,,-0.045217766888803225,,,,,,,0.006518641168156775,8.0
2025-12-28 06:50:00,,-0.021666540324334793,,,,,,,0.006518641168156775,8.0
2025-12-28 07:00:00,,0.0017165123890425197,,,,,,,0.006518641168156775,8.0
2025-12-28 07:10:00,,0.024752246690358328,,,,,,,0.006518641168156775,8.0
2025-12-28 07:20:00,,0.04726171915626998,,,,,,,0.006518641168156775,8.0
2025-12-28 07:30:00,,0.06906809368486705,,,,,,,0.006518641168156775,8.0
2025-12-28 07:40:00,,0.08999865071741585,,,,,,,0.006518641168156775,8.0
2025-12-28 07:50:00,,0.10988677939013058,,,,,,,0.006518641168156775,8.0
2025-12-28 08:00:00,,0.1285738352049431,,,,,,,0.006518641168156775,8.0
2025-12-28 08:10:00,,0.1459107601839506,,,,,,,0.006518641168156775,8.0
2025-12-28 08:20:00,,0.1617593874856059,,,,,,,0.006518641168156775,8.0
2025-12-28 08:30:00,,0.17599338482407065,,,,,,,0.006518641168156775,8.0
2025-12-28 08:40:00,,0.18849882810255664,,,,,,,0.006518641168156775,8.0
2025-12-28 08:50:00,,0.1991744337259372,,,,,,,0.006518641168156775,8.0
2025-12-28 09:00:00,,0.20793151190985978,,,,,,,0.006518641168156775,8.0
2025-12-28 09:10:00,,0.2146937299024899,,,,,,,0.006518641168156775,8.0
2025-12-28 09:20:00,,0.21939679084425756,,,,,,,0.006518641168156775,8.0
2025-12-28 09:30:00,,0.221988139216336,,,,,,,0.006518641168156775,8.0
2025-12-28 09:40:00,,0.22242679681144178,,,,,,,0.006518641168156775,8.0
2025-12-28 09:50:00,,0.22068341483970816,,,,,,,0.006518641168156775,8.0
2025-12-28 10:00:00,,0.21674059983540428,,,,,,,0.006518641168156775,8.0
2025-12-28 10:10:00,,0.21059353656813284,,,,,,,0.006518641168156775,8.0
2025-12-28 10:20:00,,0.20225089355243364,,,,,,,0.006518641168156775,8.0
2025-12-28 10:30:00,,0.19173595994665285,,,,,,,0.006518641168156775,8.0
2025-12-28 10:40:00,,0.1790879302852167,,,,,,,0.006518641168156775,8.0
2025-12-28 10:50:00,,0.1643632288552891,,,,,,,0.006518641168156775,8.0
2025-12-28 11:00:00,,0.14763675092821357,,,,,,,0.006518641168156775,8.0
2025-12-28 11:10:00,,0.12900289491921607,,,,,,,0.006518641168156775,8.0
2025-12-28 11:20:00,,0.1085762678204741,,,,,,,0.006518641168156775,8.0
2025-12-28 11:30:00,,0.08649196523680015,,,,,,,0.006518641168156775,8.0
2025-12-28 11:40:00,,0.06290535449369088,,,,,,,0.006518641168156775,8.0
2025-12-28 11:50:00,,0.03799132241910816,,,,,,,0.006518641168156775,8.0
2025-12-28 12:00:00,,0.011942984467732704,,,,,,,0.006518641168156775,8.0
2025-12-28 12:10:00,,-0.015030113853673992,,,,,,,0.006518641168156775,8.0
2025-12-28 12:20:00,,-0.042704242361978534,,,,,,,0.006518641168156775,8.0
2025-12-28 12:30:00,,-0.07084409429805347,,,,,,,0.006518641168156775,8.0
2025-12-28 12:40:00,,-0.09920565823956552,,,,,,,0.006518641168156775,8.0
2025-12-28 12:50:00,,-0.1275392493352363,,,,,,,0.006518641168156775,8.0
2025-12-28 13:00:00,,-0.15559259850029755,,,,,,,0.006518641168156775,8.0
2025-12-28 13:10:00,,-0.18311390913966272,,,,,,,0.006518641168156775,8.0
2025-12-28 13:20:00,,-0.20985480709733612,,,,,,,0.006518641168156775,8.0
2025-12-28 13:30:00,,-0.2355731292319696,,,,,,,0.006518641168156775,8.0
2025-12-28 13:40:00,,-0.2600355157397646,,,,,,,0.006518641168156775,8.0
2025-12-28 13:50:00,,-0.28301978925441235,,,,,,,0.006518641168156775,8.0
2025-12-28 14:00:00,,-0.3043171176134587,,,,,,,0.006518641168156775,8.0
2025-12-28 14:10:00,,-0.32373396546659405,,,,,,,0.006518641168156775,8.0
2025-12-28 14:20:00,,-0.3410938425862519,,,,,,,0.006518641168156775,8.0
2025-12-28 14:30:00,,-0.356238853546307,,,,,,,0.006518641168156775,8.0
2025-12-28 14:40:00,,-0.36903104639133705,,,,,,,0.006518641168156775,8.0
2025-12-28 14:50:00,,-0.37935354782712083,,,,,,,0.006518641168156775,8.0
2025-12-28 15:00:00,,-0.38711146259581897,,,,,,,0.006518641168156775,8.0
2025-12-28 15:10:00,,-0.392232506300592,,,,,,,0.006518641168156775,8.0
2025-12-28 15:20:00,,-0.3946673368897486,,,,,,,0.006518641168156775,8.0
2025-12-28 15:30:00,,-0.3943895513105121,,,,,,,0.006518641168156775,8.0
2025-12-28 15:40:00,,-0.39139532145249306,,,,,,,0.006518641168156775,8.0
2025-12-28 15:50:00,,-0.3857026574917803,,,,,,,0.006518641168156775,8.0
2025-12-28 16:00:00,,-0.3773503058760804,,,,,,,0.006518641168156775,8.0
2025-12-28 16:10:00,,-0.3663963120054768,,,,,,,0.006518641168156775,8.0
2025-12-28 16:20:00,,-0.35291630152246045,,,,,,,0.006518641168156775,8.0
2025-12-28 16:30:00,,-0.33700155649055097,,,,,,,0.006518641168156775,8.0
2025-12-28 16:40:00,,-0.31875698073287134,,,,,,,0.006518641168156775,8.0
2025-12-28 16:50:00,,-0.29829905984662347,,,,,,,0.006518641168156775,8.0
2025-12-28 17:00:00,,-0.2757539239918375,,,,,,,0.006518641168156775,8.0
2025-12-28 17:10:00,,-0.2512556146002901,,,,,,,0.006518641168156775,8.0
2025-12-28 17:20:00,,-0.2249446395154171,,,,,,,0.006518641168156775,8.0
2025-12-28 17:30:00,,-0.19696687615489983,,,,,,,0.006518641168156775,8.0
2025-12-28 17:40:00,,-0.16747285067433468,,,,,,,0.006518641168156775,8.0
2025-12-28 17:50:00,,-0.1366173863142711,,,,,,,0.006518641168156775,8.0
2025-12-28 18:00:00,,-0.10455957871258412,,,,,,,0.006518641168156775,8.0
2025-12-28 18:10:00,,-0.07146302424448563,,,,,,,0.006518641168156775,8.0
2025-12-28 18:20:00,,-0.037496202089678035,,,,,,,0.006518641168156775,8.0
2025-12-28 18:30:00,,-0.0028328946966575093,,,,,,,0.006518641168156775,8.0
2025-12-28 18:40:00,,0.032347473509722266,,,,,,,0.006518641168156775,8.0
2025-12-28 18:50:00,,0.06785969262203426,,,,,,,0.006518641168156775,8.0
2025-12-28 19:00:00,,0.1035129140376311,,,,,,,0.006518641168156775,8.0
2025-12-28 19:10:00,,0.13911115520142336,,,,,,,0.006518641168156775,8.0
2025-12-28 19:20:00,,0.1744541950300353,,,,,,,0.006518641168156775,8.0
2025-12-28 19:30:00,,0.20933885503441724,,,,,,,0.006518641168156775,8.0
2025-12-28 19:40:00,,0.24356062322312377,,,,,,,0.006518641168156775,8.0
2025-12-28 19:50:00,,0.27691554463820583,,,,,,,0.006518641168156775,8.0
2025-12-28 20:00:00,,0.3092022765566392,,,,,,,0.006518641168156775,8.0
2025-12-28 20:10:00,,0.3402241908500382,,,,,,,0.006518641168156775,8.0
2025-12-28 20:20:00,,0.36979140254905596,,,,,,,0.006518641168156775,8.0
2025-12-28 20:30:00,,0.3977226120834283,,,,,,,0.006518641168156775,8.0
2025-12-28 20:40:00,,0.4238466688657422,,,,,,,0.006518641168156775,8.0
2025-12-28 20:50:00,,0.4480037927948224,,,,,,,0.006518641168156775,8.0
2025-12-28 21:00:00,,0.47004642576990824,,,,,,,0.006518641168156775,8.0
2025-12-28 21:10:00,,0.4898397228721986,,,,,,,0.006518641168156775,8.0
2025-12-28 21:20:00,,0.5072617291916616,,,,,,,0.006518641168156775,8.0
2025-12-28 21:30:00,,0.5222033191251226,,,,,,,0.006518641168156775,8.0
2025-12-28 21:40:00,,0.5345679972816731,,,,,,,0.006518641168156775,8.0
2025-12-28 21:50:00,,0.5442716716417071,,,,,,,0.006518641168156775,8.0
2025-12-28 22:00:00,,0.5512425088906416,,,,,,,0.006518641168156775,8.0
2025-12-28 22:10:00,,0.5554209692947878,,,,,,,0.006518641168156775,8.0
2025-12-28 22:20:00,,0.5567600950529359,,,,,,,0.006518641168156775,8.0
2025-12-28 22:30:00,,0.555226094487045,,,,,,,0.006518641168156775,8.0
2025-12-28 22:40:00,,0.5507992277319675,,,,,,,0.006518641168156775,8.0
2025-12-28 22:50:00,,0.5434749616399853,,,,,,,0.006518641168156775,8.0
2025-12-28 23:00:00,,0.5332653262002196,,,,,,,0.006518641168156775,8.0
2025-12-28 23:10:00,,0.5202003754371066,,,,,,,0.006518641168156775,8.0
2025-12-28 23:20:00,,0.5043296353206265,,,,,,,0.006518641168156775,8.0
2025-12-28 23:30:00,,0.48572341171803673,,,,,,,0.006518641168156775,8.0
2025-12-28 23:40:00,,0.4644738334013336,,,,,,,0.006518641168156775,8.0
2025-12-28 23:50:00,,0.44069551847894156,,,,,,,0.006518641168156775,8.0
