,SSH_10min,Tide_10min,Significant_Wave_Height,Peak_Wave_Period,Wave_Setup,Wave_Swash,Wave_Runup,Total_Water_Level,beach_slope,water_depth
2026-02-04 00:00:00,-0.0030899197,-0.44197640652112696,1.0199999772012234,16.34999963454902,0.0470746952577787,1.3088420794653814,1.3559167747231602,0.9108504485157158,0.006518641168156775,8.0
2026-02-04 00:10:00,-0.0030899197,-0.41932857709923094,1.0199999772012234,16.34999963454902,0.0470746952577787,1.3088420794653814,1.3559167747231602,0.9334982779376118,0.006518641168156775,8.0
2026-02-04 00:20:00,-0.0030899197,-0.3931516208524432,1.0199999772012234,16.34999963454902,0.0470746952577787,1.3088420794653814,1.3559167747231602,0.9596752341843995,0.006518641168156775,8.0
2026-02-04 00:30:00,-0.0030899197,-0.36370523893254086,1.0199999772012234,16.34999963454902,0.0470746952577787,1.3088420794653814,1.3559167747231602,0.9891216161043019,0.006518641168156775,8.0
2026-02-04 00:40:00,-0.0030899197,-0.33126289326267,1.0199999772012234,16.34999963454902,0.0470746952577787,1.3088420794653814,1.3559167747231602,1.0215639617741727,0.006518641168156775,8.0
2026-02-04 00:50:00,-0.0030899197,-0.296109504808518,1.0199999772012234,16.34999963454902,0.0470746952577787,1.3088420794653814,1.3559167747231602,1.0567173502283247,0.006518641168156775,8.0
2026-02-04 01:00:00,-0.0030899197,-0.2585392864690432,1.0199999772012234,16.34999963454902,0.0470746952577787,1.3088420794653814,1.3559167747231602,1.0942875685677995,0.006518641168156775,8.0
2026-02-04 01:10:00,-0.0030899197,-0.21885366173316054,1.0199999772012234,16.34999963454902,0.0470746952577787,1.3088420794653814,1.3559167747231602,1.1339731933036823,0.006518641168156775,8.0
2026-02-04 01:20:00,-0.0030899197,-0.17735922985619224,1.0199999772012234,16.34999963454902,0.0470746952577787,1.3088420794653814,1.3559167747231602,1.1754676251806506,0.006518641168156775,8.0
2026-02-04 01:30:00,-0.0030899197,-0.13436575507000942,1.0199999772012234,16.34999963454902,0.0470746952577787,1.3088420794653814,1.3559167747231602,1.2184610999668333,0.006518641168156775,8.0
2026-02-04 01:40:00,-0.0030899197,-0.0901841795575623,1.0199999772012234,16.34999963454902,0.0470746952577787,1.3088420794653814,1.3559167747231602,1.2626426754792806,0.006518641168156775,8.0
2026-02-04 01:50:00,-0.0030899197,-0.0451246835799301,1.0199999772012234,16.34999963454902,0.0470746952577787,1.3088420794653814,1.3559167747231602,1.3077021714569126,0.006518641168156775,8.0
2026-02-04 02:00:00,-0.0030899197,0.0005051615217945599,1.0199999772012234,16.34999963454902,0.0470746952577787,1.3088420794653814,1.3559167747231602,1.3533320165586373,0.006518641168156775,8.0
2026-02-04 02:10:00,-0.0030899197,0.04640208455696592,1.0199999772012234,16.34999963454902,0.0470746952577787,1.3088420794653814,1.3559167747231602,1.3992289395938087,0.006518641168156775,8.0
2026-02-04 02:20:00,-0.0030899197,0.09226857748255299,1.0199999772012234,16.34999963454902,0.0470746952577787,1.3088420794653814,1.3559167747231602,1.4450954325193957,0.006518641168156775,8.0
2026-02-04 02:30:00,-0.0030899197,0.13781405784250597,1.0199999772012234,16.34999963454902,0.0470746952577787,1.3088420794653814,1.3559167747231602,1.4906409128793487,0.006518641168156775,8.0
2026-02-04 02:40:00,-0.0030899197,0.1827556691425596,1.0199999772012234,16.34999963454902,0.0470746952577787,1.3088420794653814,1.3559167747231602,1.5355825241794023,0.006518641168156775,8.0
2026-02-04 02:50:00,-0.0030899197,0.22681867833522196,1.0199999772012234,16.34999963454902,0.0470746952577787,1.3088420794653814,1.3559167747231602,1.5796455333720647,0.006518641168156775,8.0
2026-02-04 03:00:00,-0.0030899197,0.26973645937373203,1.1099999751895666,15.899999644607306,0.04775603788910752,1.3277858007477716,1.3755418386368792,1.6421883783242937,0.006518641168156775,8.0
2026-02-04 03:10:00,-0.0030899197,0.3112500870245442,1.1099999751895666,15.899999644607306,0.04775603788910752,1.3277858007477716,1.3755418386368792,1.683702005975106,0.006518641168156775,8.0
2026-02-04 03:20:00,-0.0030899197,0.3511076034300196,1.1099999751895666,15.899999644607306,0.04775603788910752,1.3277858007477716,1.3755418386368792,1.7235595223805813,0.006518641168156775,8.0
2026-02-04 03:30:00,-0.0030899197,0.3890630565180575,1.1099999751895666,15.899999644607306,0.04775603788910752,1.3277858007477716,1.3755418386368792,1.7615149754686192,0.006518641168156775,8.0
2026-02-04 03:40:00,-0.0030899197,0.4248754409250146,1.1099999751895666,15.899999644607306,0.04775603788910752,1.3277858007477716,1.3755418386368792,1.7973273598755763,0.006518641168156775,8.0
2026-02-04 03:50:00,-0.0030899197,0.458307694840752,1.1099999751895666,15.899999644607306,0.04775603788910752,1.3277858007477716,1.3755418386368792,1.8307596137913138,0.006518641168156775,8.0
2026-02-04 04:00:00,-0.0030899197,0.4891259170770162,1.1099999751895666,15.899999644607306,0.04775603788910752,1.3277858007477716,1.3755418386368792,1.8615778360275779,0.006518641168156775,8.0
2026-02-04 04:10:00,-0.0030899197,0.5170989665889992,1.1099999751895666,15.899999644607306,0.04775603788910752,1.3277858007477716,1.3755418386368792,1.889550885539561,0.006518641168156775,8.0
2026-02-04 04:20:00,-0.0030899197,0.5419985901543268,1.1099999751895666,15.899999644607306,0.04775603788910752,1.3277858007477716,1.3755418386368792,1.9144505091048885,0.006518641168156775,8.0
2026-02-04 04:30:00,-0.0030899197,0.5636001948803827,1.1099999751895666,15.899999644607306,0.04775603788910752,1.3277858007477716,1.3755418386368792,1.9360521138309443,0.006518641168156775,8.0
2026-02-04 04:40:00,-0.0030899197,0.5816843416290035,1.1099999751895666,15.899999644607306,0.04775603788910752,1.3277858007477716,1.3755418386368792,1.9541362605795651,0.006518641168156775,8.0
2026-02-04 04:50:00,-0.0030899197,0.5960389874024826,1.1099999751895666,15.899999644607306,0.04775603788910752,1.3277858007477716,1.3755418386368792,1.9684909063530442,0.006518641168156775,8.0
2026-02-04 05:00:00,-0.0030899197,0.6064624524014139,1.1099999751895666,15.899999644607306,0.04775603788910752,1.3277858007477716,1.3755418386368792,1.9789143713519757,0.006518641168156775,8.0
2026-02-04 05:10:00,-0.0030899197,0.6127670354975477,1.1099999751895666,15.899999644607306,0.04775603788910752,1.3277858007477716,1.3755418386368792,1.9852189544481096,0.006518641168156775,8.0
2026-02-04 05:20:00,-0.0030899197,0.6147831543990794,1.1099999751895666,15.899999644607306,0.04775603788910752,1.3277858007477716,1.3755418386368792,1.9872350733496411,0.006518641168156775,8.0
2026-02-04 05:30:00,-0.0030899197,0.6123638473828199,1.1099999751895666,15.899999644607306,0.04775603788910752,1.3277858007477716,1.3755418386368792,1.9848157663333816,0.006518641168156775,8.0
2026-02-04 05:40:00,-0.0030899197,0.6053894455136795,1.1099999751895666,15.899999644607306,0.04775603788910752,1.3277858007477716,1.3755418386368792,1.9778413644642412,0.006518641168156775,8.0
2026-02-04 05:50:00,-0.0030899197,0.5937722091335396,1.1099999751895666,15.899999644607306,0.04775603788910752,1.3277858007477716,1.3755418386368792,1.9662241280841013,0.006518641168156775,8.0
2026-02-04 06:00:00,-0.0030899197,0.5774607212969503,1.1299999747425318,15.469999654218554,0.046881252915792544,1.3034637020642024,1.3503449549799948,1.9247157565906277,0.006518641168156775,8.0
2026-02-04 06:10:00,-0.0030899197,0.5564438427361025,1.1299999747425318,15.469999654218554,0.046881252915792544,1.3034637020642024,1.3503449549799948,1.9036988780297799,0.006518641168156775,8.0
2026-02-04 06:20:00,-0.0030899197,0.5307540564982732,1.1299999747425318,15.469999654218554,0.046881252915792544,1.3034637020642024,1.3503449549799948,1.8780090917919505,0.006518641168156775,8.0
2026-02-04 06:30:00,-0.0030899197,0.5004700627878998,1.1299999747425318,15.469999654218554,0.046881252915792544,1.3034637020642024,1.3503449549799948,1.8477250980815771,0.006518641168156775,8.0
2026-02-04 06:40:00,-0.0030899197,0.46571852264189856,1.1299999747425318,15.469999654218554,0.046881252915792544,1.3034637020642024,1.3503449549799948,1.812973557935576,0.006518641168156775,8.0
2026-02-04 06:50:00,-0.0030899197,0.4266748893565104,1.1299999747425318,15.469999654218554,0.046881252915792544,1.3034637020642024,1.3503449549799948,1.7739299246501878,0.006518641168156775,8.0
2026-02-04 07:00:00,-0.0030899197,0.38356330576483444,1.1299999747425318,15.469999654218554,0.046881252915792544,1.3034637020642024,1.3503449549799948,1.7308183410585118,0.006518641168156775,8.0
2026-02-04 07:10:00,-0.0030899197,0.33665558048836447,1.1299999747425318,15.469999654218554,0.046881252915792544,1.3034637020642024,1.3503449549799948,1.6839106157820418,0.006518641168156775,8.0
2026-02-04 07:20:00,-0.0030899197,0.28626928531383183,1.1299999747425318,15.469999654218554,0.046881252915792544,1.3034637020642024,1.3503449549799948,1.6335243206075092,0.006518641168156775,8.0
2026-02-04 07:30:00,-0.0030899197,0.2327650371247951,1.1299999747425318,15.469999654218554,0.046881252915792544,1.3034637020642024,1.3503449549799948,1.5800200724184725,0.006518641168156775,8.0
2026-02-04 07:40:00,-0.0030899197,0.1765430417258674,1.1299999747425318,15.469999654218554,0.046881252915792544,1.3034637020642024,1.3503449549799948,1.5237980770195447,0.006518641168156775,8.0
2026-02-04 07:50:00,-0.0030899197,0.11803898337388281,1.1299999747425318,15.469999654218554,0.046881252915792544,1.3034637020642024,1.3503449549799948,1.4652940186675603,0.006518641168156775,8.0
2026-02-04 08:00:00,-0.0030899197,0.057719345040682934,1.1299999747425318,15.469999654218554,0.046881252915792544,1.3034637020642024,1.3503449549799948,1.4049743803343604,0.006518641168156775,8.0
2026-02-04 08:10:00,-0.0030899197,-0.003923758345596526,1.1299999747425318,15.469999654218554,0.046881252915792544,1.3034637020642024,1.3503449549799948,1.343331276948081,0.006518641168156775,8.0
2026-02-04 08:20:00,-0.0030899197,-0.06637815547025447,1.1299999747425318,15.469999654218554,0.046881252915792544,1.3034637020642024,1.3503449549799948,1.280876879823423,0.006518641168156775,8.0
2026-02-04 08:30:00,-0.0030899197,-0.12911752822161726,1.1299999747425318,15.469999654218554,0.046881252915792544,1.3034637020642024,1.3503449549799948,1.2181375070720601,0.006518641168156775,8.0
2026-02-04 08:40:00,-0.0030899197,-0.19160758180732498,1.1299999747425318,15.469999654218554,0.046881252915792544,1.3034637020642024,1.3503449549799948,1.1556474534863523,0.006518641168156775,8.0
2026-02-04 08:50:00,-0.0030899197,-0.2533123992190265,1.1299999747425318,15.469999654218554,0.046881252915792544,1.3034637020642024,1.3503449549799948,1.093942636074651,0.006518641168156775,8.0
2026-02-04 09:00:00,-0.0030899197,-0.3137008980201365,1.1299999747425318,14.67999967187643,0.044487187640842564,1.236900268022139,1.2813874556629816,0.9645966379565276,0.006518641168156775,8.0
2026-02-04 09:10:00,-0.0030899197,-0.372253297536249,1.1299999747425318,14.67999967187643,0.044487187640842564,1.236900268022139,1.2813874556629816,0.9060442384404153,0.006518641168156775,8.0
2026-02-04 09:20:00,-0.0030899197,-0.4284674931375622,1.1299999747425318,14.67999967187643,0.044487187640842564,1.236900268022139,1.2813874556629816,0.8498300428391019,0.006518641168156775,8.0
2026-02-04 09:30:00,-0.0030899197,-0.48186522215638555,1.1299999747425318,14.67999967187643,0.044487187640842564,1.236900268022139,1.2813874556629816,0.7964323138202787,0.006518641168156775,8.0
2026-02-04 09:40:00,-0.0030899197,-0.5319978961270804,1.1299999747425318,14.67999967187643,0.044487187640842564,1.236900268022139,1.2813874556629816,0.7462996398495838,0.006518641168156775,8.0
2026-02-04 09:50:00,-0.0030899197,-0.5784519681507846,1.1299999747425318,14.67999967187643,0.044487187640842564,1.236900268022139,1.2813874556629816,0.6998455678258796,0.006518641168156775,8.0
2026-02-04 10:00:00,-0.0030899197,-0.6208537046376411,1.1299999747425318,14.67999967187643,0.044487187640842564,1.236900268022139,1.2813874556629816,0.6574438313390231,0.006518641168156775,8.0
2026-02-04 10:10:00,-0.0030899197,-0.6588732389267022,1.1299999747425318,14.67999967187643,0.044487187640842564,1.236900268022139,1.2813874556629816,0.6194242970499619,0.006518641168156775,8.0
2026-02-04 10:20:00,-0.0030899197,-0.6922278008341786,1.1299999747425318,14.67999967187643,0.044487187640842564,1.236900268022139,1.2813874556629816,0.5860697351424856,0.006518641168156775,8.0
2026-02-04 10:30:00,-0.0030899197,-0.7206840413030448,1.1299999747425318,14.67999967187643,0.044487187640842564,1.236900268022139,1.2813874556629816,0.5576134946736194,0.006518641168156775,8.0
2026-02-04 10:40:00,-0.0030899197,-0.7440594033298986,1.1299999747425318,14.67999967187643,0.044487187640842564,1.236900268022139,1.2813874556629816,0.5342381326467656,0.006518641168156775,8.0
2026-02-04 10:50:00,-0.0030899197,-0.7622225278762952,1.1299999747425318,14.67999967187643,0.044487187640842564,1.236900268022139,1.2813874556629816,0.516075008100369,0.006518641168156775,8.0
2026-02-04 11:00:00,-0.0030899197,-0.7750927232121039,1.1299999747425318,14.67999967187643,0.044487187640842564,1.236900268022139,1.2813874556629816,0.5032048127645603,0.006518641168156775,8.0
2026-02-04 11:10:00,-0.0030899197,-0.7826385654836807,1.1299999747425318,14.67999967187643,0.044487187640842564,1.236900268022139,1.2813874556629816,0.49565897049298346,0.006518641168156775,8.0
2026-02-04 11:20:00,-0.0030899197,-0.7848757336333649,1.1299999747425318,14.67999967187643,0.044487187640842564,1.236900268022139,1.2813874556629816,0.49342180234329924,0.006518641168156775,8.0
2026-02-04 11:30:00,-0.0030899197,-0.7818642103541376,1.1299999747425318,14.67999967187643,0.044487187640842564,1.236900268022139,1.2813874556629816,0.4964333256225266,0.006518641168156775,8.0
2026-02-04 11:40:00,-0.0030899197,-0.7737050000516844,1.1299999747425318,14.67999967187643,0.044487187640842564,1.236900268022139,1.2813874556629816,0.5045925359249798,0.006518641168156775,8.0
2026-02-04 11:50:00,-0.0030899197,-0.7605365231470472,1.1299999747425318,14.67999967187643,0.044487187640842564,1.236900268022139,1.2813874556629816,0.517761012829617,0.006518641168156775,8.0
2026-02-04 12:00:00,-0.0030899197,-0.7425308431274606,1.1299999747425318,14.239999681711197,0.04315378419656663,1.1998269629860532,1.2429807471826197,0.49735998436884166,0.006518641168156775,8.0
2026-02-04 12:10:00,-0.0030899197,-0.7198898688681504,1.1299999747425318,14.239999681711197,0.04315378419656663,1.1998269629860532,1.2429807471826197,0.5200009586281519,0.006518641168156775,8.0
2026-02-04 12:20:00,-0.0030899197,-0.6928416517611684,1.1299999747425318,14.239999681711197,0.04315378419656663,1.1998269629860532,1.2429807471826197,0.5470491757351339,0.006518641168156775,8.0
2026-02-04 12:30:00,-0.0030899197,-0.6616368674582782,1.1299999747425318,14.239999681711197,0.04315378419656663,1.1998269629860532,1.2429807471826197,0.5782539600380241,0.006518641168156775,8.0
2026-02-04 12:40:00,-0.0030899197,-0.6265455388299573,1.1299999747425318,14.239999681711197,0.04315378419656663,1.1998269629860532,1.2429807471826197,0.613345288666345,0.006518641168156775,8.0
2026-02-04 12:50:00,-0.0030899197,-0.5878540234954942,1.1299999747425318,14.239999681711197,0.04315378419656663,1.1998269629860532,1.2429807471826197,0.6520368040008081,0.006518641168156775,8.0
2026-02-04 13:00:00,-0.0030899197,-0.5458622594060473,1.1299999747425318,14.239999681711197,0.04315378419656663,1.1998269629860532,1.2429807471826197,0.694028568090255,0.006518641168156775,8.0
2026-02-04 13:10:00,-0.0030899197,-0.5008812383869866,1.1299999747425318,14.239999681711197,0.04315378419656663,1.1998269629860532,1.2429807471826197,0.7390095891093157,0.006518641168156775,8.0
2026-02-04 13:20:00,-0.0030899197,-0.45323066253455685,1.1299999747425318,14.239999681711197,0.04315378419656663,1.1998269629860532,1.2429807471826197,0.7866601649617455,0.006518641168156775,8.0
2026-02-04 13:30:00,-0.0030899197,-0.40323673294972956,1.1299999747425318,14.239999681711197,0.04315378419656663,1.1998269629860532,1.2429807471826197,0.8366540945465728,0.006518641168156775,8.0
2026-02-04 13:40:00,-0.0030899197,-0.3512300247634452,1.1299999747425318,14.239999681711197,0.04315378419656663,1.1998269629860532,1.2429807471826197,0.8886608027328571,0.006518641168156775,8.0
2026-02-04 13:50:00,-0.0030899197,-0.2975434153374704,1.1299999747425318,14.239999681711197,0.04315378419656663,1.1998269629860532,1.2429807471826197,0.9423474121588319,0.006518641168156775,8.0
2026-02-04 14:00:00,-0.0030899197,-0.24251005215490523,1.1299999747425318,14.239999681711197,0.04315378419656663,1.1998269629860532,1.2429807471826197,0.997380775341397,0.006518641168156775,8.0
2026-02-04 14:10:00,-0.0030899197,-0.1864613699922492,1.1299999747425318,14.239999681711197,0.04315378419656663,1.1998269629860532,1.2429807471826197,1.053429457504053,0.006518641168156775,8.0
2026-02-04 14:20:00,-0.0030899197,-0.12972519040561503,1.1299999747425318,14.239999681711197,0.04315378419656663,1.1998269629860532,1.2429807471826197,1.1101656370906872,0.006518641168156775,8.0
2026-02-04 14:30:00,-0.0030899197,-0.07262395677359752,1.1299999747425318,14.239999681711197,0.04315378419656663,1.1998269629860532,1.2429807471826197,1.1672668707227047,0.006518641168156775,8.0
2026-02-04 14:40:00,-0.0030899197,-0.01547317198318532,1.1299999747425318,14.239999681711197,0.04315378419656663,1.1998269629860532,1.2429807471826197,1.224417655513117,0.006518641168156775,8.0
2026-02-04 14:50:00,-0.0030899197,0.0414198888860396,1.1299999747425318,14.239999681711197,0.04315378419656663,1.1998269629860532,1.2429807471826197,1.2813107163823418,0.006518641168156775,8.0
2026-02-04 15:00:00,-0.0030899197,0.0977571237254215,1.1399999745190144,13.869999689981341,0.042218088030112365,1.1738113189220076,1.21602940695212,1.3106966109912241,0.006518641168156775,8.0
2026-02-04 15:10:00,-0.0030899197,0.15325015459466879,1.1399999745190144,13.869999689981341,0.042218088030112365,1.1738113189220076,1.21602940695212,1.3661896418604713,0.006518641168156775,8.0
2026-02-04 15:20:00,-0.0030899197,0.20762045840806118,1.1399999745190144,13.869999689981341,0.042218088030112365,1.1738113189220076,1.21602940695212,1.4205599456738638,0.006518641168156775,8.0
2026-02-04 15:30:00,-0.0030899197,0.26059908298125367,1.1399999745190144,13.869999689981341,0.042218088030112365,1.1738113189220076,1.21602940695212,1.4735385702470563,0.006518641168156775,8.0
2026-02-04 15:40:00,-0.0030899197,0.31192599142113503,1.1399999745190144,13.869999689981341,0.042218088030112365,1.1738113189220076,1.21602940695212,1.5248654786869376,0.006518641168156775,8.0
2026-02-04 15:50:00,-0.0030899197,0.36134911550963283,1.1399999745190144,13.869999689981341,0.042218088030112365,1.1738113189220076,1.21602940695212,1.5742886027754355,0.006518641168156775,8.0
2026-02-04 16:00:00,-0.0030899197,0.40862323332787515,1.1399999745190144,13.869999689981341,0.042218088030112365,1.1738113189220076,1.21602940695212,1.6215627205936778,0.006518641168156775,8.0
2026-02-04 16:10:00,-0.0030899197,0.4535088139260066,1.1399999745190144,13.869999689981341,0.042218088030112365,1.1738113189220076,1.21602940695212,1.6664483011918092,0.006518641168156775,8.0
2026-02-04 16:20:00,-0.0030899197,0.4957709890902467,1.1399999745190144,13.869999689981341,0.042218088030112365,1.1738113189220076,1.21602940695212,1.7087104763560492,0.006518641168156775,8.0
2026-02-04 16:30:00,-0.0030899197,0.5351788171416562,1.1399999745190144,13.869999689981341,0.042218088030112365,1.1738113189220076,1.21602940695212,1.7481183044074586,0.006518641168156775,8.0
2026-02-04 16:40:00,-0.0030899197,0.5715049944959938,1.1399999745190144,13.869999689981341,0.042218088030112365,1.1738113189220076,1.21602940695212,1.7844444817617964,0.006518641168156775,8.0
2026-02-04 16:50:00,-0.0030899197,0.6045261482402623,1.1399999745190144,13.869999689981341,0.042218088030112365,1.1738113189220076,1.21602940695212,1.817465635506065,0.006518641168156775,8.0
2026-02-04 17:00:00,-0.0030899197,0.6340238080090957,1.1399999745190144,13.869999689981341,0.042218088030112365,1.1738113189220076,1.21602940695212,1.8469632952748984,0.006518641168156775,8.0
2026-02-04 17:10:00,-0.0030899197,0.6597861110954538,1.1399999745190144,13.869999689981341,0.042218088030112365,1.1738113189220076,1.21602940695212,1.8727255983612565,0.006518641168156775,8.0
2026-02-04 17:20:00,-0.0030899197,0.6816102441781534,1.1399999745190144,13.869999689981341,0.042218088030112365,1.1738113189220076,1.21602940695212,1.894549731443956,0.006518641168156775,8.0
2026-02-04 17:30:00,-0.0030899197,0.69930557260502,1.1399999745190144,13.869999689981341,0.042218088030112365,1.1738113189220076,1.21602940695212,1.9122450598708225,0.006518641168156775,8.0
2026-02-04 17:40:00,-0.0030899197,0.7126973580674735,1.1399999745190144,13.869999689981341,0.042218088030112365,1.1738113189220076,1.21602940695212,1.9256368453332762,0.006518641168156775,8.0
2026-02-04 17:50:00,-0.0030899197,0.7216309216958192,1.1399999745190144,13.869999689981341,0.042218088030112365,1.1738113189220076,1.21602940695212,1.9345704089616218,0.006518641168156775,8.0
2026-02-04 18:00:00,-0.0030899197,0.7259760756836292,1.1299999747425318,13.62999969534576,0.041305202148820455,1.148429881004207,1.1897350831530276,1.9126212391503392,0.006518641168156775,8.0
2026-02-04 18:10:00,-0.0030899197,0.7256316247846201,1.1299999747425318,13.62999969534576,0.041305202148820455,1.148429881004207,1.1897350831530276,1.9122767882513303,0.006518641168156775,8.0
2026-02-04 18:20:00,-0.0030899197,0.7205297309357761,1.1299999747425318,13.62999969534576,0.041305202148820455,1.148429881004207,1.1897350831530276,1.9071748944024862,0.006518641168156775,8.0
2026-02-04 18:30:00,-0.0030899197,0.7106399397335784,1.1299999747425318,13.62999969534576,0.041305202148820455,1.148429881004207,1.1897350831530276,1.8972851032002884,0.006518641168156775,8.0
2026-02-04 18:40:00,-0.0030899197,0.6959726855522342,1.1299999747425318,13.62999969534576,0.041305202148820455,1.148429881004207,1.1897350831530276,1.8826178490189442,0.006518641168156775,8.0
2026-02-04 18:50:00,-0.0030899197,0.6765821204278537,1.1299999747425318,13.62999969534576,0.041305202148820455,1.148429881004207,1.1897350831530276,1.8632272838945638,0.006518641168156775,8.0
2026-02-04 19:00:00,-0.0030899197,0.6525681475940661,1.1299999747425318,13.62999969534576,0.041305202148820455,1.148429881004207,1.1897350831530276,1.8392133110607762,0.006518641168156775,8.0
2026-02-04 19:10:00,-0.0030899197,0.6240775802607612,1.1299999747425318,13.62999969534576,0.041305202148820455,1.148429881004207,1.1897350831530276,1.8107227437274713,0.006518641168156775,8.0
2026-02-04 19:20:00,-0.0030899197,0.5913043864665973,1.1299999747425318,13.62999969534576,0.041305202148820455,1.148429881004207,1.1897350831530276,1.7779495499333073,0.006518641168156775,8.0
2026-02-04 19:30:00,-0.0030899197,0.5544890183721752,1.1299999747425318,13.62999969534576,0.041305202148820455,1.148429881004207,1.1897350831530276,1.7411341818388855,0.006518641168156775,8.0
2026-02-04 19:40:00,-0.0030899197,0.5139168566899041,1.1299999747425318,13.62999969534576,0.041305202148820455,1.148429881004207,1.1897350831530276,1.7005620201566143,0.006518641168156775,8.0
2026-02-04 19:50:00,-0.0030899197,0.4699158262096105,1.1299999747425318,13.62999969534576,0.041305202148820455,1.148429881004207,1.1897350831530276,1.6565609896763207,0.006518641168156775,8.0
2026-02-04 20:00:00,-0.0030899197,0.4228532559585409,1.1299999747425318,13.62999969534576,0.041305202148820455,1.148429881004207,1.1897350831530276,1.609498419425251,0.006518641168156775,8.0
2026-02-04 20:10:00,-0.0030899197,0.37313206741256383,1.1299999747425318,13.62999969534576,0.041305202148820455,1.148429881004207,1.1897350831530276,1.559777230879274,0.006518641168156775,8.0
2026-02-04 20:20:00,-0.0030899197,0.3211863776191063,1.1299999747425318,13.62999969534576,0.041305202148820455,1.148429881004207,1.1897350831530276,1.5078315410858165,0.006518641168156775,8.0
2026-02-04 20:30:00,-0.0030899197,0.267476602691844,1.1299999747425318,13.62999969534576,0.041305202148820455,1.148429881004207,1.1897350831530276,1.4541217661585542,0.006518641168156775,8.0
2026-02-04 20:40:00,-0.0030899197,0.21248414300327936,1.1299999747425318,13.62999969534576,0.041305202148820455,1.148429881004207,1.1897350831530276,1.3991293064699895,0.006518641168156775,8.0
2026-02-04 20:50:00,-0.0030899197,0.15670572690986395,1.1299999747425318,13.62999969534576,0.041305202148820455,1.148429881004207,1.1897350831530276,1.343350890376574,0.006518641168156775,8.0
2026-02-04 21:00:00,-0.0030899197,0.10064748667495656,1.1099999751895666,13.47999969869852,0.04048750885189744,1.1256951317031423,1.1661826405550397,1.2637402075436788,0.006518641168156775,8.0
2026-02-04 21:10:00,-0.0030899197,0.04481884024197168,1.1099999751895666,13.47999969869852,0.04048750885189744,1.1256951317031423,1.1661826405550397,1.2079115611106939,0.006518641168156775,8.0
2026-02-04 21:20:00,-0.0030899197,-0.010273743945054613,1.1099999751895666,13.47999969869852,0.04048750885189744,1.1256951317031423,1.1661826405550397,1.1528189769236676,0.006518641168156775,8.0
2026-02-04 21:30:00,-0.0030899197,-0.06413301445690939,1.1099999751895666,13.47999969869852,0.04048750885189744,1.1256951317031423,1.1661826405550397,1.0989597064118128,0.006518641168156775,8.0
2026-02-04 21:40:00,-0.0030899197,-0.11627714193710331,1.1099999751895666,13.47999969869852,0.04048750885189744,1.1256951317031423,1.1661826405550397,1.046815578931619,0.006518641168156775,8.0
2026-02-04 21:50:00,-0.0030899197,-0.1662457553367625,1.1099999751895666,13.47999969869852,0.04048750885189744,1.1256951317031423,1.1661826405550397,0.9968469655319598,0.006518641168156775,8.0
2026-02-04 22:00:00,-0.0030899197,-0.2136056920833098,1.1099999751895666,13.47999969869852,0.04048750885189744,1.1256951317031423,1.1661826405550397,0.9494870287854125,0.006518641168156775,8.0
2026-02-04 22:10:00,-0.0030899197,-0.2579563370979538,1.1099999751895666,13.47999969869852,0.04048750885189744,1.1256951317031423,1.1661826405550397,0.9051363837707684,0.006518641168156775,8.0
2026-02-04 22:20:00,-0.0030899197,-0.2989344227467087,1.1099999751895666,13.47999969869852,0.04048750885189744,1.1256951317031423,1.1661826405550397,0.8641582981220136,0.006518641168156775,8.0
2026-02-04 22:30:00,-0.0030899197,-0.3362181661107276,1.1099999751895666,13.47999969869852,0.04048750885189744,1.1256951317031423,1.1661826405550397,0.8268745547579948,0.006518641168156775,8.0
2026-02-04 22:40:00,-0.0030899197,-0.369530632176582,1.1099999751895666,13.47999969869852,0.04048750885189744,1.1256951317031423,1.1661826405550397,0.7935620886921403,0.006518641168156775,8.0
2026-02-04 22:50:00,-0.0030899197,-0.3986422323870446,1.1099999751895666,13.47999969869852,0.04048750885189744,1.1256951317031423,1.1661826405550397,0.7644504884816776,0.006518641168156775,8.0
2026-02-04 23:00:00,-0.0030899197,-0.4233722964391426,1.1099999751895666,13.47999969869852,0.04048750885189744,1.1256951317031423,1.1661826405550397,0.7397204244295796,0.006518641168156775,8.0
2026-02-04 23:10:00,-0.0030899197,-0.44358969008596405,1.1099999751895666,13.47999969869852,0.04048750885189744,1.1256951317031423,1.1661826405550397,0.7195030307827582,0.006518641168156775,8.0
2026-02-04 23:20:00,-0.0030899197,-0.4592124903328264,1.1099999751895666,13.47999969869852,0.04048750885189744,1.1256951317031423,1.1661826405550397,0.7038802305358959,0.006518641168156775,8.0
2026-02-04 23:30:00,-0.0030899197,-0.47020676908698356,1.1099999751895666,13.47999969869852,0.04048750885189744,1.1256951317031423,1.1661826405550397,0.6928859517817387,0.006518641168156775,8.0
2026-02-04 23:40:00,-0.0030899197,-0.47658457374149843,1.1099999751895666,13.47999969869852,0.04048750885189744,1.1256951317031423,1.1661826405550397,0.6865081471272239,0.006518641168156775,8.0
2026-02-04 23:50:00,-0.0030899197,-0.47840122514935707,1.1099999751895666,13.47999969869852,0.04048750885189744,1.1256951317031423,1.1661826405550397,0.6846914957193653,0.006518641168156775,8.0
2026-02-05 00:00:00,7.8435165e-05,-0.47575207733350205,1.0799999758601189,13.309999702498317,0.03943298082625836,1.0963755440483733,1.1358085248746317,0.6601348827061806,0.006518641168156775,8.0
2026-02-05 00:10:00,7.8435165e-05,-0.4687688969337257,1.0799999758601189,13.309999702498317,0.03943298082625836,1.0963755440483733,1.1358085248746317,0.6671180631059569,0.006518641168156775,8.0
2026-02-05 00:20:00,7.8435165e-05,-0.4576160228080031,1.0799999758601189,13.309999702498317,0.03943298082625836,1.0963755440483733,1.1358085248746317,0.6782709372316795,0.006518641168156775,8.0
2026-02-05 00:30:00,7.8435165e-05,-0.44248645733245623,1.0799999758601189,13.309999702498317,0.03943298082625836,1.0963755440483733,1.1358085248746317,0.6934005027072263,0.006518641168156775,8.0
2026-02-05 00:40:00,7.8435165e-05,-0.4235980219036398,1.0799999758601189,13.309999702498317,0.03943298082625836,1.0963755440483733,1.1358085248746317,0.7122889381360428,0.006518641168156775,8.0
2026-02-05 00:50:00,7.8435165e-05,-0.40118968202734806,1.0799999758601189,13.309999702498317,0.03943298082625836,1.0963755440483733,1.1358085248746317,0.7346972780123345,0.006518641168156775,8.0
2026-02-05 01:00:00,7.8435165e-05,-0.37551811509166755,1.0799999758601189,13.309999702498317,0.03943298082625836,1.0963755440483733,1.1358085248746317,0.760368844948015,0.006518641168156775,8.0
2026-02-05 01:10:00,7.8435165e-05,-0.34685455979274493,1.0799999758601189,13.309999702498317,0.03943298082625836,1.0963755440483733,1.1358085248746317,0.7890324002469377,0.006518641168156775,8.0
2026-02-05 01:20:00,7.8435165e-05,-0.31548195378898863,1.0799999758601189,13.309999702498317,0.03943298082625836,1.0963755440483733,1.1358085248746317,0.820405006250694,0.006518641168156775,8.0
2026-02-05 01:30:00,7.8435165e-05,-0.2816923386261411,1.0799999758601189,13.309999702498317,0.03943298082625836,1.0963755440483733,1.1358085248746317,0.8541946214135414,0.006518641168156775,8.0
2026-02-05 01:40:00,7.8435165e-05,-0.24578449108758235,1.0799999758601189,13.309999702498317,0.03943298082625836,1.0963755440483733,1.1358085248746317,0.8901024689521002,0.006518641168156775,8.0
2026-02-05 01:50:00,7.8435165e-05,-0.2080617294370537,1.0799999758601189,13.309999702498317,0.03943298082625836,1.0963755440483733,1.1358085248746317,0.9278252306026289,0.006518641168156775,8.0
2026-02-05 02:00:00,7.8435165e-05,-0.1688298424004325,1.0799999758601189,13.309999702498317,0.03943298082625836,1.0963755440483733,1.1358085248746317,0.9670571176392501,0.006518641168156775,8.0
2026-02-05 02:10:00,7.8435165e-05,-0.12839509742990998,1.0799999758601189,13.309999702498317,0.03943298082625836,1.0963755440483733,1.1358085248746317,1.0074918626097726,0.006518641168156775,8.0
2026-02-05 02:20:00,7.8435165e-05,-0.08706230142197209,1.0799999758601189,13.309999702498317,0.03943298082625836,1.0963755440483733,1.1358085248746317,1.0488246586177106,0.006518641168156775,8.0
2026-02-05 02:30:00,7.8435165e-05,-0.04513290893371278,1.0799999758601189,13.309999702498317,0.03943298082625836,1.0963755440483733,1.1358085248746317,1.09075405110597,0.006518641168156775,8.0
2026-02-05 02:40:00,7.8435165e-05,-0.00290319689186009,1.0799999758601189,13.309999702498317,0.03943298082625836,1.0963755440483733,1.1358085248746317,1.1329837631478226,0.006518641168156775,8.0
2026-02-05 02:50:00,7.8435165e-05,0.039337452528601435,1.0799999758601189,13.309999702498317,0.03943298082625836,1.0963755440483733,1.1358085248746317,1.175224412568284,0.006518641168156775,8.0
2026-02-05 03:00:00,7.8435165e-05,0.08130810127412388,1.0799999758601189,13.139999706298113,0.038929328929904944,1.0823722500973423,1.1213015790272471,1.202688115466422,0.006518641168156775,8.0
2026-02-05 03:10:00,7.8435165e-05,0.1227375670083661,1.0799999758601189,13.139999706298113,0.038929328929904944,1.0823722500973423,1.1213015790272471,1.2441175812006642,0.006518641168156775,8.0
2026-02-05 03:20:00,7.8435165e-05,0.16336542613390323,1.0799999758601189,13.139999706298113,0.038929328929904944,1.0823722500973423,1.1213015790272471,1.2847454403262013,0.006518641168156775,8.0
2026-02-05 03:30:00,7.8435165e-05,0.2029426470019751,1.0799999758601189,13.139999706298113,0.038929328929904944,1.0823722500973423,1.1213015790272471,1.324322661194273,0.006518641168156775,8.0
2026-02-05 03:40:00,7.8435165e-05,0.24123181202655555,1.0799999758601189,13.139999706298113,0.038929328929904944,1.0823722500973423,1.1213015790272471,1.3626118262188536,0.006518641168156775,8.0
2026-02-05 03:50:00,7.8435165e-05,0.27800691595875987,1.0799999758601189,13.139999706298113,0.038929328929904944,1.0823722500973423,1.1213015790272471,1.399386930151058,0.006518641168156775,8.0
2026-02-05 04:00:00,7.8435165e-05,0.3130527623589543,1.0799999758601189,13.139999706298113,0.038929328929904944,1.0823722500973423,1.1213015790272471,1.4344327765512523,0.006518641168156775,8.0
2026-02-05 04:10:00,7.8435165e-05,0.3461640179258339,1.0799999758601189,13.139999706298113,0.038929328929904944,1.0823722500973423,1.1213015790272471,1.467544032118132,0.006518641168156775,8.0
2026-02-05 04:20:00,7.8435165e-05,0.37714402078871795,1.0799999758601189,13.139999706298113,0.038929328929904944,1.0823722500973423,1.1213015790272471,1.498524034981016,0.006518641168156775,8.0
2026-02-05 04:30:00,7.8435165e-05,0.4058034705008576,1.0799999758601189,13.139999706298113,0.038929328929904944,1.0823722500973423,1.1213015790272471,1.5271834846931556,0.006518641168156775,8.0
2026-02-05 04:40:00,7.8435165e-05,0.43195915043032546,1.0799999758601189,13.139999706298113,0.038929328929904944,1.0823722500973423,1.1213015790272471,1.5533391646226236,0.006518641168156775,8.0
2026-02-05 04:50:00,7.8435165e-05,0.4554328448664323,1.0799999758601189,13.139999706298113,0.038929328929904944,1.0823722500973423,1.1213015790272471,1.5768128590587303,0.006518641168156775,8.0
2026-02-05 05:00:00,7.8435165e-05,0.4760506115816175,1.0799999758601189,13.139999706298113,0.038929328929904944,1.0823722500973423,1.1213015790272471,1.5974306257739155,0.006518641168156775,8.0
2026-02-05 05:10:00,7.8435165e-05,0.493642555229632,1.0799999758601189,13.139999706298113,0.038929328929904944,1.0823722500973423,1.1213015790272471,1.61502256942193,0.006518641168156775,8.0
2026-02-05 05:20:00,7.8435165e-05,0.5080432185532923,1.0799999758601189,13.139999706298113,0.038929328929904944,1.0823722500973423,1.1213015790272471,1.6294232327455904,0.006518641168156775,8.0
2026-02-05 05:30:00,7.8435165e-05,0.5190926690102841,1.0799999758601189,13.139999706298113,0.038929328929904944,1.0823722500973423,1.1213015790272471,1.640472683202582,0.006518641168156775,8.0
2026-02-05 05:40:00,7.8435165e-05,0.5266383110489188,1.0799999758601189,13.139999706298113,0.038929328929904944,1.0823722500973423,1.1213015790272471,1.6480183252412168,0.006518641168156775,8.0
2026-02-05 05:50:00,7.8435165e-05,0.5305374028741361,1.0799999758601189,13.139999706298113,0.038929328929904944,1.0823722500973423,1.1213015790272471,1.6519174170664341,0.006518641168156775,8.0
2026-02-05 06:00:00,7.8435165e-05,0.5306602051755837,1.0799999758601189,13.019999708980322,0.03857380994424371,1.0724875720142615,1.1110613819585051,1.6418000222991398,0.006518641168156775,8.0
2026-02-05 06:10:00,7.8435165e-05,0.5268936423374769,1.0799999758601189,13.019999708980322,0.03857380994424371,1.0724875720142615,1.1110613819585051,1.6380334594610328,0.006518641168156775,8.0
2026-02-05 06:20:00,7.8435165e-05,0.5191453177320497,1.0799999758601189,13.019999708980322,0.03857380994424371,1.0724875720142615,1.1110613819585051,1.6302851348556058,0.006518641168156775,8.0
2026-02-05 06:30:00,7.8435165e-05,0.5073476969038057,1.0799999758601189,13.019999708980322,0.03857380994424371,1.0724875720142615,1.1110613819585051,1.6184875140273616,0.006518641168156775,8.0
2026-02-05 06:40:00,7.8435165e-05,0.4914622576406299,1.0799999758601189,13.019999708980322,0.03857380994424371,1.0724875720142615,1.1110613819585051,1.602602074764186,0.006518641168156775,8.0
2026-02-05 06:50:00,7.8435165e-05,0.4714834048264848,1.0799999758601189,13.019999708980322,0.03857380994424371,1.0724875720142615,1.1110613819585051,1.582623221950041,0.006518641168156775,8.0
2026-02-05 07:00:00,7.8435165e-05,0.4474419600647894,1.0799999758601189,13.019999708980322,0.03857380994424371,1.0724875720142615,1.1110613819585051,1.5585817771883455,0.006518641168156775,8.0
2026-02-05 07:10:00,7.8435165e-05,0.4194080596599398,1.0799999758601189,13.019999708980322,0.03857380994424371,1.0724875720142615,1.1110613819585051,1.530547876783496,0.006518641168156775,8.0
2026-02-05 07:20:00,7.8435165e-05,0.38749332703493444,1.0799999758601189,13.019999708980322,0.03857380994424371,1.0724875720142615,1.1110613819585051,1.4986331441584904,0.006518641168156775,8.0
2026-02-05 07:30:00,7.8435165e-05,0.3518522238527171,1.0799999758601189,13.019999708980322,0.03857380994424371,1.0724875720142615,1.1110613819585051,1.4629920409762731,0.006518641168156775,8.0
2026-02-05 07:40:00,7.8435165e-05,0.31268252447663275,1.0799999758601189,13.019999708980322,0.03857380994424371,1.0724875720142615,1.1110613819585051,1.4238223416001887,0.006518641168156775,8.0
2026-02-05 07:50:00,7.8435165e-05,0.27022489761408236,1.0799999758601189,13.019999708980322,0.03857380994424371,1.0724875720142615,1.1110613819585051,1.3813647147376384,0.006518641168156775,8.0
2026-02-05 08:00:00,7.8435165e-05,0.2247616140349304,1.0799999758601189,13.019999708980322,0.03857380994424371,1.0724875720142615,1.1110613819585051,1.3359014311584865,0.006518641168156775,8.0
2026-02-05 08:10:00,7.8435165e-05,0.17661442805922156,1.0799999758601189,13.019999708980322,0.03857380994424371,1.0724875720142615,1.1110613819585051,1.2877542451827777,0.006518641168156775,8.0
2026-02-05 08:20:00,7.8435165e-05,0.12614170162465432,1.0799999758601189,13.019999708980322,0.03857380994424371,1.0724875720142615,1.1110613819585051,1.2372815187482105,0.006518641168156775,8.0
2026-02-05 08:30:00,7.8435165e-05,0.07373485302723018,1.0799999758601189,13.019999708980322,0.03857380994424371,1.0724875720142615,1.1110613819585051,1.1848746701507862,0.006518641168156775,8.0
2026-02-05 08:40:00,7.8435165e-05,0.019814218386929136,1.0799999758601189,13.019999708980322,0.03857380994424371,1.0724875720142615,1.1110613819585051,1.1309540355104852,0.006518641168156775,8.0
2026-02-05 08:50:00,7.8435165e-05,-0.03517558595164056,1.0799999758601189,13.019999708980322,0.03857380994424371,1.0724875720142615,1.1110613819585051,1.0759642311719155,0.006518641168156775,8.0
2026-02-05 09:00:00,7.8435165e-05,-0.09077071566684528,1.0799999758601189,12.999999709427357,0.038514556779966846,1.0708401256670812,1.109354682447048,1.0186624019452535,0.006518641168156775,8.0
2026-02-05 09:10:00,7.8435165e-05,-0.14649348631810433,1.0799999758601189,12.999999709427357,0.038514556779966846,1.0708401256670812,1.109354682447048,0.9629396312939945,0.006518641168156775,8.0
2026-02-05 09:20:00,7.8435165e-05,-0.20185802268397626,1.0799999758601189,12.999999709427357,0.038514556779966846,1.0708401256670812,1.109354682447048,0.9075750949281226,0.006518641168156775,8.0
2026-02-05 09:30:00,7.8435165e-05,-0.2563760981634846,1.0799999758601189,12.999999709427357,0.038514556779966846,1.0708401256670812,1.109354682447048,0.8530570194486142,0.006518641168156775,8.0
2026-02-05 09:40:00,7.8435165e-05,-0.30956309189036374,1.0799999758601189,12.999999709427357,0.038514556779966846,1.0708401256670812,1.109354682447048,0.799870025721735,0.006518641168156775,8.0
2026-02-05 09:50:00,7.8435165e-05,-0.36094398662900057,1.0799999758601189,12.999999709427357,0.038514556779966846,1.0708401256670812,1.109354682447048,0.7484891309830983,0.006518641168156775,8.0
2026-02-05 10:00:00,7.8435165e-05,-0.4100593222179722,1.0799999758601189,12.999999709427357,0.038514556779966846,1.0708401256670812,1.109354682447048,0.6993737953941266,0.006518641168156775,8.0
2026-02-05 10:10:00,7.8435165e-05,-0.45647100895145976,1.0799999758601189,12.999999709427357,0.038514556779966846,1.0708401256670812,1.109354682447048,0.6529621086606391,0.006518641168156775,8.0
2026-02-05 10:20:00,7.8435165e-05,-0.49976789417557443,1.0799999758601189,12.999999709427357,0.038514556779966846,1.0708401256670812,1.109354682447048,0.6096652234365244,0.006518641168156775,8.0
2026-02-05 10:30:00,7.8435165e-05,-0.5395709661151252,1.0799999758601189,12.999999709427357,0.038514556779966846,1.0708401256670812,1.109354682447048,0.5698621514969736,0.006518641168156775,8.0
2026-02-05 10:40:00,7.8435165e-05,-0.5755380734414202,1.0799999758601189,12.999999709427357,0.038514556779966846,1.0708401256670812,1.109354682447048,0.5338950441706787,0.006518641168156775,8.0
2026-02-05 10:50:00,7.8435165e-05,-0.6073680395808936,1.0799999758601189,12.999999709427357,0.038514556779966846,1.0708401256670812,1.109354682447048,0.5020650780312053,0.006518641168156775,8.0
2026-02-05 11:00:00,7.8435165e-05,-0.634804058775427,1.0799999758601189,12.999999709427357,0.038514556779966846,1.0708401256670812,1.109354682447048,0.47462905883667184,0.006518641168156775,8.0
2026-02-05 11:10:00,7.8435165e-05,-0.6576362770338544,1.0799999758601189,12.999999709427357,0.038514556779966846,1.0708401256670812,1.109354682447048,0.45179684057824443,0.006518641168156775,8.0
2026-02-05 11:20:00,7.8435165e-05,-0.6757034854786786,1.0799999758601189,12.999999709427357,0.038514556779966846,1.0708401256670812,1.109354682447048,0.4337296321334202,0.006518641168156775,8.0
2026-02-05 11:30:00,7.8435165e-05,-0.6888938849074135,1.0799999758601189,12.999999709427357,0.038514556779966846,1.0708401256670812,1.109354682447048,0.4205392327046853,0.006518641168156775,8.0
2026-02-05 11:40:00,7.8435165e-05,-0.6971449169199206,1.0799999758601189,12.999999709427357,0.038514556779966846,1.0708401256670812,1.109354682447048,0.4122882006921782,0.006518641168156775,8.0
2026-02-05 11:50:00,7.8435165e-05,-0.7004421958207436,1.0799999758601189,12.999999709427357,0.038514556779966846,1.0708401256670812,1.109354682447048,0.4089909217913552,0.006518641168156775,8.0
2026-02-05 12:00:00,7.8435165e-05,-0.6988176138760186,1.0699999760836363,13.039999708533287,0.0384537903866352,1.069150606230486,1.1076043966171212,0.4088652179061535,0.006518641168156775,8.0
2026-02-05 12:10:00,7.8435165e-05,-0.6923467269305996,1.0699999760836363,13.039999708533287,0.0384537903866352,1.069150606230486,1.1076043966171212,0.41533610485157246,0.006518641168156775,8.0
2026-02-05 12:20:00,7.8435165e-05,-0.6811455550491325,1.0699999760836363,13.039999708533287,0.0384537903866352,1.069150606230486,1.1076043966171212,0.42653727673303954,0.006518641168156775,8.0
2026-02-05 12:30:00,7.8435165e-05,-0.6653669512875405,1.0699999760836363,13.039999708533287,0.0384537903866352,1.069150606230486,1.1076043966171212,0.44231588049463155,0.006518641168156775,8.0
2026-02-05 12:40:00,7.8435165e-05,-0.6451966992543374,1.0699999760836363,13.039999708533287,0.0384537903866352,1.069150606230486,1.1076043966171212,0.46248613252783466,0.006518641168156775,8.0
2026-02-05 12:50:00,7.8435165e-05,-0.6208494963724971,1.0699999760836363,13.039999708533287,0.0384537903866352,1.069150606230486,1.1076043966171212,0.486833335409675,0.006518641168156775,8.0
2026-02-05 13:00:00,7.8435165e-05,-0.5925649651020153,1.0699999760836363,13.039999708533287,0.0384537903866352,1.069150606230486,1.1076043966171212,0.5151178666801568,0.006518641168156775,8.0
2026-02-05 13:10:00,7.8435165e-05,-0.5606038105705616,1.0699999760836363,13.039999708533287,0.0384537903866352,1.069150606230486,1.1076043966171212,0.5470790212116105,0.006518641168156775,8.0
2026-02-05 13:20:00,7.8435165e-05,-0.5252442125227094,1.0699999760836363,13.039999708533287,0.0384537903866352,1.069150606230486,1.1076043966171212,0.5824386192594627,0.006518641168156775,8.0
2026-02-05 13:30:00,7.8435165e-05,-0.4867785054697874,1.0699999760836363,13.039999708533287,0.0384537903866352,1.069150606230486,1.1076043966171212,0.6209043263123847,0.006518641168156775,8.0
2026-02-05 13:40:00,7.8435165e-05,-0.4455101668622975,1.0699999760836363,13.039999708533287,0.0384537903866352,1.069150606230486,1.1076043966171212,0.6621726649198746,0.006518641168156775,8.0
2026-02-05 13:50:00,7.8435165e-05,-0.40175110245971907,1.0699999760836363,13.039999708533287,0.0384537903866352,1.069150606230486,1.1076043966171212,0.705931729322453,0.006518641168156775,8.0
2026-02-05 14:00:00,7.8435165e-05,-0.35581919381650445,1.0699999760836363,13.039999708533287,0.0384537903866352,1.069150606230486,1.1076043966171212,0.7518636379656676,0.006518641168156775,8.0
2026-02-05 14:10:00,7.8435165e-05,-0.30803605721965077,1.0699999760836363,13.039999708533287,0.0384537903866352,1.069150606230486,1.1076043966171212,0.7996467745625213,0.006518641168156775,8.0
2026-02-05 14:20:00,7.8435165e-05,-0.25872495765195036,1.0699999760836363,13.039999708533287,0.0384537903866352,1.069150606230486,1.1076043966171212,0.8489578741302217,0.006518641168156775,8.0
2026-02-05 14:30:00,7.8435165e-05,-0.20820882563092313,1.0699999760836363,13.039999708533287,0.0384537903866352,1.069150606230486,1.1076043966171212,0.899474006151249,0.006518641168156775,8.0
2026-02-05 14:40:00,7.8435165e-05,-0.1568083378743578,1.0699999760836363,13.039999708533287,0.0384537903866352,1.069150606230486,1.1076043966171212,0.9508744939078143,0.006518641168156775,8.0
2026-02-05 14:50:00,7.8435165e-05,-0.10484004273140457,1.0699999760836363,13.039999708533287,0.0384537903866352,1.069150606230486,1.1076043966171212,1.0028427890507676,0.006518641168156775,8.0
2026-02-05 15:00:00,7.8435165e-05,-0.05261453513159276,1.0799999758601189,13.04999970830977,0.03866268969065902,1.0749587415350317,1.1136214312256907,1.0610853312591488,0.006518641168156775,8.0
2026-02-05 15:10:00,7.8435165e-05,-0.0004347101990436975,1.0799999758601189,13.04999970830977,0.03866268969065902,1.0749587415350317,1.1136214312256907,1.113265156191698,0.006518641168156775,8.0
2026-02-05 15:20:00,7.8435165e-05,0.05140585388531647,1.0799999758601189,13.04999970830977,0.03866268969065902,1.0749587415350317,1.1136214312256907,1.165105720276058,0.006518641168156775,8.0
2026-02-05 15:30:00,7.8435165e-05,0.10262431794525359,1.0799999758601189,13.04999970830977,0.03866268969065902,1.0749587415350317,1.1136214312256907,1.216324184335995,0.006518641168156775,8.0
2026-02-05 15:40:00,7.8435165e-05,0.15294973624071495,1.0799999758601189,13.04999970830977,0.03866268969065902,1.0749587415350317,1.1136214312256907,1.2666496026314564,0.006518641168156775,8.0
2026-02-05 15:50:00,7.8435165e-05,0.20212387433101348,1.0799999758601189,13.04999970830977,0.03866268969065902,1.0749587415350317,1.1136214312256907,1.315823740721755,0.006518641168156775,8.0
2026-02-05 16:00:00,7.8435165e-05,0.24990163545204508,1.0799999758601189,13.04999970830977,0.03866268969065902,1.0749587415350317,1.1136214312256907,1.3636015018427867,0.006518641168156775,8.0
2026-02-05 16:10:00,7.8435165e-05,0.2960510644121911,1.0799999758601189,13.04999970830977,0.03866268969065902,1.0749587415350317,1.1136214312256907,1.4097509308029328,0.006518641168156775,8.0
2026-02-05 16:20:00,7.8435165e-05,0.3403529295068499,1.0799999758601189,13.04999970830977,0.03866268969065902,1.0749587415350317,1.1136214312256907,1.4540527958975915,0.006518641168156775,8.0
2026-02-05 16:30:00,7.8435165e-05,0.38259991933410414,1.0799999758601189,13.04999970830977,0.03866268969065902,1.0749587415350317,1.1136214312256907,1.4962997857248457,0.006518641168156775,8.0
2026-02-05 16:40:00,7.8435165e-05,0.4225955288414556,1.0799999758601189,13.04999970830977,0.03866268969065902,1.0749587415350317,1.1136214312256907,1.5362953952321972,0.006518641168156775,8.0
2026-02-05 16:50:00,7.8435165e-05,0.4601527435108894,1.0799999758601189,13.04999970830977,0.03866268969065902,1.0749587415350317,1.1136214312256907,1.573852609901631,0.006518641168156775,8.0
2026-02-05 17:00:00,7.8435165e-05,0.4950926587286242,1.0799999758601189,13.04999970830977,0.03866268969065902,1.0749587415350317,1.1136214312256907,1.6087925251193658,0.006518641168156775,8.0
2026-02-05 17:10:00,7.8435165e-05,0.5272431894154652,1.0799999758601189,13.04999970830977,0.03866268969065902,1.0749587415350317,1.1136214312256907,1.6409430558062068,0.006518641168156775,8.0
2026-02-05 17:20:00,7.8435165e-05,0.5564380309550195,1.0799999758601189,13.04999970830977,0.03866268969065902,1.0749587415350317,1.1136214312256907,1.6701378973457612,0.006518641168156775,8.0
2026-02-05 17:30:00,7.8435165e-05,0.5825160247152349,1.0799999758601189,13.04999970830977,0.03866268969065902,1.0749587415350317,1.1136214312256907,1.6962158911059766,0.006518641168156775,8.0
2026-02-05 17:40:00,7.8435165e-05,0.6053210604035956,1.0799999758601189,13.04999970830977,0.03866268969065902,1.0749587415350317,1.1136214312256907,1.7190209267943373,0.006518641168156775,8.0
2026-02-05 17:50:00,7.8435165e-05,0.6247026141559192,1.0799999758601189,13.04999970830977,0.03866268969065902,1.0749587415350317,1.1136214312256907,1.738402480546661,0.006518641168156775,8.0
2026-02-05 18:00:00,7.8435165e-05,0.6405169784603942,1.0699999760836363,13.019999708980322,0.03839481218052073,1.0675108046871882,1.1059056168677088,1.746501030493154,0.006518641168156775,8.0
2026-02-05 18:10:00,7.8435165e-05,0.6526291909705788,1.0699999760836363,13.019999708980322,0.03839481218052073,1.0675108046871882,1.1059056168677088,1.7586132430033385,0.006518641168156775,8.0
2026-02-05 18:20:00,7.8435165e-05,0.6609156181554825,1.0699999760836363,13.019999708980322,0.03839481218052073,1.0675108046871882,1.1059056168677088,1.7668996701882422,0.006518641168156775,8.0
2026-02-05 18:30:00,7.8435165e-05,0.6652671008264095,1.0699999760836363,13.019999708980322,0.03839481218052073,1.0675108046871882,1.1059056168677088,1.7712511528591692,0.006518641168156775,8.0
2026-02-05 18:40:00,7.8435165e-05,0.6655925257286167,1.0699999760836363,13.019999708980322,0.03839481218052073,1.0675108046871882,1.1059056168677088,1.7715765777613766,0.006518641168156775,8.0
2026-02-05 18:50:00,7.8435165e-05,0.6618226542673541,1.0699999760836363,13.019999708980322,0.03839481218052073,1.0675108046871882,1.1059056168677088,1.7678067063001137,0.006518641168156775,8.0
2026-02-05 19:00:00,7.8435165e-05,0.6539140181989928,1.0699999760836363,13.019999708980322,0.03839481218052073,1.0675108046871882,1.1059056168677088,1.7598980702317526,0.006518641168156775,8.0
2026-02-05 19:10:00,7.8435165e-05,0.6418526844679819,1.0699999760836363,13.019999708980322,0.03839481218052073,1.0675108046871882,1.1059056168677088,1.7478367365007417,0.006518641168156775,8.0
2026-02-05 19:20:00,7.8435165e-05,0.62565769704387,1.0699999760836363,13.019999708980322,0.03839481218052073,1.0675108046871882,1.1059056168677088,1.7316417490766298,0.006518641168156775,8.0
2026-02-05 19:30:00,7.8435165e-05,0.605384021767945,1.0699999760836363,13.019999708980322,0.03839481218052073,1.0675108046871882,1.1059056168677088,1.7113680738007049,0.006518641168156775,8.0
2026-02-05 19:40:00,7.8435165e-05,0.5811248485433196,1.0699999760836363,13.019999708980322,0.03839481218052073,1.0675108046871882,1.1059056168677088,1.6871089005760793,0.006518641168156775,8.0
2026-02-05 19:50:00,7.8435165e-05,0.5530131408048539,1.0699999760836363,13.019999708980322,0.03839481218052073,1.0675108046871882,1.1059056168677088,1.6589971928376137,0.006518641168156775,8.0
2026-02-05 20:00:00,7.8435165e-05,0.5212223616696836,1.0699999760836363,13.019999708980322,0.03839481218052073,1.0675108046871882,1.1059056168677088,1.6272064137024433,0.006518641168156775,8.0
2026-02-05 20:10:00,7.8435165e-05,0.4859663460337963,1.0699999760836363,13.019999708980322,0.03839481218052073,1.0675108046871882,1.1059056168677088,1.591950398066556,0.006518641168156775,8.0
2026-02-05 20:20:00,7.8435165e-05,0.4474983248910247,1.0699999760836363,13.019999708980322,0.03839481218052073,1.0675108046871882,1.1059056168677088,1.5534823769237844,0.006518641168156775,8.0
2026-02-05 20:30:00,7.8435165e-05,0.4061091398259087,1.0699999760836363,13.019999708980322,0.03839481218052073,1.0675108046871882,1.1059056168677088,1.5120931918586684,0.006518641168156775,8.0
2026-02-05 20:40:00,7.8435165e-05,0.3621247100095154,1.0699999760836363,13.019999708980322,0.03839481218052073,1.0675108046871882,1.1059056168677088,1.468108762042275,0.006518641168156775,8.0
2026-02-05 20:50:00,7.8435165e-05,0.3159028305435455,1.0699999760836363,13.019999708980322,0.03839481218052073,1.0675108046871882,1.1059056168677088,1.4218868825763051,0.006518641168156775,8.0
2026-02-05 21:00:00,7.8435165e-05,0.2678293896030115,1.0499999765306711,12.989999709650874,0.03794665291622876,1.0550504010627875,1.0929970539790161,1.3609048787470786,0.006518641168156775,8.0
2026-02-05 21:10:00,7.8435165e-05,0.21831409374855337,1.0499999765306711,12.989999709650874,0.03794665291622876,1.0550504010627875,1.0929970539790161,1.3113895828926205,0.006518641168156775,8.0
2026-02-05 21:20:00,7.8435165e-05,0.1677857876941276,1.0499999765306711,12.989999709650874,0.03794665291622876,1.0550504010627875,1.0929970539790161,1.2608612768381946,0.006518641168156775,8.0
2026-02-05 21:30:00,7.8435165e-05,0.11668744882068662,1.0499999765306711,12.989999709650874,0.03794665291622876,1.0550504010627875,1.0929970539790161,1.2097629379647536,0.006518641168156775,8.0
2026-02-05 21:40:00,7.8435165e-05,0.06547093026878689,1.0499999765306711,12.989999709650874,0.03794665291622876,1.0550504010627875,1.0929970539790161,1.1585464194128539,0.006518641168156775,8.0
2026-02-05 21:50:00,7.8435165e-05,0.01459152124699994,1.0499999765306711,12.989999709650874,0.03794665291622876,1.0550504010627875,1.0929970539790161,1.107667010391067,0.006518641168156775,8.0
2026-02-05 22:00:00,7.8435165e-05,-0.03549760874627463,1.0499999765306711,12.989999709650874,0.03794665291622876,1.0550504010627875,1.0929970539790161,1.0575778803977924,0.006518641168156775,8.0
2026-02-05 22:10:00,7.8435165e-05,-0.08435101344579568,1.0499999765306711,12.989999709650874,0.03794665291622876,1.0550504010627875,1.0929970539790161,1.0087244756982714,0.006518641168156775,8.0
2026-02-05 22:20:00,7.8435165e-05,-0.13153654691492223,1.0499999765306711,12.989999709650874,0.03794665291622876,1.0550504010627875,1.0929970539790161,0.9615389422291448,0.006518641168156775,8.0
2026-02-05 22:30:00,7.8435165e-05,-0.1766408312723167,1.0499999765306711,12.989999709650874,0.03794665291622876,1.0550504010627875,1.0929970539790161,0.9164346578717504,0.006518641168156775,8.0
2026-02-05 22:40:00,7.8435165e-05,-0.21927452152160434,1.0499999765306711,12.989999709650874,0.03794665291622876,1.0550504010627875,1.0929970539790161,0.8738009676224627,0.006518641168156775,8.0
2026-02-05 22:50:00,7.8435165e-05,-0.25907726371194717,1.0499999765306711,12.989999709650874,0.03794665291622876,1.0550504010627875,1.0929970539790161,0.8339982254321199,0.006518641168156775,8.0
2026-02-05 23:00:00,7.8435165e-05,-0.2957222350434774,1.0499999765306711,12.989999709650874,0.03794665291622876,1.0550504010627875,1.0929970539790161,0.7973532541005897,0.006518641168156775,8.0
2026-02-05 23:10:00,7.8435165e-05,-0.328920151486446,1.0499999765306711,12.989999709650874,0.03794665291622876,1.0550504010627875,1.0929970539790161,0.7641553376576211,0.006518641168156775,8.0
2026-02-05 23:20:00,7.8435165e-05,-0.3584226322343345,1.0499999765306711,12.989999709650874,0.03794665291622876,1.0550504010627875,1.0929970539790161,0.7346528569097326,0.006518641168156775,8.0
2026-02-05 23:30:00,7.8435165e-05,-0.3840248215218238,1.0499999765306711,12.989999709650874,0.03794665291622876,1.0550504010627875,1.0929970539790161,0.7090506676222432,0.006518641168156775,8.0
2026-02-05 23:40:00,7.8435165e-05,-0.4055671880617213,1.0499999765306711,12.989999709650874,0.03794665291622876,1.0550504010627875,1.0929970539790161,0.6875083010823457,0.006518641168156775,8.0
2026-02-05 23:50:00,7.8435165e-05,-0.4229364492340186,1.0499999765306711,12.989999709650874,0.03794665291622876,1.0550504010627875,1.0929970539790161,0.6701390399100484,0.006518641168156775,8.0
2026-02-06 00:00:00,0.018501053,-0.4360656005390764,1.0499999765306711,12.929999710991979,0.037771379692597216,1.0501771890486407,1.0879485687412378,0.6703840208350893,0.006518641168156775,8.0
2026-02-06 00:10:00,0.018501053,-0.44493306772058205,1.0499999765306711,12.929999710991979,0.037771379692597216,1.0501771890486407,1.0879485687412378,0.6615165536535836,0.006518641168156775,8.0
2026-02-06 00:20:00,0.018501053,-0.4495610369699349,1.0499999765306711,12.929999710991979,0.037771379692597216,1.0501771890486407,1.0879485687412378,0.6568885844042308,0.006518641168156775,8.0
2026-02-06 00:30:00,0.018501053,-0.45001305439477335,1.0499999765306711,12.929999710991979,0.037771379692597216,1.0501771890486407,1.0879485687412378,0.6564365669793923,0.006518641168156775,8.0
2026-02-06 00:40:00,0.018501053,-0.44639101633026385,1.0499999765306711,12.929999710991979,0.037771379692597216,1.0501771890486407,1.0879485687412378,0.6600586050439019,0.006518641168156775,8.0
2026-02-06 00:50:00,0.018501053,-0.43883169451290144,1.0499999765306711,12.929999710991979,0.037771379692597216,1.0501771890486407,1.0879485687412378,0.6676179268612643,0.006518641168156775,8.0
2026-02-06 01:00:00,0.018501053,-0.42750295242657443,1.0499999765306711,12.929999710991979,0.037771379692597216,1.0501771890486407,1.0879485687412378,0.6789466689475913,0.006518641168156775,8.0
2026-02-06 01:10:00,0.018501053,-0.412599810344976,1.0499999765306711,12.929999710991979,0.037771379692597216,1.0501771890486407,1.0879485687412378,0.6938498110291897,0.006518641168156775,8.0
2026-02-06 01:20:00,0.018501053,-0.3943405066050801,1.0499999765306711,12.929999710991979,0.037771379692597216,1.0501771890486407,1.0879485687412378,0.7121091147690857,0.006518641168156775,8.0
2026-02-06 01:30:00,0.018501053,-0.37296268261553317,1.0499999765306711,12.929999710991979,0.037771379692597216,1.0501771890486407,1.0879485687412378,0.7334869387586325,0.006518641168156775,8.0
2026-02-06 01:40:00,0.018501053,-0.3487197911031037,1.0499999765306711,12.929999710991979,0.037771379692597216,1.0501771890486407,1.0879485687412378,0.757729830271062,0.006518641168156775,8.0
2026-02-06 01:50:00,0.018501053,-0.32187779403585204,1.0499999765306711,12.929999710991979,0.037771379692597216,1.0501771890486407,1.0879485687412378,0.7845718273383137,0.006518641168156775,8.0
2026-02-06 02:00:00,0.018501053,-0.29271218187214076,1.0499999765306711,12.929999710991979,0.037771379692597216,1.0501771890486407,1.0879485687412378,0.8137374395020249,0.006518641168156775,8.0
2026-02-06 02:10:00,0.018501053,-0.26150531287975465,1.0499999765306711,12.929999710991979,0.037771379692597216,1.0501771890486407,1.0879485687412378,0.844944308494411,0.006518641168156775,8.0
2026-02-06 02:20:00,0.018501053,-0.228544043344015,1.0499999765306711,12.929999710991979,0.037771379692597216,1.0501771890486407,1.0879485687412378,0.8779055780301507,0.006518641168156775,8.0
2026-02-06 02:30:00,0.018501053,-0.19411759949442872,1.0499999765306711,12.929999710991979,0.037771379692597216,1.0501771890486407,1.0879485687412378,0.9123320218797369,0.006518641168156775,8.0
2026-02-06 02:40:00,0.018501053,-0.15851563125952262,1.0499999765306711,12.929999710991979,0.037771379692597216,1.0501771890486407,1.0879485687412378,0.9479339901146431,0.006518641168156775,8.0
2026-02-06 02:50:00,0.018501053,-0.12202638777864344,1.0499999765306711,12.929999710991979,0.037771379692597216,1.0501771890486407,1.0879485687412378,0.9844232335955223,0.006518641168156775,8.0
2026-02-06 03:00:00,0.018501053,-0.08493496381584871,1.0499999765306711,12.839999713003635,0.0375084698571499,1.0428673710274206,1.0803758408845705,1.0139419297016496,0.006518641168156775,8.0
2026-02-06 03:10:00,0.018501053,-0.0475215838233156,1.0499999765306711,12.839999713003635,0.0375084698571499,1.0428673710274206,1.0803758408845705,1.0513553096941828,0.006518641168156775,8.0
2026-02-06 03:20:00,0.018501053,-0.010059913480562703,1.0499999765306711,12.839999713003635,0.0375084698571499,1.0428673710274206,1.0803758408845705,1.0888169800369356,0.006518641168156775,8.0
2026-02-06 03:30:00,0.018501053,0.02718458607089258,1.0499999765306711,12.839999713003635,0.0375084698571499,1.0428673710274206,1.0803758408845705,1.126061479588391,0.006518641168156775,8.0
2026-02-06 03:40:00,0.018501053,0.0639562215905323,1.0499999765306711,12.839999713003635,0.0375084698571499,1.0428673710274206,1.0803758408845705,1.1628331151080307,0.006518641168156775,8.0
2026-02-06 03:50:00,0.018501053,0.10001048936368019,1.0499999765306711,12.839999713003635,0.0375084698571499,1.0428673710274206,1.0803758408845705,1.1988873828811786,0.006518641168156775,8.0
2026-02-06 04:00:00,0.018501053,0.1351152831931485,1.0499999765306711,12.839999713003635,0.0375084698571499,1.0428673710274206,1.0803758408845705,1.233992176710647,0.006518641168156775,8.0
2026-02-06 04:10:00,0.018501053,0.1690518143592245,1.0499999765306711,12.839999713003635,0.0375084698571499,1.0428673710274206,1.0803758408845705,1.267928707876723,0.006518641168156775,8.0
2026-02-06 04:20:00,0.018501053,0.20161517673655285,1.0499999765306711,12.839999713003635,0.0375084698571499,1.0428673710274206,1.0803758408845705,1.3004920702540512,0.006518641168156775,8.0
2026-02-06 04:30:00,0.018501053,0.23261450880596188,1.0499999765306711,12.839999713003635,0.0375084698571499,1.0428673710274206,1.0803758408845705,1.3314914023234603,0.006518641168156775,8.0
2026-02-06 04:40:00,0.018501053,0.2618727315073942,1.0499999765306711,12.839999713003635,0.0375084698571499,1.0428673710274206,1.0803758408845705,1.3607496250248925,0.006518641168156775,8.0
2026-02-06 04:50:00,0.018501053,0.2892258748662962,1.0499999765306711,12.839999713003635,0.0375084698571499,1.0428673710274206,1.0803758408845705,1.3881027683837945,0.006518641168156775,8.0
2026-02-06 05:00:00,0.018501053,0.31452204357414754,1.0499999765306711,12.839999713003635,0.0375084698571499,1.0428673710274206,1.0803758408845705,1.413398937091646,0.006518641168156775,8.0
2026-02-06 05:10:00,0.018501053,0.3376201082329231,1.0499999765306711,12.839999713003635,0.0375084698571499,1.0428673710274206,1.0803758408845705,1.4364970017504215,0.006518641168156775,8.0
2026-02-06 05:20:00,0.018501053,0.3583882412725463,1.0499999765306711,12.839999713003635,0.0375084698571499,1.0428673710274206,1.0803758408845705,1.4572651347900447,0.006518641168156775,8.0
2026-02-06 05:30:00,0.018501053,0.3767024404144686,1.0499999765306711,12.839999713003635,0.0375084698571499,1.0428673710274206,1.0803758408845705,1.475579333931967,0.006518641168156775,8.0
2026-02-06 05:40:00,0.018501053,0.3924451958675566,1.0499999765306711,12.839999713003635,0.0375084698571499,1.0428673710274206,1.0803758408845705,1.491322089385055,0.006518641168156775,8.0
2026-02-06 05:50:00,0.018501053,0.4055044573694149,1.0499999765306711,12.839999713003635,0.0375084698571499,1.0428673710274206,1.0803758408845705,1.5043813508869133,0.006518641168156775,8.0
2026-02-06 06:00:00,0.018501053,0.4157730441020222,1.0499999765306711,12.709999715909362,0.037128711205948225,1.0323087449967692,1.0694374562027174,1.5037115529376675,0.006518641168156775,8.0
2026-02-06 06:10:00,0.018501053,0.4231486140531087,1.0499999765306711,12.709999715909362,0.037128711205948225,1.0323087449967692,1.0694374562027174,1.511087122888754,0.006518641168156775,8.0
2026-02-06 06:20:00,0.018501053,0.4275342723494496,1.0499999765306711,12.709999715909362,0.037128711205948225,1.0323087449967692,1.0694374562027174,1.5154727811850948,0.006518641168156775,8.0
2026-02-06 06:30:00,0.018501053,0.4288398527840605,1.0499999765306711,12.709999715909362,0.037128711205948225,1.0323087449967692,1.0694374562027174,1.5167783616197057,0.006518641168156775,8.0
2026-02-06 06:40:00,0.018501053,0.42698385730643007,1.0499999765306711,12.709999715909362,0.037128711205948225,1.0323087449967692,1.0694374562027174,1.5149223661420752,0.006518641168156775,8.0
2026-02-06 06:50:00,0.018501053,0.4218959887610212,1.0499999765306711,12.709999715909362,0.037128711205948225,1.0323087449967692,1.0694374562027174,1.5098344975966664,0.006518641168156775,8.0
2026-02-06 07:00:00,0.018501053,0.41352016656028967,1.0499999765306711,12.709999715909362,0.037128711205948225,1.0323087449967692,1.0694374562027174,1.501458675395935,0.006518641168156775,8.0
2026-02-06 07:10:00,0.018501053,0.4018178774638853,1.0499999765306711,12.709999715909362,0.037128711205948225,1.0323087449967692,1.0694374562027174,1.4897563862995304,0.006518641168156775,8.0
2026-02-06 07:20:00,0.018501053,0.38677168659711925,1.0499999765306711,12.709999715909362,0.037128711205948225,1.0323087449967692,1.0694374562027174,1.4747101954327646,0.006518641168156775,8.0
2026-02-06 07:30:00,0.018501053,0.3683887198096787,1.0499999765306711,12.709999715909362,0.037128711205948225,1.0323087449967692,1.0694374562027174,1.456327228645324,0.006518641168156775,8.0
2026-02-06 07:40:00,0.018501053,0.3467039276344974,1.0499999765306711,12.709999715909362,0.037128711205948225,1.0323087449967692,1.0694374562027174,1.4346424364701427,0.006518641168156775,8.0
2026-02-06 07:50:00,0.018501053,0.32178295336304785,1.0499999765306711,12.709999715909362,0.037128711205948225,1.0323087449967692,1.0694374562027174,1.409721462198693,0.006518641168156775,8.0
2026-02-06 08:00:00,0.018501053,0.2937244511832233,1.0499999765306711,12.709999715909362,0.037128711205948225,1.0323087449967692,1.0694374562027174,1.3816629600188686,0.006518641168156775,8.0
2026-02-06 08:10:00,0.018501053,0.2626617324780795,1.0499999765306711,12.709999715909362,0.037128711205948225,1.0323087449967692,1.0694374562027174,1.3506002413137248,0.006518641168156775,8.0
2026-02-06 08:20:00,0.018501053,0.22876365599972306,1.0499999765306711,12.709999715909362,0.037128711205948225,1.0323087449967692,1.0694374562027174,1.3167021648353683,0.006518641168156775,8.0
2026-02-06 08:30:00,0.018501053,0.19223471726800423,1.0499999765306711,12.709999715909362,0.037128711205948225,1.0323087449967692,1.0694374562027174,1.2801732261036496,0.006518641168156775,8.0
2026-02-06 08:40:00,0.018501053,0.15331433073210307,1.0499999765306711,12.709999715909362,0.037128711205948225,1.0323087449967692,1.0694374562027174,1.2412528395677482,0.006518641168156775,8.0
2026-02-06 08:50:00,0.018501053,0.1122753321920613,1.0499999765306711,12.709999715909362,0.037128711205948225,1.0323087449967692,1.0694374562027174,1.2002138410277066,0.006518641168156775,8.0
2026-02-06 09:00:00,0.018501053,0.06942175630163816,1.0199999772012234,12.479999721050262,0.03593224445364393,0.9990427615735755,1.0349750060272194,1.1228978149617854,0.006518641168156775,8.0
2026-02-06 09:10:00,0.018501053,0.025085963556661827,1.0199999772012234,12.479999721050262,0.03593224445364393,0.9990427615735755,1.0349750060272194,1.078562022216809,0.006518641168156775,8.0
2026-02-06 09:20:00,0.018501053,-0.020374797394031367,1.0199999772012234,12.479999721050262,0.03593224445364393,0.9990427615735755,1.0349750060272194,1.033101261266116,0.006518641168156775,8.0
2026-02-06 09:30:00,0.018501053,-0.06658230236773478,1.0199999772012234,12.479999721050262,0.03593224445364393,0.9990427615735755,1.0349750060272194,0.9868937562924125,0.006518641168156775,8.0
2026-02-06 09:40:00,0.018501053,-0.1131416514397609,1.0199999772012234,12.479999721050262,0.03593224445364393,0.9990427615735755,1.0349750060272194,0.9403344072203863,0.006518641168156775,8.0
2026-02-06 09:50:00,0.018501053,-0.159645874356981,1.0199999772012234,12.479999721050262,0.03593224445364393,0.9990427615735755,1.0349750060272194,0.8938301843031663,0.006518641168156775,8.0
2026-02-06 10:00:00,0.018501053,-0.2056807676539893,1.0199999772012234,12.479999721050262,0.03593224445364393,0.9990427615735755,1.0349750060272194,0.8477952910061579,0.006518641168156775,8.0
2026-02-06 10:10:00,0.018501053,-0.25082989711019094,1.0199999772012234,12.479999721050262,0.03593224445364393,0.9990427615735755,1.0349750060272194,0.8026461615499563,0.006518641168156775,8.0
2026-02-06 10:20:00,0.018501053,-0.29467970385385983,1.0199999772012234,12.479999721050262,0.03593224445364393,0.9990427615735755,1.0349750060272194,0.7587963548062875,0.006518641168156775,8.0
2026-02-06 10:30:00,0.018501053,-0.3368246540177977,1.0199999772012234,12.479999721050262,0.03593224445364393,0.9990427615735755,1.0349750060272194,0.7166514046423496,0.006518641168156775,8.0
2026-02-06 10:40:00,0.018501053,-0.37687236872463303,1.0199999772012234,12.479999721050262,0.03593224445364393,0.9990427615735755,1.0349750060272194,0.6766036899355142,0.006518641168156775,8.0
2026-02-06 10:50:00,0.018501053,-0.41444866472067776,1.0199999772012234,12.479999721050262,0.03593224445364393,0.9990427615735755,1.0349750060272194,0.6390273939394695,0.006518641168156775,8.0
2026-02-06 11:00:00,0.018501053,-0.4492024264051265,1.0199999772012234,12.479999721050262,0.03593224445364393,0.9990427615735755,1.0349750060272194,0.6042736322550208,0.006518641168156775,8.0
2026-02-06 11:10:00,0.018501053,-0.48081021965985776,1.0199999772012234,12.479999721050262,0.03593224445364393,0.9990427615735755,1.0349750060272194,0.5726658390002894,0.006518641168156775,8.0
2026-02-06 11:20:00,0.018501053,-0.508980548667277,1.0199999772012234,12.479999721050262,0.03593224445364393,0.9990427615735755,1.0349750060272194,0.5444955099928702,0.006518641168156775,8.0
2026-02-06 11:30:00,0.018501053,-0.5334576508618367,1.0199999772012234,12.479999721050262,0.03593224445364393,0.9990427615735755,1.0349750060272194,0.5200184077983105,0.006518641168156775,8.0
2026-02-06 11:40:00,0.018501053,-0.554024725010261,1.0199999772012234,12.479999721050262,0.03593224445364393,0.9990427615735755,1.0349750060272194,0.49945133364988625,0.006518641168156775,8.0
2026-02-06 11:50:00,0.018501053,-0.570506493751223,1.0199999772012234,12.479999721050262,0.03593224445364393,0.9990427615735755,1.0349750060272194,0.4829695649089243,0.006518641168156775,8.0
2026-02-06 12:00:00,0.018501053,-0.5827710166479202,0.979999978095293,12.249999726191163,0.034571545983618154,0.9612105588310712,0.9957821048146893,0.431512140799697,0.006518641168156775,8.0
2026-02-06 12:10:00,0.018501053,-0.5907306919056179,0.979999978095293,12.249999726191163,0.034571545983618154,0.9612105588310712,0.9957821048146893,0.4235524655419993,0.006518641168156775,8.0
2026-02-06 12:20:00,0.018501053,-0.5943424142198742,0.979999978095293,12.249999726191163,0.034571545983618154,0.9612105588310712,0.9957821048146893,0.419940743227743,0.006518641168156775,8.0
2026-02-06 12:30:00,0.018501053,-0.5936068902478789,0.979999978095293,12.249999726191163,0.034571545983618154,0.9612105588310712,0.9957821048146893,0.4206762671997383,0.006518641168156775,8.0
2026-02-06 12:40:00,0.018501053,-0.5885671498376093,0.979999978095293,12.249999726191163,0.034571545983618154,0.9612105588310712,0.9957821048146893,0.42571600761000794,0.006518641168156775,8.0
2026-02-06 12:50:00,0.018501053,-0.5793063271680378,0.979999978095293,12.249999726191163,0.034571545983618154,0.9612105588310712,0.9957821048146893,0.43497683027957945,0.006518641168156775,8.0
2026-02-06 13:00:00,0.018501053,-0.5659448181571543,0.979999978095293,12.249999726191163,0.034571545983618154,0.9612105588310712,0.9957821048146893,0.44833833929046296,0.006518641168156775,8.0
2026-02-06 13:10:00,0.018501053,-0.548636946267266,0.979999978095293,12.249999726191163,0.034571545983618154,0.9612105588310712,0.9957821048146893,0.4656462111803512,0.006518641168156775,8.0
2026-02-06 13:20:00,0.018501053,-0.5275672852956855,0.979999978095293,12.249999726191163,0.034571545983618154,0.9612105588310712,0.9957821048146893,0.4867158721519317,0.006518641168156775,8.0
2026-02-06 13:30:00,0.018501053,-0.5029467938613897,0.979999978095293,12.249999726191163,0.034571545983618154,0.9612105588310712,0.9957821048146893,0.5113363635862275,0.006518641168156775,8.0
2026-02-06 13:40:00,0.018501053,-0.47500891104223064,0.979999978095293,12.249999726191163,0.034571545983618154,0.9612105588310712,0.9957821048146893,0.5392742464053866,0.006518641168156775,8.0
2026-02-06 13:50:00,0.018501053,-0.444005746910816,0.979999978095293,12.249999726191163,0.034571545983618154,0.9612105588310712,0.9957821048146893,0.5702774105368011,0.006518641168156775,8.0
2026-02-06 14:00:00,0.018501053,-0.41020447691704137,0.979999978095293,12.249999726191163,0.034571545983618154,0.9612105588310712,0.9957821048146893,0.6040786805305758,0.006518641168156775,8.0
2026-02-06 14:10:00,0.018501053,-0.3738840178462267,0.979999978095293,12.249999726191163,0.034571545983618154,0.9612105588310712,0.9957821048146893,0.6403991396013905,0.006518641168156775,8.0
2026-02-06 14:20:00,0.018501053,-0.3353320285297031,0.979999978095293,12.249999726191163,0.034571545983618154,0.9612105588310712,0.9957821048146893,0.6789511289179141,0.006518641168156775,8.0
2026-02-06 14:30:00,0.018501053,-0.29484224416972166,0.979999978095293,12.249999726191163,0.034571545983618154,0.9612105588310712,0.9957821048146893,0.7194409132778956,0.006518641168156775,8.0
2026-02-06 14:40:00,0.018501053,-0.2527121224073255,0.979999978095293,12.249999726191163,0.034571545983618154,0.9612105588310712,0.9957821048146893,0.7615710350402918,0.006518641168156775,8.0
2026-02-06 14:50:00,0.018501053,-0.2092407552746717,0.979999978095293,12.249999726191163,0.034571545983618154,0.9612105588310712,0.9957821048146893,0.8050424021729455,0.006518641168156775,8.0
2026-02-06 15:00:00,0.018501053,-0.16472698596270735,0.9499999787658453,12.049999730661511,0.033482549836988486,0.9309326361960002,0.9644151860329887,0.8181892527032093,0.006518641168156775,8.0
2026-02-06 15:10:00,0.018501053,-0.11946766445622112,0.9499999787658453,12.049999730661511,0.033482549836988486,0.9309326361960002,0.9644151860329887,0.8634485742096955,0.006518641168156775,8.0
2026-02-06 15:20:00,0.018501053,-0.07375598130657228,0.9499999787658453,12.049999730661511,0.033482549836988486,0.9309326361960002,0.9644151860329887,0.9091602573593444,0.006518641168156775,8.0
2026-02-06 15:30:00,0.018501053,-0.027879833377688682,0.9499999787658453,12.049999730661511,0.033482549836988486,0.9309326361960002,0.9644151860329887,0.9550364052882279,0.006518641168156775,8.0
2026-02-06 15:40:00,0.018501053,0.017879803016962983,0.9499999787658453,12.049999730661511,0.033482549836988486,0.9309326361960002,0.9644151860329887,1.0007960416828796,0.006518641168156775,8.0
2026-02-06 15:50:00,0.018501053,0.06325049044194646,0.9499999787658453,12.049999730661511,0.033482549836988486,0.9309326361960002,0.9644151860329887,1.0461667291078631,0.006518641168156775,8.0
2026-02-06 16:00:00,0.018501053,0.10796991238262996,0.9499999787658453,12.049999730661511,0.033482549836988486,0.9309326361960002,0.9644151860329887,1.0908861510485466,0.006518641168156775,8.0
2026-02-06 16:10:00,0.018501053,0.1517873677393647,0.9499999787658453,12.049999730661511,0.033482549836988486,0.9309326361960002,0.9644151860329887,1.1347036064052813,0.006518641168156775,8.0
2026-02-06 16:20:00,0.018501053,0.19446510871294603,0.9499999787658453,12.049999730661511,0.033482549836988486,0.9309326361960002,0.9644151860329887,1.1773813473788626,0.006518641168156775,8.0
2026-02-06 16:30:00,0.018501053,0.23577944432409134,0.9499999787658453,12.049999730661511,0.033482549836988486,0.9309326361960002,0.9644151860329887,1.218695682990008,0.006518641168156775,8.0
2026-02-06 16:40:00,0.018501053,0.27552153306533445,0.9499999787658453,12.049999730661511,0.033482549836988486,0.9309326361960002,0.9644151860329887,1.2584377717312512,0.006518641168156775,8.0
2026-02-06 16:50:00,0.018501053,0.31349780063706895,0.9499999787658453,12.049999730661511,0.033482549836988486,0.9309326361960002,0.9644151860329887,1.2964140393029855,0.006518641168156775,8.0
2026-02-06 17:00:00,0.018501053,0.34952994100109885,0.9499999787658453,12.049999730661511,0.033482549836988486,0.9309326361960002,0.9644151860329887,1.3324461796670155,0.006518641168156775,8.0
2026-02-06 17:10:00,0.018501053,0.38345448966785994,0.9499999787658453,12.049999730661511,0.033482549836988486,0.9309326361960002,0.9644151860329887,1.3663707283337765,0.006518641168156775,8.0
2026-02-06 17:20:00,0.018501053,0.41512199397028293,0.9499999787658453,12.049999730661511,0.033482549836988486,0.9309326361960002,0.9644151860329887,1.3980382326361995,0.006518641168156775,8.0
2026-02-06 17:30:00,0.018501053,0.4443958426227369,0.9499999787658453,12.049999730661511,0.033482549836988486,0.9309326361960002,0.9644151860329887,1.4273120812886535,0.006518641168156775,8.0
2026-02-06 17:40:00,0.018501053,0.4711508522787912,0.9499999787658453,12.049999730661511,0.033482549836988486,0.9309326361960002,0.9644151860329887,1.4540670909447078,0.006518641168156775,8.0
2026-02-06 17:50:00,0.018501053,0.4952717378979255,0.9499999787658453,12.049999730661511,0.033482549836988486,0.9309326361960002,0.9644151860329887,1.478187976563842,0.006518641168156775,8.0
2026-02-06 18:00:00,0.018501053,0.5166516137856489,0.9199999794363976,11.88999973423779,0.032512131487284,0.9039515933273539,0.9364637248146379,1.4716163912332147,0.006518641168156775,8.0
2026-02-06 18:10:00,0.018501053,0.5351906799621255,0.9199999794363976,11.88999973423779,0.032512131487284,0.9039515933273539,0.9364637248146379,1.4901554574096914,0.006518641168156775,8.0
2026-02-06 18:20:00,0.018501053,0.5507952434432352,0.9199999794363976,11.88999973423779,0.032512131487284,0.9039515933273539,0.9364637248146379,1.505760020890801,0.006518641168156775,8.0
2026-02-06 18:30:00,0.018501053,0.5633772053902617,0.9199999794363976,11.88999973423779,0.032512131487284,0.9039515933273539,0.9364637248146379,1.5183419828378275,0.006518641168156775,8.0
2026-02-06 18:40:00,0.018501053,0.5728541145994747,0.9199999794363976,11.88999973423779,0.032512131487284,0.9039515933273539,0.9364637248146379,1.5278188920470406,0.006518641168156775,8.0
2026-02-06 18:50:00,0.018501053,0.5791498475513475,0.9199999794363976,11.88999973423779,0.032512131487284,0.9039515933273539,0.9364637248146379,1.5341146249989133,0.006518641168156775,8.0
2026-02-06 19:00:00,0.018501053,0.5821959287255644,0.9199999794363976,11.88999973423779,0.032512131487284,0.9039515933273539,0.9364637248146379,1.5371607061731303,0.006518641168156775,8.0
2026-02-06 19:10:00,0.018501053,0.5819334561532694,0.9199999794363976,11.88999973423779,0.032512131487284,0.9039515933273539,0.9364637248146379,1.5368982336008352,0.006518641168156775,8.0
2026-02-06 19:20:00,0.018501053,0.5783155500539736,0.9199999794363976,11.88999973423779,0.032512131487284,0.9039515933273539,0.9364637248146379,1.5332803275015394,0.006518641168156775,8.0
2026-02-06 19:30:00,0.018501053,0.5713102014024082,0.9199999794363976,11.88999973423779,0.032512131487284,0.9039515933273539,0.9364637248146379,1.5262749788499739,0.006518641168156775,8.0
2026-02-06 19:40:00,0.018501053,0.5609033651639185,0.9199999794363976,11.88999973423779,0.032512131487284,0.9039515933273539,0.9364637248146379,1.5158681426114842,0.006518641168156775,8.0
2026-02-06 19:50:00,0.018501053,0.5471021227489254,0.9199999794363976,11.88999973423779,0.032512131487284,0.9039515933273539,0.9364637248146379,1.5020669001964913,0.006518641168156775,8.0
2026-02-06 20:00:00,0.018501053,0.5299377309020333,0.9199999794363976,11.88999973423779,0.032512131487284,0.9039515933273539,0.9364637248146379,1.4849025083495992,0.006518641168156775,8.0
2026-02-06 20:10:00,0.018501053,0.5094683801154336,0.9199999794363976,11.88999973423779,0.032512131487284,0.9039515933273539,0.9364637248146379,1.4644331575629994,0.006518641168156775,8.0
2026-02-06 20:20:00,0.018501053,0.48578150353969235,0.9199999794363976,11.88999973423779,0.032512131487284,0.9039515933273539,0.9364637248146379,1.4407462809872582,0.006518641168156775,8.0
2026-02-06 20:30:00,0.018501053,0.4589955051490393,0.9199999794363976,11.88999973423779,0.032512131487284,0.9039515933273539,0.9364637248146379,1.4139602825966051,0.006518641168156775,8.0
2026-02-06 20:40:00,0.018501053,0.42926081069695565,0.9199999794363976,11.88999973423779,0.032512131487284,0.9039515933273539,0.9364637248146379,1.3842255881445213,0.006518641168156775,8.0
2026-02-06 20:50:00,0.018501053,0.3967601833557003,0.9199999794363976,11.88999973423779,0.032512131487284,0.9039515933273539,0.9364637248146379,1.3517249608032662,0.006518641168156775,8.0
2026-02-06 21:00:00,0.018501053,0.3617082844306787,0.8799999803304672,11.749999737367034,0.03142308911462649,0.8736723854461423,0.9050954745607689,1.2853048116243755,0.006518641168156775,8.0
2026-02-06 21:10:00,0.018501053,0.32435049500135554,0.8799999803304672,11.749999737367034,0.03142308911462649,0.8736723854461423,0.9050954745607689,1.2479470221950524,0.006518641168156775,8.0
2026-02-06 21:20:00,0.018501053,0.2849610441085729,0.8799999803304672,11.749999737367034,0.03142308911462649,0.8736723854461423,0.9050954745607689,1.2085575713022698,0.006518641168156775,8.0
2026-02-06 21:30:00,0.018501053,0.24384051153204447,0.8799999803304672,11.749999737367034,0.03142308911462649,0.8736723854461423,0.9050954745607689,1.1674370387257413,0.006518641168156775,8.0
2026-02-06 21:40:00,0.018501053,0.2013127873645679,0.8799999803304672,11.749999737367034,0.03142308911462649,0.8736723854461423,0.9050954745607689,1.1249093145582647,0.006518641168156775,8.0
2026-02-06 21:50:00,0.018501053,0.15772157681497612,0.8799999803304672,11.749999737367034,0.03142308911462649,0.8736723854461423,0.9050954745607689,1.0813181040086728,0.006518641168156775,8.0
2026-02-06 22:00:00,0.018501053,0.11342653798972546,0.8799999803304672,11.749999737367034,0.03142308911462649,0.8736723854461423,0.9050954745607689,1.0370230651834222,0.006518641168156775,8.0
2026-02-06 22:10:00,0.018501053,0.0687991345716558,0.8799999803304672,11.749999737367034,0.03142308911462649,0.8736723854461423,0.9050954745607689,0.9923956617653525,0.006518641168156775,8.0
2026-02-06 22:20:00,0.018501053,0.024218276727870656,0.8799999803304672,11.749999737367034,0.03142308911462649,0.8736723854461423,0.9050954745607689,0.9478148039215675,0.006518641168156775,8.0
2026-02-06 22:30:00,0.018501053,-0.019934185761852352,0.8799999803304672,11.749999737367034,0.03142308911462649,0.8736723854461423,0.9050954745607689,0.9036623414318444,0.006518641168156775,8.0
2026-02-06 22:40:00,0.018501053,-0.06327806163692906,0.8799999803304672,11.749999737367034,0.03142308911462649,0.8736723854461423,0.9050954745607689,0.8603184655567677,0.006518641168156775,8.0
2026-02-06 22:50:00,0.018501053,-0.10543945558844446,0.8799999803304672,11.749999737367034,0.03142308911462649,0.8736723854461423,0.9050954745607689,0.8181570716052523,0.006518641168156775,8.0
2026-02-06 23:00:00,0.018501053,-0.14605539307908966,0.8799999803304672,11.749999737367034,0.03142308911462649,0.8736723854461423,0.9050954745607689,0.7775411341146071,0.006518641168156775,8.0
2026-02-06 23:10:00,0.018501053,-0.18477837664708588,0.8799999803304672,11.749999737367034,0.03142308911462649,0.8736723854461423,0.9050954745607689,0.7388181505466109,0.006518641168156775,8.0
2026-02-06 23:20:00,0.018501053,-0.22128080993963614,0.8799999803304672,11.749999737367034,0.03142308911462649,0.8736723854461423,0.9050954745607689,0.7023157172540606,0.006518641168156775,8.0
2026-02-06 23:30:00,0.018501053,-0.2552592157521467,0.8799999803304672,11.749999737367034,0.03142308911462649,0.8736723854461423,0.9050954745607689,0.6683373114415501,0.006518641168156775,8.0
2026-02-06 23:40:00,0.018501053,-0.28643816414228307,0.8799999803304672,11.749999737367034,0.03142308911462649,0.8736723854461423,0.9050954745607689,0.6371583630514137,0.006518641168156775,8.0
2026-02-06 23:50:00,0.018501053,-0.3145738182952249,0.8799999803304672,11.749999737367034,0.03142308911462649,0.8736723854461423,0.9050954745607689,0.6090227088984719,0.006518641168156775,8.0
2026-02-07 00:00:00,0.03517881,-0.3394570018624901,0.8399999812245369,11.61999974027276,0.030360956212606986,0.8441413554833282,0.8745023116959353,0.5702241201914926,0.006518641168156775,8.0
2026-02-07 00:10:00,0.03517881,-0.36091569326758866,0.8399999812245369,11.61999974027276,0.030360956212606986,0.8441413554833282,0.8745023116959353,0.5487654287863941,0.006518641168156775,8.0
2026-02-07 00:20:00,0.03517881,-0.3788168618859069,0.8399999812245369,11.61999974027276,0.030360956212606986,0.8441413554833282,0.8745023116959353,0.5308642601680759,0.006518641168156775,8.0
2026-02-07 00:30:00,0.03517881,-0.39306757794867836,0.8399999812245369,11.61999974027276,0.030360956212606986,0.8441413554833282,0.8745023116959353,0.5166135441053044,0.006518641168156775,8.0
2026-02-07 00:40:00,0.03517881,-0.40361535247279456,0.8399999812245369,11.61999974027276,0.030360956212606986,0.8441413554833282,0.8745023116959353,0.5060657695811882,0.006518641168156775,8.0
2026-02-07 00:50:00,0.03517881,-0.41044769381537494,0.8399999812245369,11.61999974027276,0.030360956212606986,0.8441413554833282,0.8745023116959353,0.49923342823860783,0.006518641168156775,8.0
2026-02-07 01:00:00,0.03517881,-0.4135909015898158,0.8399999812245369,11.61999974027276,0.030360956212606986,0.8441413554833282,0.8745023116959353,0.49609022046416695,0.006518641168156775,8.0
2026-02-07 01:10:00,0.03517881,-0.4131081538322055,0.8399999812245369,11.61999974027276,0.030360956212606986,0.8441413554833282,0.8745023116959353,0.49657296822177727,0.006518641168156775,8.0
2026-02-07 01:20:00,0.03517881,-0.40909697635716524,0.8399999812245369,11.61999974027276,0.030360956212606986,0.8441413554833282,0.8745023116959353,0.5005841456968175,0.006518641168156775,8.0
2026-02-07 01:30:00,0.03517881,-0.40168621125741916,0.8399999812245369,11.61999974027276,0.030360956212606986,0.8441413554833282,0.8745023116959353,0.5079949107965636,0.006518641168156775,8.0
2026-02-07 01:40:00,0.03517881,-0.3910326216643834,0.8399999812245369,11.61999974027276,0.030360956212606986,0.8441413554833282,0.8745023116959353,0.5186485003895993,0.006518641168156775,8.0
2026-02-07 01:50:00,0.03517881,-0.3773172803604263,0.8399999812245369,11.61999974027276,0.030360956212606986,0.8441413554833282,0.8745023116959353,0.5323638416935565,0.006518641168156775,8.0
2026-02-07 02:00:00,0.03517881,-0.3607418894181999,0.8399999812245369,11.61999974027276,0.030360956212606986,0.8441413554833282,0.8745023116959353,0.5489392326357829,0.006518641168156775,8.0
2026-02-07 02:10:00,0.03517881,-0.34152516682161677,0.8399999812245369,11.61999974027276,0.030360956212606986,0.8441413554833282,0.8745023116959353,0.5681559552323661,0.006518641168156775,8.0
2026-02-07 02:20:00,0.03517881,-0.3198994150420876,0.8399999812245369,11.61999974027276,0.030360956212606986,0.8441413554833282,0.8745023116959353,0.5897817070118951,0.006518641168156775,8.0
2026-02-07 02:30:00,0.03517881,-0.29610735792013243,0.8399999812245369,11.61999974027276,0.030360956212606986,0.8441413554833282,0.8745023116959353,0.6135737641338503,0.006518641168156775,8.0
2026-02-07 02:40:00,0.03517881,-0.2703992987680837,0.8399999812245369,11.61999974027276,0.030360956212606986,0.8441413554833282,0.8745023116959353,0.639281823285899,0.006518641168156775,8.0
2026-02-07 02:50:00,0.03517881,-0.24303061784313837,0.8399999812245369,11.61999974027276,0.030360956212606986,0.8441413554833282,0.8745023116959353,0.6666505042108444,0.006518641168156775,8.0
2026-02-07 03:00:00,0.03517881,-0.21425959456460425,0.7999999821186066,11.459999743849039,0.02922128334986253,0.8124544419214557,0.8416757252713182,0.6625949410647614,0.006518641168156775,8.0
2026-02-07 03:10:00,0.03517881,-0.18434551261791413,0.7999999821186066,11.459999743849039,0.02922128334986253,0.8124544419214557,0.8416757252713182,0.6925090230114516,0.006518641168156775,8.0
2026-02-07 03:20:00,0.03517881,-0.15354698672874986,0.7999999821186066,11.459999743849039,0.02922128334986253,0.8124544419214557,0.8416757252713182,0.7233075489006158,0.006518641168156775,8.0
2026-02-07 03:30:00,0.03517881,-0.12212044053087356,0.7999999821186066,11.459999743849039,0.02922128334986253,0.8124544419214557,0.8416757252713182,0.7547340950984921,0.006518641168156775,8.0
2026-02-07 03:40:00,0.03517881,-0.09031866596512801,0.7999999821186066,11.459999743849039,0.02922128334986253,0.8124544419214557,0.8416757252713182,0.7865358696642376,0.006518641168156775,8.0
2026-02-07 03:50:00,0.03517881,-0.058389405789153276,0.7999999821186066,11.459999743849039,0.02922128334986253,0.8124544419214557,0.8416757252713182,0.8184651298402124,0.006518641168156775,8.0
2026-02-07 04:00:00,0.03517881,-0.02657392028130651,0.7999999821186066,11.459999743849039,0.02922128334986253,0.8124544419214557,0.8416757252713182,0.8502806153480591,0.006518641168156775,8.0
2026-02-07 04:10:00,0.03517881,0.004894475490652456,0.7999999821186066,11.459999743849039,0.02922128334986253,0.8124544419214557,0.8416757252713182,0.8817490111200181,0.006518641168156775,8.0
2026-02-07 04:20:00,0.03517881,0.035791889488029235,0.7999999821186066,11.459999743849039,0.02922128334986253,0.8124544419214557,0.8416757252713182,0.9126464251173949,0.006518641168156775,8.0
2026-02-07 04:30:00,0.03517881,0.06590530448390082,0.7999999821186066,11.459999743849039,0.02922128334986253,0.8124544419214557,0.8416757252713182,0.9427598401132665,0.006518641168156775,8.0
2026-02-07 04:40:00,0.03517881,0.09503394017627366,0.7999999821186066,11.459999743849039,0.02922128334986253,0.8124544419214557,0.8416757252713182,0.9718884758056393,0.006518641168156775,8.0
2026-02-07 04:50:00,0.03517881,0.12299044730866658,0.7999999821186066,11.459999743849039,0.02922128334986253,0.8124544419214557,0.8416757252713182,0.9998449829380323,0.006518641168156775,8.0
2026-02-07 05:00:00,0.03517881,0.1496018502984786,0.7999999821186066,11.459999743849039,0.02922128334986253,0.8124544419214557,0.8416757252713182,1.0264563859278444,0.006518641168156775,8.0
2026-02-07 05:10:00,0.03517881,0.1747101608333814,0.7999999821186066,11.459999743849039,0.02922128334986253,0.8124544419214557,0.8416757252713182,1.051564696462747,0.006518641168156775,8.0
2026-02-07 05:20:00,0.03517881,0.198172601553003,0.7999999821186066,11.459999743849039,0.02922128334986253,0.8124544419214557,0.8416757252713182,1.0750271371823688,0.006518641168156775,8.0
2026-02-07 05:30:00,0.03517881,0.21986140522025038,0.7999999821186066,11.459999743849039,0.02922128334986253,0.8124544419214557,0.8416757252713182,1.096715940849616,0.006518641168156775,8.0
2026-02-07 05:40:00,0.03517881,0.23966318824775343,0.7999999821186066,11.459999743849039,0.02922128334986253,0.8124544419214557,0.8416757252713182,1.1165177238771191,0.006518641168156775,8.0
2026-02-07 05:50:00,0.03517881,0.2574779346676851,0.7999999821186066,11.459999743849039,0.02922128334986253,0.8124544419214557,0.8416757252713182,1.1343324702970508,0.006518641168156775,8.0
2026-02-07 06:00:00,0.03517881,0.2732176640724085,0.7699999827891588,11.279999747872353,0.02821786404023953,0.7845558563099925,0.812773720350232,1.121170194780688,0.006518641168156775,8.0
2026-02-07 06:10:00,0.03517881,0.28680489044032287,0.7699999827891588,11.279999747872353,0.02821786404023953,0.7845558563099925,0.812773720350232,1.1347574211486022,0.006518641168156775,8.0
2026-02-07 06:20:00,0.03517881,0.29817100479316017,0.7699999827891588,11.279999747872353,0.02821786404023953,0.7845558563099925,0.812773720350232,1.1461235355014396,0.006518641168156775,8.0
2026-02-07 06:30:00,0.03517881,0.307254729962198,0.7699999827891588,11.279999747872353,0.02821786404023953,0.7845558563099925,0.812773720350232,1.1552072606704775,0.006518641168156775,8.0
2026-02-07 06:40:00,0.03517881,0.31400079872874104,0.7699999827891588,11.279999747872353,0.02821786404023953,0.7845558563099925,0.812773720350232,1.1619533294370206,0.006518641168156775,8.0
2026-02-07 06:50:00,0.03517881,0.31835899616184526,0.7699999827891588,11.279999747872353,0.02821786404023953,0.7845558563099925,0.812773720350232,1.1663115268701247,0.006518641168156775,8.0
2026-02-07 07:00:00,0.03517881,0.3202836838525853,0.7699999827891588,11.279999747872353,0.02821786404023953,0.7845558563099925,0.812773720350232,1.168236214560865,0.006518641168156775,8.0
2026-02-07 07:10:00,0.03517881,0.3197338895791455,0.7699999827891588,11.279999747872353,0.02821786404023953,0.7845558563099925,0.812773720350232,1.167686420287425,0.006518641168156775,8.0
2026-02-07 07:20:00,0.03517881,0.31667400362655357,0.7699999827891588,11.279999747872353,0.02821786404023953,0.7845558563099925,0.812773720350232,1.164626534334833,0.006518641168156775,8.0
2026-02-07 07:30:00,0.03517881,0.31107507622389624,0.7699999827891588,11.279999747872353,0.02821786404023953,0.7845558563099925,0.812773720350232,1.1590276069321757,0.006518641168156775,8.0
2026-02-07 07:40:00,0.03517881,0.3029166632937191,0.7699999827891588,11.279999747872353,0.02821786404023953,0.7845558563099925,0.812773720350232,1.1508691940019986,0.006518641168156775,8.0
2026-02-07 07:50:00,0.03517881,0.29218912421033855,0.7699999827891588,11.279999747872353,0.02821786404023953,0.7845558563099925,0.812773720350232,1.140141654918618,0.006518641168156775,8.0
2026-02-07 08:00:00,0.03517881,0.27889623902126237,0.7699999827891588,11.279999747872353,0.02821786404023953,0.7845558563099925,0.812773720350232,1.1268487697295417,0.006518641168156775,8.0
2026-02-07 08:10:00,0.03517881,0.2630579867628559,0.7699999827891588,11.279999747872353,0.02821786404023953,0.7845558563099925,0.812773720350232,1.1110105174711353,0.006518641168156775,8.0
2026-02-07 08:20:00,0.03517881,0.24471331284745762,0.7699999827891588,11.279999747872353,0.02821786404023953,0.7845558563099925,0.812773720350232,1.092665843555737,0.006518641168156775,8.0
2026-02-07 08:30:00,0.03517881,0.22392271287387897,0.7699999827891588,11.279999747872353,0.02821786404023953,0.7845558563099925,0.812773720350232,1.0718752435821584,0.006518641168156775,8.0
2026-02-07 08:40:00,0.03517881,0.20077047208746263,0.7699999827891588,11.279999747872353,0.02821786404023953,0.7845558563099925,0.812773720350232,1.0487230027957422,0.006518641168156775,8.0
2026-02-07 08:50:00,0.03517881,0.1753664224512853,0.7699999827891588,11.279999747872353,0.02821786404023953,0.7845558563099925,0.812773720350232,1.0233189531595648,0.006518641168156775,8.0
2026-02-07 09:00:00,0.03517881,0.14784711038422982,0.7599999830126762,11.149999750778079,0.027710945097930886,0.7704617269919274,0.7981726720898583,0.9811985928321356,0.006518641168156775,8.0
2026-02-07 09:10:00,0.03517881,0.11837630445963665,0.7599999830126762,11.149999750778079,0.027710945097930886,0.7704617269919274,0.7981726720898583,0.9517277869075425,0.006518641168156775,8.0
2026-02-07 09:20:00,0.03517881,0.08714481029925915,0.7599999830126762,11.149999750778079,0.027710945097930886,0.7704617269919274,0.7981726720898583,0.9204962927471649,0.006518641168156775,8.0
2026-02-07 09:30:00,0.03517881,0.054369596214725674,0.7599999830126762,11.149999750778079,0.027710945097930886,0.7704617269919274,0.7981726720898583,0.8877210786626315,0.006518641168156775,8.0
2026-02-07 09:40:00,0.03517881,0.02029226485505891,0.7599999830126762,11.149999750778079,0.027710945097930886,0.7704617269919274,0.7981726720898583,0.8536437473029647,0.006518641168156775,8.0
2026-02-07 09:50:00,0.03517881,-0.014823068854469315,0.7599999830126762,11.149999750778079,0.027710945097930886,0.7704617269919274,0.7981726720898583,0.8185284135934365,0.006518641168156775,8.0
2026-02-07 10:00:00,0.03517881,-0.05069241622961352,0.7599999830126762,11.149999750778079,0.027710945097930886,0.7704617269919274,0.7981726720898583,0.7826590662182923,0.006518641168156775,8.0
2026-02-07 10:10:00,0.03517881,-0.08701498386816957,0.7599999830126762,11.149999750778079,0.027710945097930886,0.7704617269919274,0.7981726720898583,0.7463364985797363,0.006518641168156775,8.0
2026-02-07 10:20:00,0.03517881,-0.1234765861278171,0.7599999830126762,11.149999750778079,0.027710945097930886,0.7704617269919274,0.7981726720898583,0.7098748963200887,0.006518641168156775,8.0
2026-02-07 10:30:00,0.03517881,-0.15975331899586184,0.7599999830126762,11.149999750778079,0.027710945097930886,0.7704617269919274,0.7981726720898583,0.6735981634520439,0.006518641168156775,8.0
2026-02-07 10:40:00,0.03517881,-0.19551542222322604,0.7599999830126762,11.149999750778079,0.027710945097930886,0.7704617269919274,0.7981726720898583,0.6378360602246798,0.006518641168156775,8.0
2026-02-07 10:50:00,0.03517881,-0.23043126731634192,0.7599999830126762,11.149999750778079,0.027710945097930886,0.7704617269919274,0.7981726720898583,0.6029202151315639,0.006518641168156775,8.0
2026-02-07 11:00:00,0.03517881,-0.2641714188755401,0.7599999830126762,11.149999750778079,0.027710945097930886,0.7704617269919274,0.7981726720898583,0.5691800635723657,0.006518641168156775,8.0
2026-02-07 11:10:00,0.03517881,-0.29641272419381054,0.7599999830126762,11.149999750778079,0.027710945097930886,0.7704617269919274,0.7981726720898583,0.5369387582540952,0.006518641168156775,8.0
2026-02-07 11:20:00,0.03517881,-0.32684238932656456,0.7599999830126762,11.149999750778079,0.027710945097930886,0.7704617269919274,0.7981726720898583,0.5065090931213412,0.006518641168156775,8.0
2026-02-07 11:30:00,0.03517881,-0.35516199859430025,0.7599999830126762,11.149999750778079,0.027710945097930886,0.7704617269919274,0.7981726720898583,0.47818948385360555,0.006518641168156775,8.0
2026-02-07 11:40:00,0.03517881,-0.3810914289166123,0.7599999830126762,11.149999750778079,0.027710945097930886,0.7704617269919274,0.7981726720898583,0.4522600535312935,0.006518641168156775,8.0
2026-02-07 11:50:00,0.03517881,-0.4043726013798167,0.7599999830126762,11.149999750778079,0.027710945097930886,0.7704617269919274,0.7981726720898583,0.4289788810680891,0.006518641168156775,8.0
2026-02-07 12:00:00,0.03517881,-0.4247730019790007,0.7499999832361937,11.03999975323677,0.02725645556736115,0.7578253197028575,0.7850817752702186,0.3954875836492654,0.006518641168156775,8.0
2026-02-07 12:10:00,0.03517881,-0.442088893412262,0.7499999832361937,11.03999975323677,0.02725645556736115,0.7578253197028575,0.7850817752702186,0.3781716922160041,0.006518641168156775,8.0
2026-02-07 12:20:00,0.03517881,-0.45614813257458087,0.7499999832361937,11.03999975323677,0.02725645556736115,0.7578253197028575,0.7850817752702186,0.3641124530536852,0.006518641168156775,8.0
2026-02-07 12:30:00,0.03517881,-0.4668125061096639,0.7499999832361937,11.03999975323677,0.02725645556736115,0.7578253197028575,0.7850817752702186,0.3534480795186022,0.006518641168156775,8.0
2026-02-07 12:40:00,0.03517881,-0.47397950053319826,0.7499999832361937,11.03999975323677,0.02725645556736115,0.7578253197028575,0.7850817752702186,0.34628108509506783,0.006518641168156775,8.0
2026-02-07 12:50:00,0.03517881,-0.4775834351587392,0.7499999832361937,11.03999975323677,0.02725645556736115,0.7578253197028575,0.7850817752702186,0.3426771504695269,0.006518641168156775,8.0
2026-02-07 13:00:00,0.03517881,-0.47759590524601847,0.7499999832361937,11.03999975323677,0.02725645556736115,0.7578253197028575,0.7850817752702186,0.3426646803822476,0.006518641168156775,8.0
2026-02-07 13:10:00,0.03517881,-0.47402550875117866,0.7499999832361937,11.03999975323677,0.02725645556736115,0.7578253197028575,0.7850817752702186,0.34623507687708743,0.006518641168156775,8.0
2026-02-07 13:20:00,0.03517881,-0.46691686085825546,0.7499999832361937,11.03999975323677,0.02725645556736115,0.7578253197028575,0.7850817752702186,0.35334372477001064,0.006518641168156775,8.0
2026-02-07 13:30:00,0.03517881,-0.456348933906092,0.7499999832361937,11.03999975323677,0.02725645556736115,0.7578253197028575,0.7850817752702186,0.3639116517221741,0.006518641168156775,8.0
2026-02-07 13:40:00,0.03517881,-0.44243279323211326,0.7499999832361937,11.03999975323677,0.02725645556736115,0.7578253197028575,0.7850817752702186,0.37782779239615283,0.006518641168156775,8.0
2026-02-07 13:50:00,0.03517881,-0.42530882901559386,0.7499999832361937,11.03999975323677,0.02725645556736115,0.7578253197028575,0.7850817752702186,0.39495175661267223,0.006518641168156775,8.0
2026-02-07 14:00:00,0.03517881,-0.405143607330668,0.7499999832361937,11.03999975323677,0.02725645556736115,0.7578253197028575,0.7850817752702186,0.4151169782975981,0.006518641168156775,8.0
2026-02-07 14:10:00,0.03517881,-0.3821264781647624,0.7499999832361937,11.03999975323677,0.02725645556736115,0.7578253197028575,0.7850817752702186,0.4381341074635037,0.006518641168156775,8.0
2026-02-07 14:20:00,0.03517881,-0.35646608242063493,0.7499999832361937,11.03999975323677,0.02725645556736115,0.7578253197028575,0.7850817752702186,0.46379450320763116,0.006518641168156775,8.0
2026-02-07 14:30:00,0.03517881,-0.32838689345998695,0.7499999832361937,11.03999975323677,0.02725645556736115,0.7578253197028575,0.7850817752702186,0.49187369216827914,0.006518641168156775,8.0
2026-02-07 14:40:00,0.03517881,-0.29812591206350947,0.7499999832361937,11.03999975323677,0.02725645556736115,0.7578253197028575,0.7850817752702186,0.5221346735647566,0.006518641168156775,8.0
2026-02-07 14:50:00,0.03517881,-0.2659296083715709,0.7499999832361937,11.03999975323677,0.02725645556736115,0.7578253197028575,0.7850817752702186,0.5543309772566951,0.006518641168156775,8.0
2026-02-07 15:00:00,0.03517881,-0.23205117296066358,0.7499999832361937,10.949999755248427,0.027034256201322878,0.751647395900932,0.7786816521022548,0.5818092894996387,0.006518641168156775,8.0
2026-02-07 15:10:00,0.03517881,-0.1967481048391788,0.7499999832361937,10.949999755248427,0.027034256201322878,0.751647395900932,0.7786816521022548,0.6171123576211235,0.006518641168156775,8.0
2026-02-07 15:20:00,0.03517881,-0.1602801303022895,0.7499999832361937,10.949999755248427,0.027034256201322878,0.751647395900932,0.7786816521022548,0.6535803321580128,0.006518641168156775,8.0
2026-02-07 15:30:00,0.03517881,-0.12290741670641854,0.7499999832361937,10.949999755248427,0.027034256201322878,0.751647395900932,0.7786816521022548,0.6909530457538837,0.006518641168156775,8.0
2026-02-07 15:40:00,0.03517881,-0.0848890222802138,0.7499999832361937,10.949999755248427,0.027034256201322878,0.751647395900932,0.7786816521022548,0.7289714401800885,0.006518641168156775,8.0
2026-02-07 15:50:00,0.03517881,-0.04648150938405362,0.7499999832361937,10.949999755248427,0.027034256201322878,0.751647395900932,0.7786816521022548,0.7673789530762487,0.006518641168156775,8.0
2026-02-07 16:00:00,0.03517881,-0.007937645367004184,0.7499999832361937,10.949999755248427,0.027034256201322878,0.751647395900932,0.7786816521022548,0.8059228170932982,0.006518641168156775,8.0
2026-02-07 16:10:00,0.03517881,0.030494877573707394,0.7499999832361937,10.949999755248427,0.027034256201322878,0.751647395900932,0.7786816521022548,0.8443553400340097,0.006518641168156775,8.0
2026-02-07 16:20:00,0.03517881,0.06857475535601604,0.7499999832361937,10.949999755248427,0.027034256201322878,0.751647395900932,0.7786816521022548,0.8824352178163184,0.006518641168156775,8.0
2026-02-07 16:30:00,0.03517881,0.10606844561958545,0.7499999832361937,10.949999755248427,0.027034256201322878,0.751647395900932,0.7786816521022548,0.9199289080798878,0.006518641168156775,8.0
2026-02-07 16:40:00,0.03517881,0.14275160140338283,0.7499999832361937,10.949999755248427,0.027034256201322878,0.751647395900932,0.7786816521022548,0.9566120638636851,0.006518641168156775,8.0
2026-02-07 16:50:00,0.03517881,0.17841053513296262,0.7499999832361937,10.949999755248427,0.027034256201322878,0.751647395900932,0.7786816521022548,0.9922709975932649,0.006518641168156775,8.0
2026-02-07 17:00:00,0.03517881,0.21284365678778655,0.7499999832361937,10.949999755248427,0.027034256201322878,0.751647395900932,0.7786816521022548,1.0267041192480888,0.006518641168156775,8.0
2026-02-07 17:10:00,0.03517881,0.24586280991124845,0.7499999832361937,10.949999755248427,0.027034256201322878,0.751647395900932,0.7786816521022548,1.0597232723715506,0.006518641168156775,8.0
2026-02-07 17:20:00,0.03517881,0.27729441781028275,0.7499999832361937,10.949999755248427,0.027034256201322878,0.751647395900932,0.7786816521022548,1.091154880270585,0.006518641168156775,8.0
2026-02-07 17:30:00,0.03517881,0.3069803516337495,0.7499999832361937,10.949999755248427,0.027034256201322878,0.751647395900932,0.7786816521022548,1.1208408140940518,0.006518641168156775,8.0
2026-02-07 17:40:00,0.03517881,0.33477844266721823,0.7499999832361937,10.949999755248427,0.027034256201322878,0.751647395900932,0.7786816521022548,1.1486389051275205,0.006518641168156775,8.0
2026-02-07 17:50:00,0.03517881,0.3605625823856738,0.7499999832361937,10.949999755248427,0.027034256201322878,0.751647395900932,0.7786816521022548,1.174423044845976,0.006518641168156775,8.0
2026-02-07 18:00:00,0.03517881,0.3842223838361097,0.7399999834597111,10.859999757260084,0.026632709960660878,0.7404829982611467,0.7671157082218076,1.1865169024159647,0.006518641168156775,8.0
2026-02-07 18:10:00,0.03517881,0.4056624138694368,0.7399999834597111,10.859999757260084,0.026632709960660878,0.7404829982611467,0.7671157082218076,1.2079569324492918,0.006518641168156775,8.0
2026-02-07 18:20:00,0.03517881,0.4248010439958624,0.7399999834597111,10.859999757260084,0.026632709960660878,0.7404829982611467,0.7671157082218076,1.2270955625757174,0.006518641168156775,8.0
2026-02-07 18:30:00,0.03517881,0.4415690043335615,0.7399999834597111,10.859999757260084,0.026632709960660878,0.7404829982611467,0.7671157082218076,1.2438635229134167,0.006518641168156775,8.0
2026-02-07 18:40:00,0.03517881,0.45590775632652203,0.7399999834597111,10.859999757260084,0.026632709960660878,0.7404829982611467,0.7671157082218076,1.258202274906377,0.006518641168156775,8.0
2026-02-07 18:50:00,0.03517881,0.4677678222091893,0.7399999834597111,10.859999757260084,0.026632709960660878,0.7404829982611467,0.7671157082218076,1.2700623407890443,0.006518641168156775,8.0
2026-02-07 19:00:00,0.03517881,0.4771072200539853,0.7399999834597111,10.859999757260084,0.026632709960660878,0.7404829982611467,0.7671157082218076,1.2794017386338403,0.006518641168156775,8.0
2026-02-07 19:10:00,0.03517881,0.48389015119613116,0.7399999834597111,10.859999757260084,0.026632709960660878,0.7404829982611467,0.7671157082218076,1.2861846697759862,0.006518641168156775,8.0
2026-02-07 19:20:00,0.03517881,0.4880860715626076,0.7399999834597111,10.859999757260084,0.026632709960660878,0.7404829982611467,0.7671157082218076,1.2903805901424628,0.006518641168156775,8.0
2026-02-07 19:30:00,0.03517881,0.48966925122919586,0.7399999834597111,10.859999757260084,0.026632709960660878,0.7404829982611467,0.7671157082218076,1.291963769809051,0.006518641168156775,8.0
2026-02-07 19:40:00,0.03517881,0.4886188894637294,0.7399999834597111,10.859999757260084,0.026632709960660878,0.7404829982611467,0.7671157082218076,1.2909134080435845,0.006518641168156775,8.0
2026-02-07 19:50:00,0.03517881,0.48491980893908093,0.7399999834597111,10.859999757260084,0.026632709960660878,0.7404829982611467,0.7671157082218076,1.287214327518936,0.006518641168156775,8.0
2026-02-07 20:00:00,0.03517881,0.4785637065744268,0.7399999834597111,10.859999757260084,0.026632709960660878,0.7404829982611467,0.7671157082218076,1.280858225154282,0.006518641168156775,8.0
2026-02-07 20:10:00,0.03517881,0.4695508935641564,0.7399999834597111,10.859999757260084,0.026632709960660878,0.7404829982611467,0.7671157082218076,1.2718454121440115,0.006518641168156775,8.0
2026-02-07 20:20:00,0.03517881,0.45789241767264116,0.7399999834597111,10.859999757260084,0.026632709960660878,0.7404829982611467,0.7671157082218076,1.2601869362524962,0.006518641168156775,8.0
2026-02-07 20:30:00,0.03517881,0.4436124299967411,0.7399999834597111,10.859999757260084,0.026632709960660878,0.7404829982611467,0.7671157082218076,1.2459069485765961,0.006518641168156775,8.0
2026-02-07 20:40:00,0.03517881,0.4267506387018936,0.7399999834597111,10.859999757260084,0.026632709960660878,0.7404829982611467,0.7671157082218076,1.2290451572817487,0.006518641168156775,8.0
2026-02-07 20:50:00,0.03517881,0.4073646850526372,0.7399999834597111,10.859999757260084,0.026632709960660878,0.7404829982611467,0.7671157082218076,1.2096592036324922,0.006518641168156775,8.0
2026-02-07 21:00:00,0.03517881,0.3855322824880143,0.7199999839067459,10.769999759271741,0.02605263325319423,0.7243548257919978,0.750407459045192,1.171118551891254,0.006518641168156775,8.0
2026-02-07 21:10:00,0.03517881,0.361352976547042,0.7199999839067459,10.769999759271741,0.02605263325319423,0.7243548257919978,0.750407459045192,1.1469392459502816,0.006518641168156775,8.0
2026-02-07 21:20:00,0.03517881,0.33494940999509804,0.7199999839067459,10.769999759271741,0.02605263325319423,0.7243548257919978,0.750407459045192,1.1205356793983374,0.006518641168156775,8.0
2026-02-07 21:30:00,0.03517881,0.3064680106794941,0.7199999839067459,10.769999759271741,0.02605263325319423,0.7243548257919978,0.750407459045192,1.0920542800827335,0.006518641168156775,8.0
2026-02-07 21:40:00,0.03517881,0.27607905611710915,0.7199999839067459,10.769999759271741,0.02605263325319423,0.7243548257919978,0.750407459045192,1.0616653255203485,0.006518641168156775,8.0
2026-02-07 21:50:00,0.03517881,0.2439761051474362,0.7199999839067459,10.769999759271741,0.02605263325319423,0.7243548257919978,0.750407459045192,1.0295623745506757,0.006518641168156775,8.0
2026-02-07 22:00:00,0.03517881,0.21037482004884214,0.7199999839067459,10.769999759271741,0.02605263325319423,0.7243548257919978,0.750407459045192,0.9959610894520816,0.006518641168156775,8.0
2026-02-07 22:10:00,0.03517881,0.1755112297119007,0.7199999839067459,10.769999759271741,0.02605263325319423,0.7243548257919978,0.750407459045192,0.9610974991151402,0.006518641168156775,8.0
2026-02-07 22:20:00,0.03517881,0.1396395041229981,0.7199999839067459,10.769999759271741,0.02605263325319423,0.7243548257919978,0.750407459045192,0.9252257735262376,0.006518641168156775,8.0
2026-02-07 22:30:00,0.03517881,0.1030293217188287,0.7199999839067459,10.769999759271741,0.02605263325319423,0.7243548257919978,0.750407459045192,0.8886155911220682,0.006518641168156775,8.0
2026-02-07 22:40:00,0.03517881,0.06596291443201252,0.7199999839067459,10.769999759271741,0.02605263325319423,0.7243548257919978,0.750407459045192,0.851549183835252,0.006518641168156775,8.0
2026-02-07 22:50:00,0.03517881,0.028731871590317166,0.7199999839067459,10.769999759271741,0.02605263325319423,0.7243548257919978,0.750407459045192,0.8143181409935567,0.006518641168156775,8.0
2026-02-07 23:00:00,0.03517881,-0.008366224944284474,0.7199999839067459,10.769999759271741,0.02605263325319423,0.7243548257919978,0.750407459045192,0.777220044458955,0.006518641168156775,8.0
2026-02-07 23:10:00,0.03517881,-0.04503127346671281,0.7199999839067459,10.769999759271741,0.02605263325319423,0.7243548257919978,0.750407459045192,0.7405549959365267,0.006518641168156775,8.0
2026-02-07 23:20:00,0.03517881,-0.08096418394657716,0.7199999839067459,10.769999759271741,0.02605263325319423,0.7243548257919978,0.750407459045192,0.7046220854566624,0.006518641168156775,8.0
2026-02-07 23:30:00,0.03517881,-0.11587042932638594,0.7199999839067459,10.769999759271741,0.02605263325319423,0.7243548257919978,0.750407459045192,0.6697158400768536,0.006518641168156775,8.0
2026-02-07 23:40:00,0.03517881,-0.1494635839827491,0.7199999839067459,10.769999759271741,0.02605263325319423,0.7243548257919978,0.750407459045192,0.6361226854204904,0.006518641168156775,8.0
2026-02-07 23:50:00,0.03517881,-0.1814688184626583,0.7199999839067459,10.769999759271741,0.02605263325319423,0.7243548257919978,0.750407459045192,0.6041174509405812,0.006518641168156775,8.0
2026-02-08 00:00:00,0.038617443,-0.21162631652965325,0.7599999830126762,10.669999761506915,0.02651800755111413,0.7372938678927233,0.7638118754438374,0.5908030022075172,0.006518641168156775,8.0
2026-02-08 00:10:00,0.038617443,-0.23969457319542564,0.7599999830126762,10.669999761506915,0.02651800755111413,0.7372938678927233,0.7638118754438374,0.5627347455417449,0.006518641168156775,8.0
2026-02-08 00:20:00,0.038617443,-0.2654535221990451,0.7599999830126762,10.669999761506915,0.02651800755111413,0.7372938678927233,0.7638118754438374,0.5369757965381254,0.006518641168156775,8.0
2026-02-08 00:30:00,0.038617443,-0.28870743034577606,0.7599999830126762,10.669999761506915,0.02651800755111413,0.7372938678927233,0.7638118754438374,0.5137218883913944,0.006518641168156775,8.0
2026-02-08 00:40:00,0.038617443,-0.3092874862781076,0.7599999830126762,10.669999761506915,0.02651800755111413,0.7372938678927233,0.7638118754438374,0.4931418324590629,0.006518641168156775,8.0
2026-02-08 00:50:00,0.038617443,-0.3270540051562266,0.7599999830126762,10.669999761506915,0.02651800755111413,0.7372938678927233,0.7638118754438374,0.47537531358094387,0.006518641168156775,8.0
2026-02-08 01:00:00,0.038617443,-0.34189817002679285,0.7599999830126762,10.669999761506915,0.02651800755111413,0.7372938678927233,0.7638118754438374,0.46053114871037765,0.006518641168156775,8.0
2026-02-08 01:10:00,0.038617443,-0.3537432370023418,0.7599999830126762,10.669999761506915,0.02651800755111413,0.7372938678927233,0.7638118754438374,0.4486860817348287,0.006518641168156775,8.0
2026-02-08 01:20:00,0.038617443,-0.3625451450744592,0.7599999830126762,10.669999761506915,0.02651800755111413,0.7372938678927233,0.7638118754438374,0.4398841736627113,0.006518641168156775,8.0
2026-02-08 01:30:00,0.038617443,-0.3682924923545006,0.7599999830126762,10.669999761506915,0.02651800755111413,0.7372938678927233,0.7638118754438374,0.43413682638266987,0.006518641168156775,8.0
2026-02-08 01:40:00,0.038617443,-0.37100586732895835,0.7599999830126762,10.669999761506915,0.02651800755111413,0.7372938678927233,0.7638118754438374,0.43142345140821214,0.006518641168156775,8.0
2026-02-08 01:50:00,0.038617443,-0.3707365544098208,0.7599999830126762,10.669999761506915,0.02651800755111413,0.7372938678927233,0.7638118754438374,0.4316927643273497,0.006518641168156775,8.0
2026-02-08 02:00:00,0.038617443,-0.36756466496807055,0.7599999830126762,10.669999761506915,0.02651800755111413,0.7372938678927233,0.7638118754438374,0.43486465376909994,0.006518641168156775,8.0
2026-02-08 02:10:00,0.038617443,-0.36159677512512534,0.7599999830126762,10.669999761506915,0.02651800755111413,0.7372938678927233,0.7638118754438374,0.44083254361204516,0.006518641168156775,8.0
2026-02-08 02:20:00,0.038617443,-0.35296317696474755,0.7599999830126762,10.669999761506915,0.02651800755111413,0.7372938678927233,0.7638118754438374,0.44946614177242294,0.006518641168156775,8.0
2026-02-08 02:30:00,0.038617443,-0.34181486782559967,0.7599999830126762,10.669999761506915,0.02651800755111413,0.7372938678927233,0.7638118754438374,0.4606144509115708,0.006518641168156775,8.0
2026-02-08 02:40:00,0.038617443,-0.32832041102315473,0.7599999830126762,10.669999761506915,0.02651800755111413,0.7372938678927233,0.7638118754438374,0.47410890771401576,0.006518641168156775,8.0
2026-02-08 02:50:00,0.038617443,-0.31266279965353544,0.7599999830126762,10.669999761506915,0.02651800755111413,0.7372938678927233,0.7638118754438374,0.48976651908363505,0.006518641168156775,8.0
2026-02-08 03:00:00,0.038617443,-0.295036443048568,0.8199999816715717,10.56999976374209,0.027286735923263413,0.7586672200862599,0.7859539560095232,0.5295349562542883,0.006518641168156775,8.0
2026-02-08 03:10:00,0.038617443,-0.2756443740508422,0.8199999816715717,10.56999976374209,0.027286735923263413,0.7586672200862599,0.7859539560095232,0.5489270252520141,0.006518641168156775,8.0
2026-02-08 03:20:00,0.038617443,-0.25469574663324973,0.8199999816715717,10.56999976374209,0.027286735923263413,0.7586672200862599,0.7859539560095232,0.5698756526696065,0.006518641168156775,8.0
2026-02-08 03:30:00,0.038617443,-0.232403660313368,0.8199999816715717,10.56999976374209,0.027286735923263413,0.7586672200862599,0.7859539560095232,0.5921677389894883,0.006518641168156775,8.0
2026-02-08 03:40:00,0.038617443,-0.20898331373339588,0.8199999816715717,10.56999976374209,0.027286735923263413,0.7586672200862599,0.7859539560095232,0.6155880855694604,0.006518641168156775,8.0
2026-02-08 03:50:00,0.038617443,-0.18465045806072194,0.8199999816715717,10.56999976374209,0.027286735923263413,0.7586672200862599,0.7859539560095232,0.6399209412421343,0.006518641168156775,8.0
2026-02-08 04:00:00,0.038617443,-0.1596200949107167,0.8199999816715717,10.56999976374209,0.027286735923263413,0.7586672200862599,0.7859539560095232,0.6649513043921396,0.006518641168156775,8.0
2026-02-08 04:10:00,0.038617443,-0.13410534578159092,0.8199999816715717,10.56999976374209,0.027286735923263413,0.7586672200862599,0.7859539560095232,0.6904660535212653,0.006518641168156775,8.0
2026-02-08 04:20:00,0.038617443,-0.10831641247185786,0.8199999816715717,10.56999976374209,0.027286735923263413,0.7586672200862599,0.7859539560095232,0.7162549868309984,0.006518641168156775,8.0
2026-02-08 04:30:00,0.038617443,-0.08245955109559674,0.8199999816715717,10.56999976374209,0.027286735923263413,0.7586672200862599,0.7859539560095232,0.7421118482072595,0.006518641168156775,8.0
2026-02-08 04:40:00,0.038617443,-0.05673599577349276,0.8199999816715717,10.56999976374209,0.027286735923263413,0.7586672200862599,0.7859539560095232,0.7678354035293635,0.006518641168156775,8.0
2026-02-08 04:50:00,0.038617443,-0.031340790083291485,0.8199999816715717,10.56999976374209,0.027286735923263413,0.7586672200862599,0.7859539560095232,0.7932306092195648,0.006518641168156775,8.0
2026-02-08 05:00:00,0.038617443,-0.00646151231780949,0.8199999816715717,10.56999976374209,0.027286735923263413,0.7586672200862599,0.7859539560095232,0.8181098869850468,0.006518641168156775,8.0
2026-02-08 05:10:00,0.038617443,0.01772308875619605,0.8199999816715717,10.56999976374209,0.027286735923263413,0.7586672200862599,0.7859539560095232,0.8422944880590524,0.006518641168156775,8.0
2026-02-08 05:20:00,0.038617443,0.04104450140306436,0.8199999816715717,10.56999976374209,0.027286735923263413,0.7586672200862599,0.7859539560095232,0.8656159007059206,0.006518641168156775,8.0
2026-02-08 05:30:00,0.038617443,0.06334583039363072,0.8199999816715717,10.56999976374209,0.027286735923263413,0.7586672200862599,0.7859539560095232,0.887917229696487,0.006518641168156775,8.0
2026-02-08 05:40:00,0.038617443,0.08448305999664374,0.8199999816715717,10.56999976374209,0.027286735923263413,0.7586672200862599,0.7859539560095232,0.9090544592995,0.006518641168156775,8.0
2026-02-08 05:50:00,0.038617443,0.10432610478210945,0.8199999816715717,10.56999976374209,0.027286735923263413,0.7586672200862599,0.7859539560095232,0.9288975040849657,0.006518641168156775,8.0
2026-02-08 06:00:00,0.038617443,0.12275955676412553,0.8199999816715717,10.489999765530229,0.027080213797070315,0.7529251786854179,0.7800053924824881,0.9413823925399467,0.006518641168156775,8.0
2026-02-08 06:10:00,0.038617443,0.13968305288245333,0.8199999816715717,10.489999765530229,0.027080213797070315,0.7529251786854179,0.7800053924824881,0.9583058886582745,0.006518641168156775,8.0
2026-02-08 06:20:00,0.038617443,0.1550112124583522,0.8199999816715717,10.489999765530229,0.027080213797070315,0.7529251786854179,0.7800053924824881,0.9736340482341734,0.006518641168156775,8.0
2026-02-08 06:30:00,0.038617443,0.16867312774597115,0.8199999816715717,10.489999765530229,0.027080213797070315,0.7529251786854179,0.7800053924824881,0.9872959635217924,0.006518641168156775,8.0
2026-02-08 06:40:00,0.038617443,0.18061142855400203,0.8199999816715717,10.489999765530229,0.027080213797070315,0.7529251786854179,0.7800053924824881,0.9992342643298232,0.006518641168156775,8.0
2026-02-08 06:50:00,0.038617443,0.1907809807042257,0.8199999816715717,10.489999765530229,0.027080213797070315,0.7529251786854179,0.7800053924824881,1.009403816480047,0.006518641168156775,8.0
2026-02-08 07:00:00,0.038617443,0.19914731332383132,0.8199999816715717,10.489999765530229,0.027080213797070315,0.7529251786854179,0.7800053924824881,1.0177701490996525,0.006518641168156775,8.0
2026-02-08 07:10:00,0.038617443,0.20568489853317687,0.8199999816715717,10.489999765530229,0.027080213797070315,0.7529251786854179,0.7800053924824881,1.0243077343089981,0.006518641168156775,8.0
2026-02-08 07:20:00,0.038617443,0.21037542525009267,0.8199999816715717,10.489999765530229,0.027080213797070315,0.7529251786854179,0.7800053924824881,1.0289982610259139,0.006518641168156775,8.0
2026-02-08 07:30:00,0.038617443,0.2132062150323817,0.8199999816715717,10.489999765530229,0.027080213797070315,0.7529251786854179,0.7800053924824881,1.0318290508082029,0.006518641168156775,8.0
2026-02-08 07:40:00,0.038617443,0.21416892083787964,0.8199999816715717,10.489999765530229,0.027080213797070315,0.7529251786854179,0.7800053924824881,1.0327917566137008,0.006518641168156775,8.0
2026-02-08 07:50:00,0.038617443,0.21325862978795113,0.8199999816715717,10.489999765530229,0.027080213797070315,0.7529251786854179,0.7800053924824881,1.0318814655637722,0.006518641168156775,8.0
2026-02-08 08:00:00,0.038617443,0.21047346022495217,0.8199999816715717,10.489999765530229,0.027080213797070315,0.7529251786854179,0.7800053924824881,1.0290962960007732,0.006518641168156775,8.0
2026-02-08 08:10:00,0.038617443,0.20581470400341417,0.8199999816715717,10.489999765530229,0.027080213797070315,0.7529251786854179,0.7800053924824881,1.0244375397792354,0.006518641168156775,8.0
2026-02-08 08:20:00,0.038617443,0.19928752092877366,0.8199999816715717,10.489999765530229,0.027080213797070315,0.7529251786854179,0.7800053924824881,1.0179103567045948,0.006518641168156775,8.0
2026-02-08 08:30:00,0.038617443,0.19090214716107617,0.8199999816715717,10.489999765530229,0.027080213797070315,0.7529251786854179,0.7800053924824881,1.0095249829368973,0.006518641168156775,8.0
2026-02-08 08:40:00,0.038617443,0.18067553766042296,0.8199999816715717,10.489999765530229,0.027080213797070315,0.7529251786854179,0.7800053924824881,0.9992983734362442,0.006518641168156775,8.0
2026-02-08 08:50:00,0.038617443,0.16863332763431524,0.8199999816715717,10.489999765530229,0.027080213797070315,0.7529251786854179,0.7800053924824881,0.9872561634101364,0.006518641168156775,8.0
2026-02-08 09:00:00,0.038617443,0.1548119727257457,0.7999999821186066,10.409999767318368,0.026543940634560986,0.7380148988134688,0.7645588394480298,0.9579882554671086,0.006518641168156775,8.0
2026-02-08 09:10:00,0.038617443,0.1392609140759966,0.7999999821186066,10.409999767318368,0.026543940634560986,0.7380148988134688,0.7645588394480298,0.9424371968173595,0.006518641168156775,8.0
2026-02-08 09:20:00,0.038617443,0.1220446132952743,0.7999999821186066,10.409999767318368,0.026543940634560986,0.7380148988134688,0.7645588394480298,0.9252208960366372,0.006518641168156775,8.0
2026-02-08 09:30:00,0.038617443,0.10324431330166174,0.7999999821186066,10.409999767318368,0.026543940634560986,0.7380148988134688,0.7645588394480298,0.9064205960430246,0.006518641168156775,8.0
2026-02-08 09:40:00,0.038617443,0.0829594023681092,0.7999999821186066,10.409999767318368,0.026543940634560986,0.7380148988134688,0.7645588394480298,0.886135685109472,0.006518641168156775,8.0
2026-02-08 09:50:00,0.038617443,0.06130828807565782,0.7999999821186066,10.409999767318368,0.026543940634560986,0.7380148988134688,0.7645588394480298,0.8644845708170207,0.006518641168156775,8.0
2026-02-08 10:00:00,0.038617443,0.03842872209594928,0.7999999821186066,10.409999767318368,0.026543940634560986,0.7380148988134688,0.7645588394480298,0.8416050048373122,0.006518641168156775,8.0
2026-02-08 10:10:00,0.038617443,0.014477552357879103,0.7999999821186066,10.409999767318368,0.026543940634560986,0.7380148988134688,0.7645588394480298,0.8176538350992419,0.006518641168156775,8.0
2026-02-08 10:20:00,0.038617443,-0.010370087000911297,0.7999999821186066,10.409999767318368,0.026543940634560986,0.7380148988134688,0.7645588394480298,0.7928061957404515,0.006518641168156775,8.0
2026-02-08 10:30:00,0.038617443,-0.035922108452689054,0.7999999821186066,10.409999767318368,0.026543940634560986,0.7380148988134688,0.7645588394480298,0.7672541742886738,0.006518641168156775,8.0
2026-02-08 10:40:00,0.038617443,-0.06197126499576361,0.7999999821186066,10.409999767318368,0.026543940634560986,0.7380148988134688,0.7645588394480298,0.7412050177455993,0.006518641168156775,8.0
2026-02-08 10:50:00,0.038617443,-0.08829732937246224,0.7999999821186066,10.409999767318368,0.026543940634560986,0.7380148988134688,0.7645588394480298,0.7148789533689006,0.006518641168156775,8.0
2026-02-08 11:00:00,0.038617443,-0.11466957704407962,0.7999999821186066,10.409999767318368,0.026543940634560986,0.7380148988134688,0.7645588394480298,0.6885067056972832,0.006518641168156775,8.0
2026-02-08 11:10:00,0.038617443,-0.1408494931149188,0.7999999821186066,10.409999767318368,0.026543940634560986,0.7380148988134688,0.7645588394480298,0.6623267896264441,0.006518641168156775,8.0
2026-02-08 11:20:00,0.038617443,-0.1665936313171834,0.7999999821186066,10.409999767318368,0.026543940634560986,0.7380148988134688,0.7645588394480298,0.6365826514241795,0.006518641168156775,8.0
2026-02-08 11:30:00,0.038617443,-0.19165656473853013,0.7999999821186066,10.409999767318368,0.026543940634560986,0.7380148988134688,0.7645588394480298,0.6115197180028328,0.006518641168156775,8.0
2026-02-08 11:40:00,0.038617443,-0.21579388132171606,0.7999999821186066,10.409999767318368,0.026543940634560986,0.7380148988134688,0.7645588394480298,0.5873824014196468,0.006518641168156775,8.0
2026-02-08 11:50:00,0.038617443,-0.2387651891756345,0.7999999821186066,10.409999767318368,0.026543940634560986,0.7380148988134688,0.7645588394480298,0.5644110935657284,0.006518641168156775,8.0
2026-02-08 12:00:00,0.038617443,-0.26033710615456324,0.789999982342124,10.309999769553542,0.026124132950910314,0.7263427688371396,0.7524669017880499,0.5307472389268197,0.006518641168156775,8.0
2026-02-08 12:10:00,0.038617443,-0.2802862128190289,0.789999982342124,10.309999769553542,0.026124132950910314,0.7263427688371396,0.7524669017880499,0.510798132262354,0.006518641168156775,8.0
2026-02-08 12:20:00,0.038617443,-0.29840194759088123,0.789999982342124,10.309999769553542,0.026124132950910314,0.7263427688371396,0.7524669017880499,0.4926823974905017,0.006518641168156775,8.0
2026-02-08 12:30:00,0.038617443,-0.31448941769515504,0.789999982342124,10.309999769553542,0.026124132950910314,0.7263427688371396,0.7524669017880499,0.4765949273862279,0.006518641168156775,8.0
2026-02-08 12:40:00,0.038617443,-0.32837209018976427,0.789999982342124,10.309999769553542,0.026124132950910314,0.7263427688371396,0.7524669017880499,0.46271225489161866,0.006518641168156775,8.0
2026-02-08 12:50:00,0.038617443,-0.33989431606987697,0.789999982342124,10.309999769553542,0.026124132950910314,0.7263427688371396,0.7524669017880499,0.45119002901150596,0.006518641168156775,8.0
2026-02-08 13:00:00,0.038617443,-0.34892362874846095,0.789999982342124,10.309999769553542,0.026124132950910314,0.7263427688371396,0.7524669017880499,0.442160716332922,0.006518641168156775,8.0
2026-02-08 13:10:00,0.038617443,-0.3553527490202048,0.789999982342124,10.309999769553542,0.026124132950910314,0.7263427688371396,0.7524669017880499,0.4357315960611781,0.006518641168156775,8.0
2026-02-08 13:20:00,0.038617443,-0.359101223557575,0.789999982342124,10.309999769553542,0.026124132950910314,0.7263427688371396,0.7524669017880499,0.4319831215238079,0.006518641168156775,8.0
2026-02-08 13:30:00,0.038617443,-0.36011662523479865,0.789999982342124,10.309999769553542,0.026124132950910314,0.7263427688371396,0.7524669017880499,0.4309677198465843,0.006518641168156775,8.0
2026-02-08 13:40:00,0.038617443,-0.35837525186964725,0.789999982342124,10.309999769553542,0.026124132950910314,0.7263427688371396,0.7524669017880499,0.4327090932117357,0.006518641168156775,8.0
2026-02-08 13:50:00,0.038617443,-0.35388227567065383,0.789999982342124,10.309999769553542,0.026124132950910314,0.7263427688371396,0.7524669017880499,0.4372020694107291,0.006518641168156775,8.0
2026-02-08 14:00:00,0.038617443,-0.3466713180437695,0.789999982342124,10.309999769553542,0.026124132950910314,0.7263427688371396,0.7524669017880499,0.44441302703761343,0.006518641168156775,8.0
2026-02-08 14:10:00,0.038617443,-0.33680345170816295,0.789999982342124,10.309999769553542,0.026124132950910314,0.7263427688371396,0.7524669017880499,0.45428089337322,0.006518641168156775,8.0
2026-02-08 14:20:00,0.038617443,-0.324365662210277,0.789999982342124,10.309999769553542,0.026124132950910314,0.7263427688371396,0.7524669017880499,0.4667186828711059,0.006518641168156775,8.0
2026-02-08 14:30:00,0.038617443,-0.30946883077805803,0.789999982342124,10.309999769553542,0.026124132950910314,0.7263427688371396,0.7524669017880499,0.4816155143033249,0.006518641168156775,8.0
2026-02-08 14:40:00,0.038617443,-0.29224532744085774,0.789999982342124,10.309999769553542,0.026124132950910314,0.7263427688371396,0.7524669017880499,0.4988390176405252,0.006518641168156775,8.0
2026-02-08 14:50:00,0.038617443,-0.27284632421152416,0.789999982342124,10.309999769553542,0.026124132950910314,0.7263427688371396,0.7524669017880499,0.5182380208698587,0.006518641168156775,8.0
2026-02-08 15:00:00,0.038617443,-0.2514389509956706,0.8099999818950891,10.219999771565199,0.026221834959894122,0.7290592282832618,0.7552810632431559,0.5424595555408184,0.006518641168156775,8.0
2026-02-08 15:10:00,0.038617443,-0.22820341989034634,0.8099999818950891,10.219999771565199,0.026221834959894122,0.7290592282832618,0.7552810632431559,0.5656950866461427,0.006518641168156775,8.0
2026-02-08 15:20:00,0.038617443,-0.20333023633294967,0.8099999818950891,10.219999771565199,0.026221834959894122,0.7290592282832618,0.7552810632431559,0.5905682702035393,0.006518641168156775,8.0
2026-02-08 15:30:00,0.038617443,-0.17701759856824992,0.8099999818950891,10.219999771565199,0.026221834959894122,0.7290592282832618,0.7552810632431559,0.616880907968239,0.006518641168156775,8.0
2026-02-08 15:40:00,0.038617443,-0.14946906172815314,0.8099999818950891,10.219999771565199,0.026221834959894122,0.7290592282832618,0.7552810632431559,0.6444294448083359,0.006518641168156775,8.0
2026-02-08 15:50:00,0.038617443,-0.1208915119044909,0.8099999818950891,10.219999771565199,0.026221834959894122,0.7290592282832618,0.7552810632431559,0.6730069946319981,0.006518641168156775,8.0
2026-02-08 16:00:00,0.038617443,-0.0914934621132412,0.8099999818950891,10.219999771565199,0.026221834959894122,0.7290592282832618,0.7552810632431559,0.7024050444232478,0.006518641168156775,8.0
2026-02-08 16:10:00,0.038617443,-0.06148364933275823,0.8099999818950891,10.219999771565199,0.026221834959894122,0.7290592282832618,0.7552810632431559,0.7324148572037308,0.006518641168156775,8.0
2026-02-08 16:20:00,0.038617443,-0.031069883422077813,0.8099999818950891,10.219999771565199,0.026221834959894122,0.7290592282832618,0.7552810632431559,0.7628286231144111,0.006518641168156775,8.0
2026-02-08 16:30:00,0.038617443,-0.00045807743252556266,0.8099999818950891,10.219999771565199,0.026221834959894122,0.7290592282832618,0.7552810632431559,0.7934404291039634,0.006518641168156775,8.0
2026-02-08 16:40:00,0.038617443,0.030148622923351933,0.8099999818950891,10.219999771565199,0.026221834959894122,0.7290592282832618,0.7552810632431559,0.8240471294598409,0.006518641168156775,8.0
2026-02-08 16:50:00,0.038617443,0.060550694018032536,0.8099999818950891,10.219999771565199,0.026221834959894122,0.7290592282832618,0.7552810632431559,0.8544492005545214,0.006518641168156775,8.0
2026-02-08 17:00:00,0.038617443,0.09055314709756951,0.8099999818950891,10.219999771565199,0.026221834959894122,0.7290592282832618,0.7552810632431559,0.8844516536340585,0.006518641168156775,8.0
2026-02-08 17:10:00,0.038617443,0.11996655368667333,0.8099999818950891,10.219999771565199,0.026221834959894122,0.7290592282832618,0.7552810632431559,0.9138650602231623,0.006518641168156775,8.0
2026-02-08 17:20:00,0.038617443,0.14860821167925672,0.8099999818950891,10.219999771565199,0.026221834959894122,0.7290592282832618,0.7552810632431559,0.9425067182157457,0.006518641168156775,8.0
2026-02-08 17:30:00,0.038617443,0.17630344907470138,0.8099999818950891,10.219999771565199,0.026221834959894122,0.7290592282832618,0.7552810632431559,0.9702019556111904,0.006518641168156775,8.0
2026-02-08 17:40:00,0.038617443,0.2028870307056606,0.8099999818950891,10.219999771565199,0.026221834959894122,0.7290592282832618,0.7552810632431559,0.9967855372421496,0.006518641168156775,8.0
2026-02-08 17:50:00,0.038617443,0.22820460422637226,0.8099999818950891,10.219999771565199,0.026221834959894122,0.7290592282832618,0.7552810632431559,1.022103110762861,0.006518641168156775,8.0
2026-02-08 18:00:00,0.038617443,0.25211409930484346,0.8299999814480543,10.129999773576856,0.026309837512484183,0.7315060087307932,0.7578158462432774,1.0485473888414538,0.006518641168156775,8.0
2026-02-08 18:10:00,0.038617443,0.27448698043686415,0.8299999814480543,10.129999773576856,0.026309837512484183,0.7315060087307932,0.7578158462432774,1.0709202699734746,0.006518641168156775,8.0
2026-02-08 18:20:00,0.038617443,0.29520925158905065,0.8299999814480543,10.129999773576856,0.026309837512484183,0.7315060087307932,0.7578158462432774,1.091642541125661,0.006518641168156775,8.0
2026-02-08 18:30:00,0.038617443,0.3141821202809828,0.8299999814480543,10.129999773576856,0.026309837512484183,0.7315060087307932,0.7578158462432774,1.1106154098175933,0.006518641168156775,8.0
2026-02-08 18:40:00,0.038617443,0.33132224920576514,0.8299999814480543,10.129999773576856,0.026309837512484183,0.7315060087307932,0.7578158462432774,1.1277555387423757,0.006518641168156775,8.0
2026-02-08 18:50:00,0.038617443,0.3465615535831448,0.8299999814480543,10.129999773576856,0.026309837512484183,0.7315060087307932,0.7578158462432774,1.1429948431197552,0.006518641168156775,8.0
2026-02-08 19:00:00,0.038617443,0.3598465387592435,0.8299999814480543,10.129999773576856,0.026309837512484183,0.7315060087307932,0.7578158462432774,1.156279828295854,0.006518641168156775,8.0
2026-02-08 19:10:00,0.038617443,0.37113721223961127,0.8299999814480543,10.129999773576856,0.026309837512484183,0.7315060087307932,0.7578158462432774,1.1675705017762217,0.006518641168156775,8.0
2026-02-08 19:20:00,0.038617443,0.3804056425965384,0.8299999814480543,10.129999773576856,0.026309837512484183,0.7315060087307932,0.7578158462432774,1.176838932133149,0.006518641168156775,8.0
2026-02-08 19:30:00,0.038617443,0.38763427142707346,0.8299999814480543,10.129999773576856,0.026309837512484183,0.7315060087307932,0.7578158462432774,1.184067560963684,0.006518641168156775,8.0
2026-02-08 19:40:00,0.038617443,0.3928141094541676,0.8299999814480543,10.129999773576856,0.026309837512484183,0.7315060087307932,0.7578158462432774,1.1892473989907781,0.006518641168156775,8.0
2026-02-08 19:50:00,0.038617443,0.3959429619294138,0.8299999814480543,10.129999773576856,0.026309837512484183,0.7315060087307932,0.7578158462432774,1.1923762514660243,0.006518641168156775,8.0
2026-02-08 20:00:00,0.038617443,0.3970238296741605,0.8299999814480543,10.129999773576856,0.026309837512484183,0.7315060087307932,0.7578158462432774,1.193457119210771,0.006518641168156775,8.0
2026-02-08 20:10:00,0.038617443,0.3960636201956942,0.8299999814480543,10.129999773576856,0.026309837512484183,0.7315060087307932,0.7578158462432774,1.1924969097323046,0.006518641168156775,8.0
2026-02-08 20:20:00,0.038617443,0.393072279372579,0.8299999814480543,10.129999773576856,0.026309837512484183,0.7315060087307932,0.7578158462432774,1.1895055689091893,0.006518641168156775,8.0
2026-02-08 20:30:00,0.038617443,0.38806242008010616,0.8299999814480543,10.129999773576856,0.026309837512484183,0.7315060087307932,0.7578158462432774,1.1844957096167166,0.006518641168156775,8.0
2026-02-08 20:40:00,0.038617443,0.3810494833478193,0.8299999814480543,10.129999773576856,0.026309837512484183,0.7315060087307932,0.7578158462432774,1.1774827728844297,0.006518641168156775,8.0
2026-02-08 20:50:00,0.038617443,0.37205242346269074,0.8299999814480543,10.129999773576856,0.026309837512484183,0.7315060087307932,0.7578158462432774,1.1684857129993012,0.006518641168156775,8.0
2026-02-08 21:00:00,0.038617443,0.36109486540841046,0.8299999814480543,10.049999775364995,0.02610205992107266,0.7257290609816852,0.7518311209027578,1.1515434296045013,0.006518641168156775,8.0
2026-02-08 21:10:00,0.038617443,0.34820664454002276,0.8299999814480543,10.049999775364995,0.02610205992107266,0.7257290609816852,0.7518311209027578,1.1386552087361137,0.006518641168156775,8.0
2026-02-08 21:20:00,0.038617443,0.3334256081827012,0.8299999814480543,10.049999775364995,0.02610205992107266,0.7257290609816852,0.7518311209027578,1.1238741723787922,0.006518641168156775,8.0
2026-02-08 21:30:00,0.038617443,0.3167995391051534,0.8299999814480543,10.049999775364995,0.02610205992107266,0.7257290609816852,0.7518311209027578,1.1072481033012442,0.006518641168156775,8.0
2026-02-08 21:40:00,0.038617443,0.298388053103378,0.8299999814480543,10.049999775364995,0.02610205992107266,0.7257290609816852,0.7518311209027578,1.088836617299469,0.006518641168156775,8.0
2026-02-08 21:50:00,0.038617443,0.2782643273742969,0.8299999814480543,10.049999775364995,0.02610205992107266,0.7257290609816852,0.7518311209027578,1.0687128915703878,0.006518641168156775,8.0
2026-02-08 22:00:00,0.038617443,0.2565165319619793,0.8299999814480543,10.049999775364995,0.02610205992107266,0.7257290609816852,0.7518311209027578,1.04696509615807,0.006518641168156775,8.0
2026-02-08 22:10:00,0.038617443,0.2332488613289188,0.8299999814480543,10.049999775364995,0.02610205992107266,0.7257290609816852,0.7518311209027578,1.0236974255250098,0.006518641168156775,8.0
2026-02-08 22:20:00,0.038617443,0.2085820942141895,0.8299999814480543,10.049999775364995,0.02610205992107266,0.7257290609816852,0.7518311209027578,0.9990306584102804,0.006518641168156775,8.0
2026-02-08 22:30:00,0.038617443,0.18265364407988063,0.8299999814480543,10.049999775364995,0.02610205992107266,0.7257290609816852,0.7518311209027578,0.9731022082759715,0.006518641168156775,8.0
2026-02-08 22:40:00,0.038617443,0.15561709634088158,0.8299999814480543,10.049999775364995,0.02610205992107266,0.7257290609816852,0.7518311209027578,0.9460656605369725,0.006518641168156775,8.0
2026-02-08 22:50:00,0.038617443,0.12764125898002238,0.8299999814480543,10.049999775364995,0.02610205992107266,0.7257290609816852,0.7518311209027578,0.9180898231761132,0.006518641168156775,8.0
2026-02-08 23:00:00,0.038617443,0.09890877770092343,0.8299999814480543,10.049999775364995,0.02610205992107266,0.7257290609816852,0.7518311209027578,0.8893573418970143,0.006518641168156775,8.0
2026-02-08 23:10:00,0.038617443,0.06961438367240701,0.8299999814480543,10.049999775364995,0.02610205992107266,0.7257290609816852,0.7518311209027578,0.8600629478684979,0.006518641168156775,8.0
2026-02-08 23:20:00,0.038617443,0.03996285046785487,0.8299999814480543,10.049999775364995,0.02610205992107266,0.7257290609816852,0.7518311209027578,0.8304114146639457,0.006518641168156775,8.0
2026-02-08 23:30:00,0.038617443,0.010166737446871037,0.8299999814480543,10.049999775364995,0.02610205992107266,0.7257290609816852,0.7518311209027578,0.8006153016429619,0.006518641168156775,8.0
2026-02-08 23:40:00,0.038617443,-0.019556009595439294,0.8299999814480543,10.049999775364995,0.02610205992107266,0.7257290609816852,0.7518311209027578,0.7708925546006515,0.006518641168156775,8.0
2026-02-08 23:50:00,0.038617443,-0.04898454076330103,0.8299999814480543,10.049999775364995,0.02610205992107266,0.7257290609816852,0.7518311209027578,0.7414640234327898,0.006518641168156775,8.0
2026-02-09 00:00:00,0.051354025,-0.07789762153572488,0.8799999803304672,9.969999777153134,0.02666282540194265,0.741320313438131,0.7679831388400736,0.7414395418636082,0.006518641168156775,8.0
2026-02-09 00:10:00,0.051354025,-0.10607615734856402,0.8799999803304672,9.969999777153134,0.02666282540194265,0.741320313438131,0.7679831388400736,0.713261006050769,0.006518641168156775,8.0
2026-02-09 00:20:00,0.051354025,-0.13330570297170913,0.8799999803304672,9.969999777153134,0.02666282540194265,0.741320313438131,0.7679831388400736,0.6860314604276239,0.006518641168156775,8.0
2026-02-09 00:30:00,0.051354025,-0.15937894400106487,0.8799999803304672,9.969999777153134,0.02666282540194265,0.741320313438131,0.7679831388400736,0.6599582193982682,0.006518641168156775,8.0
2026-02-09 00:40:00,0.051354025,-0.18409814034152094,0.8799999803304672,9.969999777153134,0.02666282540194265,0.741320313438131,0.7679831388400736,0.6352390230578121,0.006518641168156775,8.0
2026-02-09 00:50:00,0.051354025,-0.20727751874980438,0.8799999803304672,9.969999777153134,0.02666282540194265,0.741320313438131,0.7679831388400736,0.6120596446495287,0.006518641168156775,8.0
2026-02-09 01:00:00,0.051354025,-0.22874559371672892,0.8799999803304672,9.969999777153134,0.02666282540194265,0.741320313438131,0.7679831388400736,0.5905915696826041,0.006518641168156775,8.0
2026-02-09 01:10:00,0.051354025,-0.2483473850619301,0.8799999803304672,9.969999777153134,0.02666282540194265,0.741320313438131,0.7679831388400736,0.5709897783374029,0.006518641168156775,8.0
2026-02-09 01:20:00,0.051354025,-0.26594648778127306,0.8799999803304672,9.969999777153134,0.02666282540194265,0.741320313438131,0.7679831388400736,0.55339067561806,0.006518641168156775,8.0
2026-02-09 01:30:00,0.051354025,-0.28142693810005354,0.8799999803304672,9.969999777153134,0.02666282540194265,0.741320313438131,0.7679831388400736,0.5379102252992796,0.006518641168156775,8.0
2026-02-09 01:40:00,0.051354025,-0.294694810777238,0.8799999803304672,9.969999777153134,0.02666282540194265,0.741320313438131,0.7679831388400736,0.524642352622095,0.006518641168156775,8.0
2026-02-09 01:50:00,0.051354025,-0.3056794792732835,0.8799999803304672,9.969999777153134,0.02666282540194265,0.741320313438131,0.7679831388400736,0.5136576841260496,0.006518641168156775,8.0
2026-02-09 02:00:00,0.051354025,-0.3143344733241307,0.8799999803304672,9.969999777153134,0.02666282540194265,0.741320313438131,0.7679831388400736,0.5050026900752023,0.006518641168156775,8.0
2026-02-09 02:10:00,0.051354025,-0.32063787883469735,0.8799999803304672,9.969999777153134,0.02666282540194265,0.741320313438131,0.7679831388400736,0.4986992845646357,0.006518641168156775,8.0
2026-02-09 02:20:00,0.051354025,-0.3245922424396042,0.8799999803304672,9.969999777153134,0.02666282540194265,0.741320313438131,0.7679831388400736,0.49474492095972883,0.006518641168156775,8.0
2026-02-09 02:30:00,0.051354025,-0.32622396642008983,0.8799999803304672,9.969999777153134,0.02666282540194265,0.741320313438131,0.7679831388400736,0.4931131969792432,0.006518641168156775,8.0
2026-02-09 02:40:00,0.051354025,-0.32558220722466447,0.8799999803304672,9.969999777153134,0.02666282540194265,0.741320313438131,0.7679831388400736,0.4937549561746686,0.006518641168156775,8.0
2026-02-09 02:50:00,0.051354025,-0.3227373196950575,0.8799999803304672,9.969999777153134,0.02666282540194265,0.741320313438131,0.7679831388400736,0.49659984370427557,0.006518641168156775,8.0
2026-02-09 03:00:00,0.051354025,-0.3177789167470499,0.909999979659915,5.7799998708069324,0.015718757319164802,0.4370367328682338,0.4527554901873986,0.1863305979996081,0.006518641168156775,8.0
2026-02-09 03:10:00,0.051354025,-0.3108136374611607,0.909999979659915,5.7799998708069324,0.015718757319164802,0.4370367328682338,0.4527554901873986,0.1932958772854973,0.006518641168156775,8.0
2026-02-09 03:20:00,0.051354025,-0.3019627329666509,0.909999979659915,5.7799998708069324,0.015718757319164802,0.4370367328682338,0.4527554901873986,0.2021467817800071,0.006518641168156775,8.0
2026-02-09 03:30:00,0.051354025,-0.2913595870411716,0.909999979659915,5.7799998708069324,0.015718757319164802,0.4370367328682338,0.4527554901873986,0.2127499277054864,0.006518641168156775,8.0
2026-02-09 03:40:00,0.051354025,-0.2791472860379143,0.909999979659915,5.7799998708069324,0.015718757319164802,0.4370367328682338,0.4527554901873986,0.22496222870874372,0.006518641168156775,8.0
2026-02-09 03:50:00,0.051354025,-0.2654763404844721,0.909999979659915,5.7799998708069324,0.015718757319164802,0.4370367328682338,0.4527554901873986,0.2386331742621859,0.006518641168156775,8.0
2026-02-09 04:00:00,0.051354025,-0.2505026395877787,0.909999979659915,5.7799998708069324,0.015718757319164802,0.4370367328682338,0.4527554901873986,0.2536068751588793,0.006518641168156775,8.0
2026-02-09 04:10:00,0.051354025,-0.23438569181490135,0.909999979659915,5.7799998708069324,0.015718757319164802,0.4370367328682338,0.4527554901873986,0.2697238229317567,0.006518641168156775,8.0
2026-02-09 04:20:00,0.051354025,-0.21728717270553358,0.909999979659915,5.7799998708069324,0.015718757319164802,0.4370367328682338,0.4527554901873986,0.28682234204112445,0.006518641168156775,8.0
2026-02-09 04:30:00,0.051354025,-0.19936976813240698,0.909999979659915,5.7799998708069324,0.015718757319164802,0.4370367328682338,0.4527554901873986,0.304739746614251,0.006518641168156775,8.0
2026-02-09 04:40:00,0.051354025,-0.18079627113816904,0.909999979659915,5.7799998708069324,0.015718757319164802,0.4370367328682338,0.4527554901873986,0.32331324360848895,0.006518641168156775,8.0
2026-02-09 04:50:00,0.051354025,-0.16172886610582396,0.909999979659915,5.7799998708069324,0.015718757319164802,0.4370367328682338,0.4527554901873986,0.34238064864083406,0.006518641168156775,8.0
2026-02-09 05:00:00,0.051354025,-0.14232851831505636,0.909999979659915,5.7799998708069324,0.015718757319164802,0.4370367328682338,0.4527554901873986,0.36178099643160166,0.006518641168156775,8.0
2026-02-09 05:10:00,0.051354025,-0.12275438135528799,0.909999979659915,5.7799998708069324,0.015718757319164802,0.4370367328682338,0.4527554901873986,0.38135513339137,0.006518641168156775,8.0
2026-02-09 05:20:00,0.051354025,-0.1031631402629999,0.909999979659915,5.7799998708069324,0.015718757319164802,0.4370367328682338,0.4527554901873986,0.4009463744836581,0.006518641168156775,8.0
2026-02-09 05:30:00,0.051354025,-0.08370822397965935,0.909999979659915,5.7799998708069324,0.015718757319164802,0.4370367328682338,0.4527554901873986,0.4204012907669986,0.006518641168156775,8.0
2026-02-09 05:40:00,0.051354025,-0.0645388450212165,0.909999979659915,5.7799998708069324,0.015718757319164802,0.4370367328682338,0.4527554901873986,0.4395706697254415,0.006518641168156775,8.0
2026-02-09 05:50:00,0.051354025,-0.04579885476009979,0.909999979659915,5.7799998708069324,0.015718757319164802,0.4370367328682338,0.4527554901873986,0.4583106599865582,0.006518641168156775,8.0
2026-02-09 06:00:00,0.051354025,-0.02762543552174414,0.8399999812245369,6.69999985024333,0.01750588697284568,0.48672522218057646,0.5042311091534222,0.5279596981909375,0.006518641168156775,8.0
2026-02-09 06:10:00,0.051354025,-0.010147682778233937,0.8399999812245369,6.69999985024333,0.01750588697284568,0.48672522218057646,0.5042311091534222,0.5454374509344476,0.006518641168156775,8.0
2026-02-09 06:20:00,0.051354025,0.006514842312363386,0.8399999812245369,6.69999985024333,0.01750588697284568,0.48672522218057646,0.5042311091534222,0.562099976025045,0.006518641168156775,8.0
2026-02-09 06:30:00,0.051354025,0.02225349051087838,0.8399999812245369,6.69999985024333,0.01750588697284568,0.48672522218057646,0.5042311091534222,0.57783862422356,0.006518641168156775,8.0
2026-02-09 06:40:00,0.051354025,0.03697172407965971,0.8399999812245369,6.69999985024333,0.01750588697284568,0.48672522218057646,0.5042311091534222,0.5925568577923412,0.006518641168156775,8.0
2026-02-09 06:50:00,0.051354025,0.05058603312116174,0.8399999812245369,6.69999985024333,0.01750588697284568,0.48672522218057646,0.5042311091534222,0.6061711668338433,0.006518641168156775,8.0
2026-02-09 07:00:00,0.051354025,0.06302647824420828,0.8399999812245369,6.69999985024333,0.01750588697284568,0.48672522218057646,0.5042311091534222,0.6186116119568899,0.006518641168156775,8.0
2026-02-09 07:10:00,0.051354025,0.07423679475912935,0.8399999812245369,6.69999985024333,0.01750588697284568,0.48672522218057646,0.5042311091534222,0.629821928471811,0.006518641168156775,8.0
2026-02-09 07:20:00,0.051354025,0.08417402725043706,0.8399999812245369,6.69999985024333,0.01750588697284568,0.48672522218057646,0.5042311091534222,0.6397591609631186,0.006518641168156775,8.0
2026-02-09 07:30:00,0.051354025,0.09280770258157835,0.8399999812245369,6.69999985024333,0.01750588697284568,0.48672522218057646,0.5042311091534222,0.6483928362942599,0.006518641168156775,8.0
2026-02-09 07:40:00,0.051354025,0.10011858941512682,0.8399999812245369,6.69999985024333,0.01750588697284568,0.48672522218057646,0.5042311091534222,0.6557037231278084,0.006518641168156775,8.0
2026-02-09 07:50:00,0.051354025,0.10609712999583427,0.8399999812245369,6.69999985024333,0.01750588697284568,0.48672522218057646,0.5042311091534222,0.6616822637085158,0.006518641168156775,8.0
2026-02-09 08:00:00,0.051354025,0.11074166074638411,0.8399999812245369,6.69999985024333,0.01750588697284568,0.48672522218057646,0.5042311091534222,0.6663267944590657,0.006518641168156775,8.0
2026-02-09 08:10:00,0.051354025,0.1140565595098043,0.8399999812245369,6.69999985024333,0.01750588697284568,0.48672522218057646,0.5042311091534222,0.6696416932224859,0.006518641168156775,8.0
2026-02-09 08:20:00,0.051354025,0.11605046635006938,0.8399999812245369,6.69999985024333,0.01750588697284568,0.48672522218057646,0.5042311091534222,0.671635600062751,0.006518641168156775,8.0
2026-02-09 08:30:00,0.051354025,0.11673472102814411,0.8399999812245369,6.69999985024333,0.01750588697284568,0.48672522218057646,0.5042311091534222,0.6723198547408257,0.006518641168156775,8.0
2026-02-09 08:40:00,0.051354025,0.11612214358236399,0.8399999812245369,6.69999985024333,0.01750588697284568,0.48672522218057646,0.5042311091534222,0.6717072772950456,0.006518641168156775,8.0
2026-02-09 08:50:00,0.051354025,0.1142262563658306,0.8399999812245369,6.69999985024333,0.01750588697284568,0.48672522218057646,0.5042311091534222,0.6698113900785122,0.006518641168156775,8.0
2026-02-09 09:00:00,0.051354025,0.11106100930390693,0.7599999830126762,9.699999783188105,0.024107279591921937,0.6702671526297486,0.6943744322216705,0.8567894660848369,0.006518641168156775,8.0
2026-02-09 09:10:00,0.051354025,0.10664102800645092,0.7599999830126762,9.699999783188105,0.024107279591921937,0.6702671526297486,0.6943744322216705,0.8523694847873808,0.006518641168156775,8.0
2026-02-09 09:20:00,0.051354025,0.10098236109997501,0.7599999830126762,9.699999783188105,0.024107279591921937,0.6702671526297486,0.6943744322216705,0.8467108178809049,0.006518641168156775,8.0
2026-02-09 09:30:00,0.051354025,0.09410366230496015,0.7599999830126762,9.699999783188105,0.024107279591921937,0.6702671526297486,0.6943744322216705,0.8398321190858901,0.006518641168156775,8.0
2026-02-09 09:40:00,0.051354025,0.08602770830646472,0.7599999830126762,9.699999783188105,0.024107279591921937,0.6702671526297486,0.6943744322216705,0.8317561650873946,0.006518641168156775,8.0
2026-02-09 09:50:00,0.051354025,0.07678312812078404,0.7599999830126762,9.699999783188105,0.024107279591921937,0.6702671526297486,0.6943744322216705,0.8225115849017139,0.006518641168156775,8.0
2026-02-09 10:00:00,0.051354025,0.06640620552569812,0.7599999830126762,9.699999783188105,0.024107279591921937,0.6702671526297486,0.6943744322216705,0.812134662306628,0.006518641168156775,8.0
2026-02-09 10:10:00,0.051354025,0.054942613982369465,0.7599999830126762,9.699999783188105,0.024107279591921937,0.6702671526297486,0.6943744322216705,0.8006710707632994,0.006518641168156775,8.0
2026-02-09 10:20:00,0.051354025,0.04244895295058585,0.7599999830126762,9.699999783188105,0.024107279591921937,0.6702671526297486,0.6943744322216705,0.7881774097315157,0.006518641168156775,8.0
2026-02-09 10:30:00,0.051354025,0.028993974113432294,0.7599999830126762,9.699999783188105,0.024107279591921937,0.6702671526297486,0.6943744322216705,0.7747224308943622,0.006518641168156775,8.0
2026-02-09 10:40:00,0.051354025,0.014659413349673054,0.7599999830126762,9.699999783188105,0.024107279591921937,0.6702671526297486,0.6943744322216705,0.7603878701306029,0.006518641168156775,8.0
2026-02-09 10:50:00,0.051354025,-0.000459623739094063,0.7599999830126762,9.699999783188105,0.024107279591921937,0.6702671526297486,0.6943744322216705,0.7452688330418359,0.006518641168156775,8.0
2026-02-09 11:00:00,0.051354025,-0.016254741637609153,0.7599999830126762,9.699999783188105,0.024107279591921937,0.6702671526297486,0.6943744322216705,0.7294737151433208,0.006518641168156775,8.0
2026-02-09 11:10:00,0.051354025,-0.03260478760360482,0.7599999830126762,9.699999783188105,0.024107279591921937,0.6702671526297486,0.6943744322216705,0.7131236691773251,0.006518641168156775,8.0
2026-02-09 11:20:00,0.051354025,-0.049376798179124486,0.7599999830126762,9.699999783188105,0.024107279591921937,0.6702671526297486,0.6943744322216705,0.6963516586018055,0.006518641168156775,8.0
2026-02-09 11:30:00,0.051354025,-0.06642730073652091,0.7599999830126762,9.699999783188105,0.024107279591921937,0.6702671526297486,0.6943744322216705,0.679301156044409,0.006518641168156775,8.0
2026-02-09 11:40:00,0.051354025,-0.0836038996442761,0.7599999830126762,9.699999783188105,0.024107279591921937,0.6702671526297486,0.6943744322216705,0.6621245571366539,0.006518641168156775,8.0
2026-02-09 11:50:00,0.051354025,-0.10074707316475542,0.7599999830126762,9.699999783188105,0.024107279591921937,0.6702671526297486,0.6943744322216705,0.6449813836161745,0.006518641168156775,8.0
2026-02-09 12:00:00,0.051354025,-0.11769211138197051,0.7199999839067459,9.609999785199761,0.02324659290280377,0.6463370358274002,0.6695836287302039,0.6032455419074928,0.006518641168156775,8.0
2026-02-09 12:10:00,0.051354025,-0.13427113529753612,0.7199999839067459,9.609999785199761,0.02324659290280377,0.6463370358274002,0.6695836287302039,0.5866665179919273,0.006518641168156775,8.0
2026-02-09 12:20:00,0.051354025,-0.1503151510079502,0.7199999839067459,9.609999785199761,0.02324659290280377,0.6463370358274002,0.6695836287302039,0.5706225022815131,0.006518641168156775,8.0
2026-02-09 12:30:00,0.051354025,-0.16565610765409539,0.7199999839067459,9.609999785199761,0.02324659290280377,0.6463370358274002,0.6695836287302039,0.5552815456353679,0.006518641168156775,8.0
2026-02-09 12:40:00,0.051354025,-0.18012894153134915,0.7199999839067459,9.609999785199761,0.02324659290280377,0.6463370358274002,0.6695836287302039,0.5408087117581142,0.006518641168156775,8.0
2026-02-09 12:50:00,0.051354025,-0.19357359898123264,0.7199999839067459,9.609999785199761,0.02324659290280377,0.6463370358274002,0.6695836287302039,0.5273640543082307,0.006518641168156775,8.0
2026-02-09 13:00:00,0.051354025,-0.20583703609968457,0.7199999839067459,9.609999785199761,0.02324659290280377,0.6463370358274002,0.6695836287302039,0.5151006171897787,0.006518641168156775,8.0
2026-02-09 13:10:00,0.051354025,-0.21677519316148902,0.7199999839067459,9.609999785199761,0.02324659290280377,0.6463370358274002,0.6695836287302039,0.5041624601279744,0.006518641168156775,8.0
2026-02-09 13:20:00,0.051354025,-0.226254935981975,0.7199999839067459,9.609999785199761,0.02324659290280377,0.6463370358274002,0.6695836287302039,0.49468271730748836,0.006518641168156775,8.0
2026-02-09 13:30:00,0.051354025,-0.2341559464389885,0.7199999839067459,9.609999785199761,0.02324659290280377,0.6463370358274002,0.6695836287302039,0.48678170685047484,0.006518641168156775,8.0
2026-02-09 13:40:00,0.051354025,-0.2403725314412556,0.7199999839067459,9.609999785199761,0.02324659290280377,0.6463370358274002,0.6695836287302039,0.48056512184820777,0.006518641168156775,8.0
2026-02-09 13:50:00,0.051354025,-0.24481530627990059,0.7199999839067459,9.609999785199761,0.02324659290280377,0.6463370358274002,0.6695836287302039,0.4761223470095628,0.006518641168156775,8.0
2026-02-09 14:00:00,0.051354025,-0.24741269647605746,0.7199999839067459,9.609999785199761,0.02324659290280377,0.6463370358274002,0.6695836287302039,0.4735249568134059,0.006518641168156775,8.0
2026-02-09 14:10:00,0.051354025,-0.24811219464859746,0.7199999839067459,9.609999785199761,0.02324659290280377,0.6463370358274002,0.6695836287302039,0.4728254586408659,0.006518641168156775,8.0
2026-02-09 14:20:00,0.051354025,-0.2468813069844532,0.7199999839067459,9.609999785199761,0.02324659290280377,0.6463370358274002,0.6695836287302039,0.47405634630501015,0.006518641168156775,8.0
2026-02-09 14:30:00,0.051354025,-0.2437081290289547,0.7199999839067459,9.609999785199761,0.02324659290280377,0.6463370358274002,0.6695836287302039,0.4772295242605087,0.006518641168156775,8.0
2026-02-09 14:40:00,0.051354025,-0.2386015029668988,0.7199999839067459,9.609999785199761,0.02324659290280377,0.6463370358274002,0.6695836287302039,0.48233615032256455,0.006518641168156775,8.0
2026-02-09 14:50:00,0.051354025,-0.23159072761689573,0.7199999839067459,9.609999785199761,0.02324659290280377,0.6463370358274002,0.6695836287302039,0.48934692567256766,0.006518641168156775,8.0
2026-02-09 15:00:00,0.051354025,-0.22272481678423628,0.6899999845772982,9.519999787211418,0.02254400998554065,0.626802759898645,0.6493467698841856,0.47797597765920874,0.006518641168156775,8.0
2026-02-09 15:10:00,0.051354025,-0.2120713288329015,0.6899999845772982,9.519999787211418,0.02254400998554065,0.626802759898645,0.6493467698841856,0.48862946561054355,0.006518641168156775,8.0
2026-02-09 15:20:00,0.051354025,-0.19971481800589452,0.6899999845772982,9.519999787211418,0.02254400998554065,0.626802759898645,0.6493467698841856,0.5009859764375505,0.006518641168156775,8.0
2026-02-09 15:30:00,0.051354025,-0.18575498290149928,0.6899999845772982,9.519999787211418,0.02254400998554065,0.626802759898645,0.6493467698841856,0.5149458115419457,0.006518641168156775,8.0
2026-02-09 15:40:00,0.051354025,-0.17030460706989636,0.6899999845772982,9.519999787211418,0.02254400998554065,0.626802759898645,0.6493467698841856,0.5303961873735487,0.006518641168156775,8.0
2026-02-09 15:50:00,0.051354025,-0.15348739848733556,0.6899999845772982,9.519999787211418,0.02254400998554065,0.626802759898645,0.6493467698841856,0.5472133959561094,0.006518641168156775,8.0
2026-02-09 16:00:00,0.051354025,-0.13543583723786567,0.6899999845772982,9.519999787211418,0.02254400998554065,0.626802759898645,0.6493467698841856,0.5652649572055793,0.006518641168156775,8.0
2026-02-09 16:10:00,0.051354025,-0.11628913346783165,0.6899999845772982,9.519999787211418,0.02254400998554065,0.626802759898645,0.6493467698841856,0.5844116609756134,0.006518641168156775,8.0
2026-02-09 16:20:00,0.051354025,-0.09619138106852239,0.6899999845772982,9.519999787211418,0.02254400998554065,0.626802759898645,0.6493467698841856,0.6045094133749226,0.006518641168156775,8.0
2026-02-09 16:30:00,0.051354025,-0.0752899680917861,0.6899999845772982,9.519999787211418,0.02254400998554065,0.626802759898645,0.6493467698841856,0.6254108263516589,0.006518641168156775,8.0
2026-02-09 16:40:00,0.051354025,-0.05373427504149106,0.6899999845772982,9.519999787211418,0.02254400998554065,0.626802759898645,0.6493467698841856,0.6469665194019539,0.006518641168156775,8.0
2026-02-09 16:50:00,0.051354025,-0.03167465995081834,0.6899999845772982,9.519999787211418,0.02254400998554065,0.626802759898645,0.6493467698841856,0.6690261344926267,0.006518641168156775,8.0
2026-02-09 17:00:00,0.051354025,-0.00926169798247524,0.6899999845772982,9.519999787211418,0.02254400998554065,0.626802759898645,0.6493467698841856,0.6914390964609698,0.006518641168156775,8.0
2026-02-09 17:10:00,0.051354025,0.013354383529091778,0.6899999845772982,9.519999787211418,0.02254400998554065,0.626802759898645,0.6493467698841856,0.7140551779725368,0.006518641168156775,8.0
2026-02-09 17:20:00,0.051354025,0.03602415311083033,0.6899999845772982,9.519999787211418,0.02254400998554065,0.626802759898645,0.6493467698841856,0.7367249475542753,0.006518641168156775,8.0
2026-02-09 17:30:00,0.051354025,0.05859939469545049,0.6899999845772982,9.519999787211418,0.02254400998554065,0.626802759898645,0.6493467698841856,0.7593001891388955,0.006518641168156775,8.0
2026-02-09 17:40:00,0.051354025,0.0809335863134805,0.6899999845772982,9.519999787211418,0.02254400998554065,0.626802759898645,0.6493467698841856,0.7816343807569255,0.006518641168156775,8.0
2026-02-09 17:50:00,0.051354025,0.10288251392215284,0.6899999845772982,9.519999787211418,0.02254400998554065,0.626802759898645,0.6493467698841856,0.8035833083655979,0.006518641168156775,8.0
2026-02-09 18:00:00,0.051354025,0.12430507515814455,0.669999985024333,9.40999978967011,0.021958198116293844,0.6105151297627113,0.6324733278790051,0.808132427596409,0.006518641168156775,8.0
2026-02-09 18:10:00,0.051354025,0.14506429905299015,0.669999985024333,9.40999978967011,0.021958198116293844,0.6105151297627113,0.6324733278790051,0.8288916514912547,0.006518641168156775,8.0
2026-02-09 18:20:00,0.051354025,0.1650285747714114,0.669999985024333,9.40999978967011,0.021958198116293844,0.6105151297627113,0.6324733278790051,0.848855927209676,0.006518641168156775,8.0
2026-02-09 18:30:00,0.051354025,0.18407304857173723,0.669999985024333,9.40999978967011,0.021958198116293844,0.6105151297627113,0.6324733278790051,0.8679004010100018,0.006518641168156775,8.0
2026-02-09 18:40:00,0.051354025,0.20208111748319105,0.669999985024333,9.40999978967011,0.021958198116293844,0.6105151297627113,0.6324733278790051,0.8859084699214556,0.006518641168156775,8.0
2026-02-09 18:50:00,0.051354025,0.21894592393083642,0.669999985024333,9.40999978967011,0.021958198116293844,0.6105151297627113,0.6324733278790051,0.902773276369101,0.006518641168156775,8.0
2026-02-09 19:00:00,0.051354025,0.2345717407560136,0.669999985024333,9.40999978967011,0.021958198116293844,0.6105151297627113,0.6324733278790051,0.9183990931942781,0.006518641168156775,8.0
2026-02-09 19:10:00,0.051354025,0.2488751326867895,0.669999985024333,9.40999978967011,0.021958198116293844,0.6105151297627113,0.6324733278790051,0.932702485125054,0.006518641168156775,8.0
2026-02-09 19:20:00,0.051354025,0.26178578899936006,0.669999985024333,9.40999978967011,0.021958198116293844,0.6105151297627113,0.6324733278790051,0.9456131414376245,0.006518641168156775,8.0
2026-02-09 19:30:00,0.051354025,0.273246942476862,0.669999985024333,9.40999978967011,0.021958198116293844,0.6105151297627113,0.6324733278790051,0.9570742949151265,0.006518641168156775,8.0
2026-02-09 19:40:00,0.051354025,0.283215319972286,0.669999985024333,9.40999978967011,0.021958198116293844,0.6105151297627113,0.6324733278790051,0.9670426724105505,0.006518641168156775,8.0
2026-02-09 19:50:00,0.051354025,0.2916606072313006,0.669999985024333,9.40999978967011,0.021958198116293844,0.6105151297627113,0.6324733278790051,0.9754879596695651,0.006518641168156775,8.0
2026-02-09 20:00:00,0.051354025,0.29856445135203247,0.669999985024333,9.40999978967011,0.021958198116293844,0.6105151297627113,0.6324733278790051,0.982391803790297,0.006518641168156775,8.0
2026-02-09 20:10:00,0.051354025,0.3039190645931151,0.669999985024333,9.40999978967011,0.021958198116293844,0.6105151297627113,0.6324733278790051,0.9877464170313797,0.006518641168156775,8.0
2026-02-09 20:20:00,0.051354025,0.3077255289421036,0.669999985024333,9.40999978967011,0.021958198116293844,0.6105151297627113,0.6324733278790051,0.9915528813803681,0.006518641168156775,8.0
2026-02-09 20:30:00,0.051354025,0.3099919284918165,0.669999985024333,9.40999978967011,0.021958198116293844,0.6105151297627113,0.6324733278790051,0.993819280930081,0.006518641168156775,8.0
2026-02-09 20:40:00,0.051354025,0.3107314534099864,0.669999985024333,9.40999978967011,0.021958198116293844,0.6105151297627113,0.6324733278790051,0.994558805848251,0.006518641168156775,8.0
2026-02-09 20:50:00,0.051354025,0.3099606233007332,0.669999985024333,9.40999978967011,0.021958198116293844,0.6105151297627113,0.6324733278790051,0.9937879757389978,0.006518641168156775,8.0
2026-02-09 21:00:00,0.051354025,0.30769776873493987,0.6799999848008156,9.299999792128801,0.021862865312145312,0.6078645425429797,0.629727407855125,0.9887792011493244,0.006518641168156775,8.0
2026-02-09 21:10:00,0.051354025,0.30396188829798937,0.6799999848008156,9.299999792128801,0.021862865312145312,0.6078645425429797,0.629727407855125,0.9850433207123739,0.006518641168156775,8.0
2026-02-09 21:20:00,0.051354025,0.298771966872753,0.6799999848008156,9.299999792128801,0.021862865312145312,0.6078645425429797,0.629727407855125,0.9798533992871374,0.006518641168156775,8.0
2026-02-09 21:30:00,0.051354025,0.2921468018816221,0.6799999848008156,9.299999792128801,0.021862865312145312,0.6078645425429797,0.629727407855125,0.9732282342960066,0.006518641168156775,8.0
2026-02-09 21:40:00,0.051354025,0.2841053416945903,0.6799999848008156,9.299999792128801,0.021862865312145312,0.6078645425429797,0.629727407855125,0.9651867741089748,0.006518641168156775,8.0
2026-02-09 21:50:00,0.051354025,0.27466749820951064,0.6799999848008156,9.299999792128801,0.021862865312145312,0.6078645425429797,0.629727407855125,0.9557489306238951,0.006518641168156775,8.0
2026-02-09 22:00:00,0.051354025,0.26385535767665036,0.6799999848008156,9.299999792128801,0.021862865312145312,0.6078645425429797,0.629727407855125,0.9449367900910348,0.006518641168156775,8.0
2026-02-09 22:10:00,0.051354025,0.25169468346500184,0.6799999848008156,9.299999792128801,0.021862865312145312,0.6078645425429797,0.629727407855125,0.9327761158793864,0.006518641168156775,8.0
2026-02-09 22:20:00,0.051354025,0.23821658418293307,0.6799999848008156,9.299999792128801,0.021862865312145312,0.6078645425429797,0.629727407855125,0.9192980165973175,0.006518641168156775,8.0
2026-02-09 22:30:00,0.051354025,0.22345921181576628,0.6799999848008156,9.299999792128801,0.021862865312145312,0.6078645425429797,0.629727407855125,0.9045406442301507,0.006518641168156775,8.0
2026-02-09 22:40:00,0.051354025,0.20746935757345614,0.6799999848008156,9.299999792128801,0.021862865312145312,0.6078645425429797,0.629727407855125,0.8885507899878407,0.006518641168156775,8.0
2026-02-09 22:50:00,0.051354025,0.19030382704668644,0.6799999848008156,9.299999792128801,0.021862865312145312,0.6078645425429797,0.629727407855125,0.8713852594610709,0.006518641168156775,8.0
2026-02-09 23:00:00,0.051354025,0.17203049910612708,0.6799999848008156,9.299999792128801,0.021862865312145312,0.6078645425429797,0.629727407855125,0.8531119315205116,0.006518641168156775,8.0
2026-02-09 23:10:00,0.051354025,0.15272900198142497,0.6799999848008156,9.299999792128801,0.021862865312145312,0.6078645425429797,0.629727407855125,0.8338104343958095,0.006518641168156775,8.0
2026-02-09 23:20:00,0.051354025,0.13249097194970688,0.6799999848008156,9.299999792128801,0.021862865312145312,0.6078645425429797,0.629727407855125,0.8135724043640913,0.006518641168156775,8.0
2026-02-09 23:30:00,0.051354025,0.11141989171060006,0.6799999848008156,9.299999792128801,0.021862865312145312,0.6078645425429797,0.629727407855125,0.7925013241249845,0.006518641168156775,8.0
2026-02-09 23:40:00,0.051354025,0.08963053375159788,0.6799999848008156,9.299999792128801,0.021862865312145312,0.6078645425429797,0.629727407855125,0.7707119661659824,0.006518641168156775,8.0
2026-02-09 23:50:00,0.051354025,0.0672480563946103,0.6799999848008156,9.299999792128801,0.021862865312145312,0.6078645425429797,0.629727407855125,0.7483294888089947,0.006518641168156775,8.0
2026-02-10 00:00:00,0.06323565,0.04440681500989987,0.7099999841302633,9.199999794363976,0.022099715155861427,0.6144498011468412,0.6365495163027026,0.7441919792890009,0.006518641168156775,8.0
2026-02-10 00:10:00,0.06323565,0.02124895749365174,0.7099999841302633,9.199999794363976,0.022099715155861427,0.6144498011468412,0.6365495163027026,0.7210341217727528,0.006518641168156775,8.0
2026-02-10 00:20:00,0.06323565,-0.002077128215913721,0.7099999841302633,9.199999794363976,0.022099715155861427,0.6144498011468412,0.6365495163027026,0.6977080360631873,0.006518641168156775,8.0
2026-02-10 00:30:00,0.06323565,-0.02541845482775709,0.7099999841302633,9.199999794363976,0.022099715155861427,0.6144498011468412,0.6365495163027026,0.674366709451344,0.006518641168156775,8.0
2026-02-10 00:40:00,0.06323565,-0.04861911765204817,0.7099999841302633,9.199999794363976,0.022099715155861427,0.6144498011468412,0.6365495163027026,0.6511660466270529,0.006518641168156775,8.0
2026-02-10 00:50:00,0.06323565,-0.07152198593802572,0.7099999841302633,9.199999794363976,0.022099715155861427,0.6144498011468412,0.6365495163027026,0.6282631783410754,0.006518641168156775,8.0
2026-02-10 01:00:00,0.06323565,-0.09397038679303485,0.7099999841302633,9.199999794363976,0.022099715155861427,0.6144498011468412,0.6365495163027026,0.6058147774860663,0.006518641168156775,8.0
2026-02-10 01:10:00,0.06323565,-0.11580977729626576,0.7099999841302633,9.199999794363976,0.022099715155861427,0.6144498011468412,0.6365495163027026,0.5839753869828354,0.006518641168156775,8.0
2026-02-10 01:20:00,0.06323565,-0.13688940855411158,0.7099999841302633,9.199999794363976,0.022099715155861427,0.6144498011468412,0.6365495163027026,0.5628957557249895,0.006518641168156775,8.0
2026-02-10 01:30:00,0.06323565,-0.15706398808586464,0.7099999841302633,9.199999794363976,0.022099715155861427,0.6144498011468412,0.6365495163027026,0.5427211761932365,0.006518641168156775,8.0
2026-02-10 01:40:00,0.06323565,-0.17619534365158482,0.7099999841302633,9.199999794363976,0.022099715155861427,0.6144498011468412,0.6365495163027026,0.5235898206275162,0.006518641168156775,8.0
2026-02-10 01:50:00,0.06323565,-0.19415408323895503,0.7099999841302633,9.199999794363976,0.022099715155861427,0.6144498011468412,0.6365495163027026,0.5056310810401461,0.006518641168156775,8.0
2026-02-10 02:00:00,0.06323565,-0.21082123346218487,0.7099999841302633,9.199999794363976,0.022099715155861427,0.6144498011468412,0.6365495163027026,0.48896393081691625,0.006518641168156775,8.0
2026-02-10 02:10:00,0.06323565,-0.22608982439091058,0.7099999841302633,9.199999794363976,0.022099715155861427,0.6144498011468412,0.6365495163027026,0.4736953398881905,0.006518641168156775,8.0
2026-02-10 02:20:00,0.06323565,-0.23986637483711198,0.7099999841302633,9.199999794363976,0.022099715155861427,0.6144498011468412,0.6365495163027026,0.4599187894419891,0.006518641168156775,8.0
2026-02-10 02:30:00,0.06323565,-0.252072220965107,0.7099999841302633,9.199999794363976,0.022099715155861427,0.6144498011468412,0.6365495163027026,0.4477129433139941,0.006518641168156775,8.0
2026-02-10 02:40:00,0.06323565,-0.26264462481077905,0.7099999841302633,9.199999794363976,0.022099715155861427,0.6144498011468412,0.6365495163027026,0.43714053946832204,0.006518641168156775,8.0
2026-02-10 02:50:00,0.06323565,-0.27153759937381183,0.7099999841302633,9.199999794363976,0.022099715155861427,0.6144498011468412,0.6365495163027026,0.42824756490528926,0.006518641168156775,8.0
2026-02-10 03:00:00,0.06323565,-0.2787223943724061,0.7299999836832285,9.109999796375632,0.02218960040367047,0.6169489271424835,0.639138527546154,0.42365178115014634,0.006518641168156775,8.0
2026-02-10 03:10:00,0.06323565,-0.2841876012445043,0.7299999836832285,9.109999796375632,0.02218960040367047,0.6169489271424835,0.639138527546154,0.4181865742780481,0.006518641168156775,8.0
2026-02-10 03:20:00,0.06323565,-0.287938856656531,0.7299999836832285,9.109999796375632,0.02218960040367047,0.6169489271424835,0.639138527546154,0.4144353188660214,0.006518641168156775,8.0
2026-02-10 03:30:00,0.06323565,-0.28999814879215285,0.7299999836832285,9.109999796375632,0.02218960040367047,0.6169489271424835,0.639138527546154,0.4123760267303996,0.006518641168156775,8.0
2026-02-10 03:40:00,0.06323565,-0.2904027575079154,0.7299999836832285,9.109999796375632,0.02218960040367047,0.6169489271424835,0.639138527546154,0.41197141801463705,0.006518641168156775,8.0
2026-02-10 03:50:00,0.06323565,-0.28920388531442515,0.7299999836832285,9.109999796375632,0.02218960040367047,0.6169489271424835,0.639138527546154,0.4131702902081273,0.006518641168156775,8.0
2026-02-10 04:00:00,0.06323565,-0.2864650581464986,0.7299999836832285,9.109999796375632,0.02218960040367047,0.6169489271424835,0.639138527546154,0.41590911737605385,0.006518641168156775,8.0
2026-02-10 04:10:00,0.06323565,-0.2822603904887248,0.7299999836832285,9.109999796375632,0.02218960040367047,0.6169489271424835,0.639138527546154,0.4201137850338276,0.006518641168156775,8.0
2026-02-10 04:20:00,0.06323565,-0.2766728166463015,0.7299999836832285,9.109999796375632,0.02218960040367047,0.6169489271424835,0.639138527546154,0.42570135887625093,0.006518641168156775,8.0
2026-02-10 04:30:00,0.06323565,-0.26979238772235936,0.7299999836832285,9.109999796375632,0.02218960040367047,0.6169489271424835,0.639138527546154,0.4325817878001931,0.006518641168156775,8.0
2026-02-10 04:40:00,0.06323565,-0.26171472208223096,0.7299999836832285,9.109999796375632,0.02218960040367047,0.6169489271424835,0.639138527546154,0.4406594534403215,0.006518641168156775,8.0
2026-02-10 04:50:00,0.06323565,-0.2525396767484774,0.7299999836832285,9.109999796375632,0.02218960040367047,0.6169489271424835,0.639138527546154,0.44983449877407505,0.006518641168156775,8.0
2026-02-10 05:00:00,0.06323565,-0.24237028021587562,0.7299999836832285,9.109999796375632,0.02218960040367047,0.6169489271424835,0.639138527546154,0.46000389530667685,0.006518641168156775,8.0
2026-02-10 05:10:00,0.06323565,-0.23131193635687772,0.7299999836832285,9.109999796375632,0.02218960040367047,0.6169489271424835,0.639138527546154,0.4710622391656747,0.006518641168156775,8.0
2026-02-10 05:20:00,0.06323565,-0.2194718776591491,0.7299999836832285,9.109999796375632,0.02218960040367047,0.6169489271424835,0.639138527546154,0.48290229786340333,0.006518641168156775,8.0
2026-02-10 05:30:00,0.06323565,-0.20695881739341526,0.7299999836832285,9.109999796375632,0.02218960040367047,0.6169489271424835,0.639138527546154,0.4954153581291372,0.006518641168156775,8.0
2026-02-10 05:40:00,0.06323565,-0.19388272759744266,0.7299999836832285,9.109999796375632,0.02218960040367047,0.6169489271424835,0.639138527546154,0.5084914479251098,0.006518641168156775,8.0
2026-02-10 05:50:00,0.06323565,-0.18035465567445425,0.7299999836832285,9.109999796375632,0.02218960040367047,0.6169489271424835,0.639138527546154,0.5220195198480981,0.006518641168156775,8.0
2026-02-10 06:00:00,0.06323565,-0.16648648852349343,0.6999999843537807,9.029999798163772,0.02153805316741183,0.5988336226268633,0.6203716757942752,0.5171208352471802,0.006518641168156775,8.0
2026-02-10 06:10:00,0.06323565,-0.15239058022353277,0.6999999843537807,9.029999798163772,0.02153805316741183,0.5988336226268633,0.6203716757942752,0.5312167435471409,0.006518641168156775,8.0
2026-02-10 06:20:00,0.06323565,-0.13817917670535063,0.6999999843537807,9.029999798163772,0.02153805316741183,0.5988336226268633,0.6203716757942752,0.545428147065323,0.006518641168156775,8.0
2026-02-10 06:30:00,0.06323565,-0.12396359697509063,0.6999999843537807,9.029999798163772,0.02153805316741183,0.5988336226268633,0.6203716757942752,0.559643726795583,0.006518641168156775,8.0
2026-02-10 06:40:00,0.06323565,-0.10985316248680675,0.6999999843537807,9.029999798163772,0.02153805316741183,0.5988336226268633,0.6203716757942752,0.5737541612838669,0.006518641168156775,8.0
2026-02-10 06:50:00,0.06323565,-0.09595390095096139,0.6999999843537807,9.029999798163772,0.02153805316741183,0.5988336226268633,0.6203716757942752,0.5876534228197123,0.006518641168156775,8.0
2026-02-10 07:00:00,0.06323565,-0.0823670843419415,0.6999999843537807,9.029999798163772,0.02153805316741183,0.5988336226268633,0.6203716757942752,0.6012402394287322,0.006518641168156775,8.0
2026-02-10 07:10:00,0.06323565,-0.06918768940152342,0.6999999843537807,9.029999798163772,0.02153805316741183,0.5988336226268633,0.6203716757942752,0.6144196343691503,0.006518641168156775,8.0
2026-02-10 07:20:00,0.06323565,-0.05650288940192735,0.6999999843537807,9.029999798163772,0.02153805316741183,0.5988336226268633,0.6203716757942752,0.6271044343687463,0.006518641168156775,8.0
2026-02-10 07:30:00,0.06323565,-0.04439069561923155,0.6999999843537807,9.029999798163772,0.02153805316741183,0.5988336226268633,0.6203716757942752,0.6392166281514421,0.006518641168156775,8.0
2026-02-10 07:40:00,0.06323565,-0.03291886469814487,0.6999999843537807,9.029999798163772,0.02153805316741183,0.5988336226268633,0.6203716757942752,0.6506884590725288,0.006518641168156775,8.0
2026-02-10 07:50:00,0.06323565,-0.022144173583733575,0.6999999843537807,9.029999798163772,0.02153805316741183,0.5988336226268633,0.6203716757942752,0.6614631501869401,0.006518641168156775,8.0
2026-02-10 08:00:00,0.06323565,-0.012112138029165016,0.6999999843537807,9.029999798163772,0.02153805316741183,0.5988336226268633,0.6203716757942752,0.6714951857415087,0.006518641168156775,8.0
2026-02-10 08:10:00,0.06323565,-0.0028572163479621947,0.6999999843537807,9.029999798163772,0.02153805316741183,0.5988336226268633,0.6203716757942752,0.6807501074227115,0.006518641168156775,8.0
2026-02-10 08:20:00,0.06323565,0.005596499984368128,0.6999999843537807,9.029999798163772,0.02153805316741183,0.5988336226268633,0.6203716757942752,0.6892038237550419,0.006518641168156775,8.0
2026-02-10 08:30:00,0.06323565,0.01323414889665489,0.6999999843537807,9.029999798163772,0.02153805316741183,0.5988336226268633,0.6203716757942752,0.6968414726673285,0.006518641168156775,8.0
2026-02-10 08:40:00,0.06323565,0.020048592860325575,0.6999999843537807,9.029999798163772,0.02153805316741183,0.5988336226268633,0.6203716757942752,0.7036559166309992,0.006518641168156775,8.0
2026-02-10 08:50:00,0.06323565,0.02603865903508124,0.6999999843537807,9.029999798163772,0.02153805316741183,0.5988336226268633,0.6203716757942752,0.7096459828057549,0.006518641168156775,8.0
2026-02-10 09:00:00,0.06323565,0.031207260414795424,0.6599999852478504,8.929999800398946,0.020682027013373093,0.5750330850897949,0.595715112103168,0.6901580204943618,0.006518641168156775,8.0
2026-02-10 09:10:00,0.06323565,0.03555954561806303,0.6599999852478504,8.929999800398946,0.020682027013373093,0.5750330850897949,0.595715112103168,0.6945103056976295,0.006518641168156775,8.0
2026-02-10 09:20:00,0.06323565,0.0391012235372124,0.6599999852478504,8.929999800398946,0.020682027013373093,0.5750330850897949,0.595715112103168,0.6980519836167789,0.006518641168156775,8.0
2026-02-10 09:30:00,0.06323565,0.041837194742751264,0.6599999852478504,8.929999800398946,0.020682027013373093,0.5750330850897949,0.595715112103168,0.7007879548223177,0.006518641168156775,8.0
2026-02-10 09:40:00,0.06323565,0.0437705955708083,0.6599999852478504,8.929999800398946,0.020682027013373093,0.5750330850897949,0.595715112103168,0.7027213556503747,0.006518641168156775,8.0
2026-02-10 09:50:00,0.06323565,0.044902325900922344,0.6599999852478504,8.929999800398946,0.020682027013373093,0.5750330850897949,0.595715112103168,0.7038530859804888,0.006518641168156775,8.0
2026-02-10 10:00:00,0.06323565,0.04523109091268711,0.6599999852478504,8.929999800398946,0.020682027013373093,0.5750330850897949,0.595715112103168,0.7041818509922535,0.006518641168156775,8.0
2026-02-10 10:10:00,0.06323565,0.04475394463116152,0.6599999852478504,8.929999800398946,0.020682027013373093,0.5750330850897949,0.595715112103168,0.703704704710728,0.006518641168156775,8.0
2026-02-10 10:20:00,0.06323565,0.043467282634359665,0.6599999852478504,8.929999800398946,0.020682027013373093,0.5750330850897949,0.595715112103168,0.7024180427139262,0.006518641168156775,8.0
2026-02-10 10:30:00,0.06323565,0.04136819667670927,0.6599999852478504,8.929999800398946,0.020682027013373093,0.5750330850897949,0.595715112103168,0.7003189567562758,0.006518641168156775,8.0
2026-02-10 10:40:00,0.06323565,0.03845607806612741,0.6599999852478504,8.929999800398946,0.020682027013373093,0.5750330850897949,0.595715112103168,0.6974068381456938,0.006518641168156775,8.0
2026-02-10 10:50:00,0.06323565,0.034734341507081434,0.6599999852478504,8.929999800398946,0.020682027013373093,0.5750330850897949,0.595715112103168,0.6936851015866479,0.006518641168156775,8.0
2026-02-10 11:00:00,0.06323565,0.03021213765259667,0.6599999852478504,8.929999800398946,0.020682027013373093,0.5750330850897949,0.595715112103168,0.6891628977321631,0.006518641168156775,8.0
2026-02-10 11:10:00,0.06323565,0.024905930493418573,0.6599999852478504,8.929999800398946,0.020682027013373093,0.5750330850897949,0.595715112103168,0.683856690572985,0.006518641168156775,8.0
2026-02-10 11:20:00,0.06323565,0.018840833545303314,0.6599999852478504,8.929999800398946,0.020682027013373093,0.5750330850897949,0.595715112103168,0.6777915936248697,0.006518641168156775,8.0
2026-02-10 11:30:00,0.06323565,0.012051624221928157,0.6599999852478504,8.929999800398946,0.020682027013373093,0.5750330850897949,0.595715112103168,0.6710023843014946,0.006518641168156775,8.0
2026-02-10 11:40:00,0.06323565,0.004583385829665477,0.6599999852478504,8.929999800398946,0.020682027013373093,0.5750330850897949,0.595715112103168,0.6635341459092319,0.006518641168156775,8.0
2026-02-10 11:50:00,0.06323565,-0.003508242023880864,0.6599999852478504,8.929999800398946,0.020682027013373093,0.5750330850897949,0.595715112103168,0.6554425180556855,0.006518641168156775,8.0
2026-02-10 12:00:00,0.06323565,-0.012157194312811533,0.6399999856948853,8.82999980263412,0.020138186796770177,0.5599124145023876,0.5800506012991578,0.6311290549627446,0.006518641168156775,8.0
2026-02-10 12:10:00,0.06323565,-0.021287457676512637,0.6399999856948853,8.82999980263412,0.020138186796770177,0.5599124145023876,0.5800506012991578,0.6219987915990436,0.006518641168156775,8.0
2026-02-10 12:20:00,0.06323565,-0.03081384054435724,0.6399999856948853,8.82999980263412,0.020138186796770177,0.5599124145023876,0.5800506012991578,0.612472408731199,0.006518641168156775,8.0
2026-02-10 12:30:00,0.06323565,-0.0406429730704419,0.6399999856948853,8.82999980263412,0.020138186796770177,0.5599124145023876,0.5800506012991578,0.6026432762051144,0.006518641168156775,8.0
2026-02-10 12:40:00,0.06323565,-0.0506744716267521,0.6399999856948853,8.82999980263412,0.020138186796770177,0.5599124145023876,0.5800506012991578,0.5926117776488041,0.006518641168156775,8.0
2026-02-10 12:50:00,0.06323565,-0.06080220802297268,0.6399999856948853,8.82999980263412,0.020138186796770177,0.5599124145023876,0.5800506012991578,0.5824840412525836,0.006518641168156775,8.0
2026-02-10 13:00:00,0.06323565,-0.0709156346663067,0.6399999856948853,8.82999980263412,0.020138186796770177,0.5599124145023876,0.5800506012991578,0.5723706146092495,0.006518641168156775,8.0
2026-02-10 13:10:00,0.06323565,-0.08090113155791417,0.6399999856948853,8.82999980263412,0.020138186796770177,0.5599124145023876,0.5800506012991578,0.562385117717642,0.006518641168156775,8.0
2026-02-10 13:20:00,0.06323565,-0.09064335659741854,0.6399999856948853,8.82999980263412,0.020138186796770177,0.5599124145023876,0.5800506012991578,0.5526428926781377,0.006518641168156775,8.0
2026-02-10 13:30:00,0.06323565,-0.10002659488893435,0.6399999856948853,8.82999980263412,0.020138186796770177,0.5599124145023876,0.5800506012991578,0.5432596543866218,0.006518641168156775,8.0
2026-02-10 13:40:00,0.06323565,-0.10893611325471776,0.6399999856948853,8.82999980263412,0.020138186796770177,0.5599124145023876,0.5800506012991578,0.5343501360208385,0.006518641168156775,8.0
2026-02-10 13:50:00,0.06323565,-0.11725953153238113,0.6399999856948853,8.82999980263412,0.020138186796770177,0.5599124145023876,0.5800506012991578,0.5260267177431751,0.006518641168156775,8.0
2026-02-10 14:00:00,0.06323565,-0.12488822173864568,0.6399999856948853,8.82999980263412,0.020138186796770177,0.5599124145023876,0.5800506012991578,0.5183980275369106,0.006518641168156775,8.0
2026-02-10 14:10:00,0.06323565,-0.13171873976227866,0.6399999856948853,8.82999980263412,0.020138186796770177,0.5599124145023876,0.5800506012991578,0.5115675095132776,0.006518641168156775,8.0
2026-02-10 14:20:00,0.06323565,-0.1376542831382659,0.6399999856948853,8.82999980263412,0.020138186796770177,0.5599124145023876,0.5800506012991578,0.5056319661372903,0.006518641168156775,8.0
2026-02-10 14:30:00,0.06323565,-0.1426061540793635,0.6399999856948853,8.82999980263412,0.020138186796770177,0.5599124145023876,0.5800506012991578,0.5006800951961927,0.006518641168156775,8.0
2026-02-10 14:40:00,0.06323565,-0.1464951916928167,0.6399999856948853,8.82999980263412,0.020138186796770177,0.5599124145023876,0.5800506012991578,0.49679105758273956,0.006518641168156775,8.0
2026-02-10 14:50:00,0.06323565,-0.14925312346342487,0.6399999856948853,8.82999980263412,0.020138186796770177,0.5599124145023876,0.5800506012991578,0.4940331258121313,0.006518641168156775,8.0
2026-02-10 15:00:00,0.06323565,-0.15082377606210734,0.6199999861419201,8.719999805092812,0.01957410907504384,0.5442290701017161,0.5638031791767599,0.47621505109105106,0.006518641168156775,8.0
2026-02-10 15:10:00,0.06323565,-0.1511640811339217,0.6199999861419201,8.719999805092812,0.01957410907504384,0.5442290701017161,0.5638031791767599,0.4758747460192367,0.006518641168156775,8.0
2026-02-10 15:20:00,0.06323565,-0.1502448142778982,0.6199999861419201,8.719999805092812,0.01957410907504384,0.5442290701017161,0.5638031791767599,0.4767940128752602,0.006518641168156775,8.0
2026-02-10 15:30:00,0.06323565,-0.14805101536209472,0.6199999861419201,8.719999805092812,0.01957410907504384,0.5442290701017161,0.5638031791767599,0.47898781179106364,0.006518641168156775,8.0
2026-02-10 15:40:00,0.06323565,-0.1445820550145147,0.6199999861419201,8.719999805092812,0.01957410907504384,0.5442290701017161,0.5638031791767599,0.4824567721386437,0.006518641168156775,8.0
2026-02-10 15:50:00,0.06323565,-0.13985133436890426,0.6199999861419201,8.719999805092812,0.01957410907504384,0.5442290701017161,0.5638031791767599,0.4871874927842541,0.006518641168156775,8.0
2026-02-10 16:00:00,0.06323565,-0.13388563059624947,0.6199999861419201,8.719999805092812,0.01957410907504384,0.5442290701017161,0.5638031791767599,0.4931531965569089,0.006518641168156775,8.0
2026-02-10 16:10:00,0.06323565,-0.12672412692478435,0.6199999861419201,8.719999805092812,0.01957410907504384,0.5442290701017161,0.5638031791767599,0.5003147002283741,0.006518641168156775,8.0
2026-02-10 16:20:00,0.06323565,-0.11841718973020893,0.6199999861419201,8.719999805092812,0.01957410907504384,0.5442290701017161,0.5638031791767599,0.5086216374229495,0.006518641168156775,8.0
2026-02-10 16:30:00,0.06323565,-0.10902497422057486,0.6199999861419201,8.719999805092812,0.01957410907504384,0.5442290701017161,0.5638031791767599,0.5180138529325835,0.006518641168156775,8.0
2026-02-10 16:40:00,0.06323565,-0.09861595185950543,0.6199999861419201,8.719999805092812,0.01957410907504384,0.5442290701017161,0.5638031791767599,0.528422875293653,0.006518641168156775,8.0
2026-02-10 16:50:00,0.06323565,-0.08726545545663549,0.6199999861419201,8.719999805092812,0.01957410907504384,0.5442290701017161,0.5638031791767599,0.539773371696523,0.006518641168156775,8.0
2026-02-10 17:00:00,0.06323565,-0.07505433114429759,0.6199999861419201,8.719999805092812,0.01957410907504384,0.5442290701017161,0.5638031791767599,0.5519844960088608,0.006518641168156775,8.0
2026-02-10 17:10:00,0.06323565,-0.062067770693336265,0.6199999861419201,8.719999805092812,0.01957410907504384,0.5442290701017161,0.5638031791767599,0.5649710564598222,0.006518641168156775,8.0
2026-02-10 17:20:00,0.06323565,-0.04839437423873344,0.6199999861419201,8.719999805092812,0.01957410907504384,0.5442290701017161,0.5638031791767599,0.578644452914425,0.006518641168156775,8.0
2026-02-10 17:30:00,0.06323565,-0.034125464853550884,0.6199999861419201,8.719999805092812,0.01957410907504384,0.5442290701017161,0.5638031791767599,0.5929133622996076,0.006518641168156775,8.0
2026-02-10 17:40:00,0.06323565,-0.01935464549454792,0.6199999861419201,8.719999805092812,0.01957410907504384,0.5442290701017161,0.5638031791767599,0.6076841816586105,0.006518641168156775,8.0
2026-02-10 17:50:00,0.06323565,-0.004177559067247908,0.6199999861419201,8.719999805092812,0.01957410907504384,0.5442290701017161,0.5638031791767599,0.6228612680859105,0.006518641168156775,8.0
2026-02-10 18:00:00,0.06323565,0.011308213061598744,0.6099999863654375,8.59999980777502,0.01914842433981128,0.5323935374231187,0.5515419617629299,0.6260858228009272,0.006518641168156775,8.0
2026-02-10 18:10:00,0.06323565,0.027003196818272818,0.6099999863654375,8.59999980777502,0.01914842433981128,0.5323935374231187,0.5515419617629299,0.6417808065576012,0.006518641168156775,8.0
2026-02-10 18:20:00,0.06323565,0.04280610667642486,0.6099999863654375,8.59999980777502,0.01914842433981128,0.5323935374231187,0.5515419617629299,0.6575837164157532,0.006518641168156775,8.0
2026-02-10 18:30:00,0.06323565,0.0586140514961713,0.6099999863654375,8.59999980777502,0.01914842433981128,0.5323935374231187,0.5515419617629299,0.6733916612354997,0.006518641168156775,8.0
2026-02-10 18:40:00,0.06323565,0.07432294100908647,0.6099999863654375,8.59999980777502,0.01914842433981128,0.5323935374231187,0.5515419617629299,0.6891005507484149,0.006518641168156775,8.0
2026-02-10 18:50:00,0.06323565,0.0898281465085411,0.6099999863654375,8.59999980777502,0.01914842433981128,0.5323935374231187,0.5515419617629299,0.7046057562478695,0.006518641168156775,8.0
2026-02-10 19:00:00,0.06323565,0.10502543916893244,0.6099999863654375,8.59999980777502,0.01914842433981128,0.5323935374231187,0.5515419617629299,0.7198030489082607,0.006518641168156775,8.0
2026-02-10 19:10:00,0.06323565,0.11981219521188054,0.6099999863654375,8.59999980777502,0.01914842433981128,0.5323935374231187,0.5515419617629299,0.734589804951209,0.006518641168156775,8.0
2026-02-10 19:20:00,0.06323565,0.13408882196571598,0.6099999863654375,8.59999980777502,0.01914842433981128,0.5323935374231187,0.5515419617629299,0.7488664317050444,0.006518641168156775,8.0
2026-02-10 19:30:00,0.06323565,0.14776032700857367,0.6099999863654375,8.59999980777502,0.01914842433981128,0.5323935374231187,0.5515419617629299,0.762537936747902,0.006518641168156775,8.0
2026-02-10 19:40:00,0.06323565,0.1607379272613614,0.6099999863654375,8.59999980777502,0.01914842433981128,0.5323935374231187,0.5515419617629299,0.7755155370006898,0.006518641168156775,8.0
2026-02-10 19:50:00,0.06323565,0.17294057921289788,0.6099999863654375,8.59999980777502,0.01914842433981128,0.5323935374231187,0.5515419617629299,0.7877181889522262,0.006518641168156775,8.0
2026-02-10 20:00:00,0.06323565,0.1842963074557673,0.6099999863654375,8.59999980777502,0.01914842433981128,0.5323935374231187,0.5515419617629299,0.7990739171950957,0.006518641168156775,8.0
2026-02-10 20:10:00,0.06323565,0.19474321693350288,0.6099999863654375,8.59999980777502,0.01914842433981128,0.5323935374231187,0.5515419617629299,0.8095208266728313,0.006518641168156775,8.0
2026-02-10 20:20:00,0.06323565,0.20423009474813875,0.6099999863654375,8.59999980777502,0.01914842433981128,0.5323935374231187,0.5515419617629299,0.8190077044874671,0.006518641168156775,8.0
2026-02-10 20:30:00,0.06323565,0.212716537763968,0.6099999863654375,8.59999980777502,0.01914842433981128,0.5323935374231187,0.5515419617629299,0.8274941475032964,0.006518641168156775,8.0
2026-02-10 20:40:00,0.06323565,0.22017258040196652,0.6099999863654375,8.59999980777502,0.01914842433981128,0.5323935374231187,0.5515419617629299,0.8349501901412949,0.006518641168156775,8.0
2026-02-10 20:50:00,0.06323565,0.2265778387598078,0.6099999863654375,8.59999980777502,0.01914842433981128,0.5323935374231187,0.5515419617629299,0.8413554484991361,0.006518641168156775,8.0
2026-02-10 21:00:00,0.06323565,0.23192022896736444,0.6299999859184027,8.509999809786677,0.019256152167101755,0.5353887498767533,0.5546449020438551,0.849800778987618,0.006518641168156775,8.0
2026-02-10 21:10:00,0.06323565,0.23619435510821984,0.6299999859184027,8.509999809786677,0.019256152167101755,0.5353887498767533,0.5546449020438551,0.8540749051284734,0.006518641168156775,8.0
2026-02-10 21:20:00,0.06323565,0.23939969160196012,0.6299999859184027,8.509999809786677,0.019256152167101755,0.5353887498767533,0.5546449020438551,0.8572802416222136,0.006518641168156775,8.0
2026-02-10 21:30:00,0.06323565,0.24153870373605654,0.6299999859184027,8.509999809786677,0.019256152167101755,0.5353887498767533,0.5546449020438551,0.8594192537563101,0.006518641168156775,8.0
2026-02-10 21:40:00,0.06323565,0.24261505612348105,0.6299999859184027,8.509999809786677,0.019256152167101755,0.5353887498767533,0.5546449020438551,0.8604956061437345,0.006518641168156775,8.0
2026-02-10 21:50:00,0.06323565,0.24263205184138206,0.6299999859184027,8.509999809786677,0.019256152167101755,0.5353887498767533,0.5546449020438551,0.8605126018616356,0.006518641168156775,8.0
2026-02-10 22:00:00,0.06323565,0.24159142533958317,0.6299999859184027,8.509999809786677,0.019256152167101755,0.5353887498767533,0.5546449020438551,0.8594719753598368,0.006518641168156775,8.0
2026-02-10 22:10:00,0.06323565,0.23949258213085933,0.6299999859184027,8.509999809786677,0.019256152167101755,0.5353887498767533,0.5546449020438551,0.8573731321511129,0.006518641168156775,8.0
2026-02-10 22:20:00,0.06323565,0.23633234038101777,0.6299999859184027,8.509999809786677,0.019256152167101755,0.5353887498767533,0.5546449020438551,0.8542128904012714,0.006518641168156775,8.0
2026-02-10 22:30:00,0.06323565,0.23210518776781885,0.6299999859184027,8.509999809786677,0.019256152167101755,0.5353887498767533,0.5546449020438551,0.8499857377880724,0.006518641168156775,8.0
2026-02-10 22:40:00,0.06323565,0.2268040250549734,0.6299999859184027,8.509999809786677,0.019256152167101755,0.5353887498767533,0.5546449020438551,0.844684575075227,0.006518641168156775,8.0
2026-02-10 22:50:00,0.06323565,0.22042132974952647,0.6299999859184027,8.509999809786677,0.019256152167101755,0.5353887498767533,0.5546449020438551,0.83830187976978,0.006518641168156775,8.0
2026-02-10 23:00:00,0.06323565,0.21295064228496613,0.6299999859184027,8.509999809786677,0.019256152167101755,0.5353887498767533,0.5546449020438551,0.8308311923052196,0.006518641168156775,8.0
2026-02-10 23:10:00,0.06323565,0.2043882559649375,0.6299999859184027,8.509999809786677,0.019256152167101755,0.5353887498767533,0.5546449020438551,0.822268805985191,0.006518641168156775,8.0
2026-02-10 23:20:00,0.06323565,0.19473498191714003,0.6299999859184027,8.509999809786677,0.019256152167101755,0.5353887498767533,0.5546449020438551,0.8126155319373936,0.006518641168156775,8.0
2026-02-10 23:30:00,0.06323565,0.18399786191871445,0.6299999859184027,8.509999809786677,0.019256152167101755,0.5353887498767533,0.5546449020438551,0.801878411938968,0.006518641168156775,8.0
2026-02-10 23:40:00,0.06323565,0.17219171421931362,0.6299999859184027,8.509999809786677,0.019256152167101755,0.5353887498767533,0.5546449020438551,0.7900722642395672,0.006518641168156775,8.0
2026-02-10 23:50:00,0.06323565,0.15934041871256152,0.6299999859184027,8.509999809786677,0.019256152167101755,0.5353887498767533,0.5546449020438551,0.7772209687328151,0.006518641168156775,8.0
2026-02-11 00:00:00,0.06323565,0.14547787508722596,0.6299999859184027,8.509999809786677,0.019256152167101755,0.5353887498767533,0.5546449020438551,0.7633584251074795,0.006518641168156775,8.0
2026-02-11 00:10:00,,0.13064859800010165,,,,,,,0.006518641168156775,8.0
2026-02-11 00:20:00,,0.11490794343222449,,,,,,,0.006518641168156775,8.0
2026-02-11 00:30:00,,0.09832198720358609,,,,,,,0.006518641168156775,8.0
2026-02-11 00:40:00,,0.0809670977848192,,,,,,,0.006518641168156775,8.0
2026-02-11 00:50:00,,0.06292925915605685,,,,,,,0.006518641168156775,8.0
2026-02-11 01:00:00,,0.0443032052124747,,,,,,,0.006518641168156775,8.0
2026-02-11 01:10:00,,0.025191424886604936,,,,,,,0.006518641168156775,8.0
2026-02-11 01:20:00,,0.00570308859306882,,,,,,,0.006518641168156775,8.0
2026-02-11 01:30:00,,-0.014047066880823383,,,,,,,0.006518641168156775,8.0
2026-02-11 01:40:00,,-0.03393987342188862,,,,,,,0.006518641168156775,8.0
2026-02-11 01:50:00,,-0.0538528802118012,,,,,,,0.006518641168156775,8.0
2026-02-11 02:00:00,,-0.07366152217307197,,,,,,,0.006518641168156775,8.0
2026-02-11 02:10:00,,-0.09324032239312549,,,,,,,0.006518641168156775,8.0
2026-02-11 02:20:00,,-0.1124641450403813,,,,,,,0.006518641168156775,8.0
2026-02-11 02:30:00,,-0.13120951124866756,,,,,,,0.006518641168156775,8.0
2026-02-11 02:40:00,,-0.14935598126401478,,,,,,,0.006518641168156775,8.0
2026-02-11 02:50:00,,-0.16678759231406554,,,,,,,0.006518641168156775,8.0
2026-02-11 03:00:00,,-0.18339432604300335,,,,,,,0.006518641168156775,8.0
2026-02-11 03:10:00,,-0.19907356354943953,,,,,,,0.006518641168156775,8.0
2026-02-11 03:20:00,,-0.21373147297273215,,,,,,,0.006518641168156775,8.0
2026-02-11 03:30:00,,-0.22728426621752548,,,,,,,0.006518641168156775,8.0
2026-02-11 03:40:00,,-0.23965925933018986,,,,,,,0.006518641168156775,8.0
2026-02-11 03:50:00,,-0.2507956763889549,,,,,,,0.006518641168156775,8.0
2026-02-11 04:00:00,,-0.2606451492186539,,,,,,,0.006518641168156775,8.0
2026-02-11 04:10:00,,-0.2691718842179304,,,,,,,0.006518641168156775,8.0
2026-02-11 04:20:00,,-0.27635249100351117,,,,,,,0.006518641168156775,8.0
2026-02-11 04:30:00,,-0.2821754932917469,,,,,,,0.006518641168156775,8.0
2026-02-11 04:40:00,,-0.2866405674724402,,,,,,,0.006518641168156775,8.0
2026-02-11 04:50:00,,-0.28975757594075646,,,,,,,0.006518641168156775,8.0
2026-02-11 05:00:00,,-0.29154547782739704,,,,,,,0.006518641168156775,8.0
2026-02-11 05:10:00,,-0.292031207314541,,,,,,,0.006518641168156775,8.0
2026-02-11 05:20:00,,-0.2912486081191765,,,,,,,0.006518641168156775,8.0
2026-02-11 05:30:00,,-0.28923750184313246,,,,,,,0.006518641168156775,8.0
2026-02-11 05:40:00,,-0.2860429485694257,,,,,,,0.006518641168156775,8.0
2026-02-11 05:50:00,,-0.2817147323654071,,,,,,,0.006518641168156775,8.0
2026-02-11 06:00:00,,-0.2763070746964457,,,,,,,0.006518641168156775,8.0
2026-02-11 06:10:00,,-0.2698785486330461,,,,,,,0.006518641168156775,8.0
2026-02-11 06:20:00,,-0.26249213924169956,,,,,,,0.006518641168156775,8.0
2026-02-11 06:30:00,,-0.2542153740253745,,,,,,,0.006518641168156775,8.0
2026-02-11 06:40:00,,-0.24512043428579522,,,,,,,0.006518641168156775,8.0
2026-02-11 06:50:00,,-0.23528415539689915,,,,,,,0.006518641168156775,8.0
2026-02-11 07:00:00,,-0.22478783215429837,,,,,,,0.006518641168156775,8.0
2026-02-11 07:10:00,,-0.2137167636191418,,,,,,,0.006518641168156775,8.0
2026-02-11 07:20:00,,-0.2021594990846312,,,,,,,0.006518641168156775,8.0
2026-02-11 07:30:00,,-0.19020677961195098,,,,,,,0.006518641168156775,8.0
2026-02-11 07:40:00,,-0.17795020533372205,,,,,,,0.006518641168156775,8.0
2026-02-11 07:50:00,,-0.16548069296907772,,,,,,,0.006518641168156775,8.0
2026-02-11 08:00:00,,-0.15288681744347873,,,,,,,0.006518641168156775,8.0
2026-02-11 08:10:00,,-0.14025315269836258,,,,,,,0.006518641168156775,8.0
2026-02-11 08:20:00,,-0.12765873702061764,,,,,,,0.006518641168156775,8.0
2026-02-11 08:30:00,,-0.11517578650253024,,,,,,,0.006518641168156775,8.0
2026-02-11 08:40:00,,-0.10286876568725337,,,,,,,0.006518641168156775,8.0
2026-02-11 08:50:00,,-0.09079389898651337,,,,,,,0.006518641168156775,8.0
2026-02-11 09:00:00,,-0.07899917139363781,,,,,,,0.006518641168156775,8.0
2026-02-11 09:10:00,,-0.06752482651974237,,,,,,,0.006518641168156775,8.0
2026-02-11 09:20:00,,-0.0564043271041738,,,,,,,0.006518641168156775,8.0
2026-02-11 09:30:00,,-0.0456657026426489,,,,,,,0.006518641168156775,8.0
2026-02-11 09:40:00,,-0.03533317413620639,,,,,,,0.006518641168156775,8.0
2026-02-11 09:50:00,,-0.025428920800117383,,,,,,,0.006518641168156775,8.0
2026-02-11 10:00:00,,-0.015974840288790332,,,,,,,0.006518641168156775,8.0
2026-02-11 10:10:00,,-0.006994153642904191,,,,,,,0.006518641168156775,8.0
2026-02-11 10:20:00,,0.001487280830454762,,,,,,,0.006518641168156775,8.0
2026-02-11 10:30:00,,0.009440056037000322,,,,,,,0.006518641168156775,8.0
2026-02-11 10:40:00,,0.016830784100626817,,,,,,,0.006518641168156775,8.0
2026-02-11 10:50:00,,0.02362218109869245,,,,,,,0.006518641168156775,8.0
2026-02-11 11:00:00,,0.029773663394063586,,,,,,,0.006518641168156775,8.0
2026-02-11 11:10:00,,0.03524240990090923,,,,,,,0.006518641168156775,8.0
2026-02-11 11:20:00,,0.0399848094594774,,,,,,,0.006518641168156775,8.0
2026-02-11 11:30:00,,0.04395818573950388,,,,,,,0.006518641168156775,8.0
2026-02-11 11:40:00,,0.047122675883728954,,,,,,,0.006518641168156775,8.0
2026-02-11 11:50:00,,0.0494431343253327,,,,,,,0.006518641168156775,8.0
2026-02-11 12:00:00,,0.05089093970265094,,,,,,,0.006518641168156775,8.0
2026-02-11 12:10:00,,0.05144559919840035,,,,,,,0.006518641168156775,8.0
2026-02-11 12:20:00,,0.051096068629856904,,,,,,,0.006518641168156775,8.0
2026-02-11 12:30:00,,0.04984173536721106,,,,,,,0.006518641168156775,8.0
2026-02-11 12:40:00,,0.04769304132445546,,,,,,,0.006518641168156775,8.0
2026-02-11 12:50:00,,0.044671751701843024,,,,,,,0.006518641168156775,8.0
2026-02-11 13:00:00,,0.04081089917054447,,,,,,,0.006518641168156775,8.0
2026-02-11 13:10:00,,0.03615445042535008,,,,,,,0.006518641168156775,8.0
2026-02-11 13:20:00,,0.03075675171602488,,,,,,,0.006518641168156775,8.0
2026-02-11 13:30:00,,0.02468181137875929,,,,,,,0.006518641168156775,8.0
2026-02-11 13:40:00,,0.018002471852541488,,,,,,,0.006518641168156775,8.0
2026-02-11 13:50:00,,0.010799512248649114,,,,,,,0.006518641168156775,8.0
2026-02-11 14:00:00,,0.003160707900572343,,,,,,,0.006518641168156775,8.0
2026-02-11 14:10:00,,-0.004820142388557256,,,,,,,0.006518641168156775,8.0
2026-02-11 14:20:00,,-0.01304422471155008,,,,,,,0.006518641168156775,8.0
2026-02-11 14:30:00,,-0.021408767627809612,,,,,,,0.006518641168156775,8.0
2026-02-11 14:40:00,,-0.02980816763079143,,,,,,,0.006518641168156775,8.0
2026-02-11 14:50:00,,-0.03813519992019076,,,,,,,0.006518641168156775,8.0
2026-02-11 15:00:00,,-0.04628232496686372,,,,,,,0.006518641168156775,8.0
2026-02-11 15:10:00,,-0.0541430890342765,,,,,,,0.006518641168156775,8.0
2026-02-11 15:20:00,,-0.061613601415938135,,,,,,,0.006518641168156775,8.0
2026-02-11 15:30:00,,-0.06859405442934366,,,,,,,0.006518641168156775,8.0
2026-02-11 15:40:00,,-0.0749902368570261,,,,,,,0.006518641168156775,8.0
2026-02-11 15:50:00,,-0.0807149798380045,,,,,,,0.006518641168156775,8.0
2026-02-11 16:00:00,,-0.08568946803653109,,,,,,,0.006518641168156775,8.0
2026-02-11 16:10:00,,-0.0898443499053279,,,,,,,0.006518641168156775,8.0
2026-02-11 16:20:00,,-0.09312058902145429,,,,,,,0.006518641168156775,8.0
2026-02-11 16:30:00,,-0.09547001391953801,,,,,,,0.006518641168156775,8.0
2026-02-11 16:40:00,,-0.09685554473998181,,,,,,,0.006518641168156775,8.0
2026-02-11 16:50:00,,-0.09725109968162046,,,,,,,0.006518641168156775,8.0
2026-02-11 17:00:00,,-0.09664120976914496,,,,,,,0.006518641168156775,8.0
2026-02-11 17:10:00,,-0.09502039415473391,,,,,,,0.006518641168156775,8.0
2026-02-11 17:20:00,,-0.09239236719316893,,,,,,,0.006518641168156775,8.0
2026-02-11 17:30:00,,-0.08876916060134814,,,,,,,0.006518641168156775,8.0
2026-02-11 17:40:00,,-0.08417024747369328,,,,,,,0.006518641168156775,8.0
2026-02-11 17:50:00,,-0.07862174914122945,,,,,,,0.006518641168156775,8.0
2026-02-11 18:00:00,,-0.07215579112055838,,,,,,,0.006518641168156775,8.0
2026-02-11 18:10:00,,-0.06481005218452679,,,,,,,0.006518641168156775,8.0
2026-02-11 18:20:00,,-0.056627523052652,,,,,,,0.006518641168156775,8.0
2026-02-11 18:30:00,,-0.04765646145718178,,,,,,,0.006518641168156775,8.0
2026-02-11 18:40:00,,-0.03795050153789667,,,,,,,0.006518641168156775,8.0
2026-02-11 18:50:00,,-0.027568851085788812,,,,,,,0.006518641168156775,8.0
2026-02-11 19:00:00,,-0.016576492964924115,,,,,,,0.006518641168156775,8.0
2026-02-11 19:10:00,,-0.0050442991592268,,,,,,,0.006518641168156775,8.0
2026-02-11 19:20:00,,0.006951031110413253,,,,,,,0.006518641168156775,8.0
2026-02-11 19:30:00,,0.019327284356133432,,,,,,,0.006518641168156775,8.0
2026-02-11 19:40:00,,0.03199734869595578,,,,,,,0.006518641168156775,8.0
2026-02-11 19:50:00,,0.04487015398472006,,,,,,,0.006518641168156775,8.0
2026-02-11 20:00:00,,0.05785192252263451,,,,,,,0.006518641168156775,8.0
2026-02-11 20:10:00,,0.07084768107926015,,,,,,,0.006518641168156775,8.0
2026-02-11 20:20:00,,0.08376295237661567,,,,,,,0.006518641168156775,8.0
2026-02-11 20:30:00,,0.09650551830185476,,,,,,,0.006518641168156775,8.0
2026-02-11 20:40:00,,0.10898713098938759,,,,,,,0.006518641168156775,8.0
2026-02-11 20:50:00,,0.12112504327701439,,,,,,,0.006518641168156775,8.0
2026-02-11 21:00:00,,0.1328432382843644,,,,,,,0.006518641168156775,8.0
2026-02-11 21:10:00,,0.1440732579015428,,,,,,,0.006518641168156775,8.0
2026-02-11 21:20:00,,0.15475456081709385,,,,,,,0.006518641168156775,8.0
2026-02-11 21:30:00,,0.16483437901861753,,,,,,,0.006518641168156775,8.0
2026-02-11 21:40:00,,0.1742670842897558,,,,,,,0.006518641168156775,8.0
2026-02-11 21:50:00,,0.18301311877801157,,,,,,,0.006518641168156775,8.0
2026-02-11 22:00:00,,0.191037582275785,,,,,,,0.006518641168156775,8.0
2026-02-11 22:10:00,,0.19830859969110123,,,,,,,0.006518641168156775,8.0
2026-02-11 22:20:00,,0.20479561222038123,,,,,,,0.006518641168156775,8.0
2026-02-11 22:30:00,,0.21046774325844986,,,,,,,0.006518641168156775,8.0
2026-02-11 22:40:00,,0.21529238414648574,,,,,,,0.006518641168156775,8.0
2026-02-11 22:50:00,,0.21923412639029172,,,,,,,0.006518641168156775,8.0
2026-02-11 23:00:00,,0.2222541375852691,,,,,,,0.006518641168156775,8.0
2026-02-11 23:10:00,,0.22431004102309324,,,,,,,0.006518641168156775,8.0
2026-02-11 23:20:00,,0.2253563173152441,,,,,,,0.006518641168156775,8.0
2026-02-11 23:30:00,,0.22534520435124225,,,,,,,0.006518641168156775,8.0
2026-02-11 23:40:00,,0.22422803334908087,,,,,,,0.006518641168156775,8.0
2026-02-11 23:50:00,,0.22195690709212806,,,,,,,0.006518641168156775,8.0
