,SSH_10min,Tide_10min,Significant_Wave_Height,Peak_Wave_Period,Wave_Setup,Wave_Swash,Wave_Runup,Total_Water_Level,beach_slope,water_depth
2026-02-28 00:00:00,-0.02512328,0.1739212775889872,0.7299999836832285,8.929999800398946,0.01833095722501653,0.6042378018693443,0.6225687590943608,0.7713667571416172,0.005493633158953499,8.0
2026-02-28 00:10:00,-0.02512328,0.19345799153955237,0.7299999836832285,8.929999800398946,0.01833095722501653,0.6042378018693443,0.6225687590943608,0.7909034710921823,0.005493633158953499,8.0
2026-02-28 00:20:00,-0.02512328,0.2118733690204367,0.7299999836832285,8.929999800398946,0.01833095722501653,0.6042378018693443,0.6225687590943608,0.8093188485730667,0.005493633158953499,8.0
2026-02-28 00:30:00,-0.02512328,0.22901109855468949,0.7299999836832285,8.929999800398946,0.01833095722501653,0.6042378018693443,0.6225687590943608,0.8264565781073194,0.005493633158953499,8.0
2026-02-28 00:40:00,-0.02512328,0.24472620565825332,0.7299999836832285,8.929999800398946,0.01833095722501653,0.6042378018693443,0.6225687590943608,0.8421716852108833,0.005493633158953499,8.0
2026-02-28 00:50:00,-0.02512328,0.2588854464141414,0.7299999836832285,8.929999800398946,0.01833095722501653,0.6042378018693443,0.6225687590943608,0.8563309259667713,0.005493633158953499,8.0
2026-02-28 01:00:00,-0.02512328,0.27136734362364207,0.7299999836832285,8.929999800398946,0.01833095722501653,0.6042378018693443,0.6225687590943608,0.868812823176272,0.005493633158953499,8.0
2026-02-28 01:10:00,-0.02512328,0.2820619797980145,0.7299999836832285,8.929999800398946,0.01833095722501653,0.6042378018693443,0.6225687590943608,0.8795074593506444,0.005493633158953499,8.0
2026-02-28 01:20:00,-0.02512328,0.29087068069734134,0.7299999836832285,8.929999800398946,0.01833095722501653,0.6042378018693443,0.6225687590943608,0.8883161602499713,0.005493633158953499,8.0
2026-02-28 01:30:00,-0.02512328,0.29770572645367027,0.7299999836832285,8.929999800398946,0.01833095722501653,0.6042378018693443,0.6225687590943608,0.8951512060063003,0.005493633158953499,8.0
2026-02-28 01:40:00,-0.02512328,0.3024902141368792,0.7299999836832285,8.929999800398946,0.01833095722501653,0.6042378018693443,0.6225687590943608,0.8999356936895091,0.005493633158953499,8.0
2026-02-28 01:50:00,-0.02512328,0.3051581676345416,0.7299999836832285,8.929999800398946,0.01833095722501653,0.6042378018693443,0.6225687590943608,0.9026036471871716,0.005493633158953499,8.0
2026-02-28 02:00:00,-0.02512328,0.3056549511737834,0.7299999836832285,8.929999800398946,0.01833095722501653,0.6042378018693443,0.6225687590943608,0.9031004307264133,0.005493633158953499,8.0
2026-02-28 02:10:00,-0.02512328,0.30393799642196473,0.7299999836832285,8.929999800398946,0.01833095722501653,0.6042378018693443,0.6225687590943608,0.9013834759745947,0.005493633158953499,8.0
2026-02-28 02:20:00,-0.02512328,0.2999778051678154,0.7299999836832285,8.929999800398946,0.01833095722501653,0.6042378018693443,0.6225687590943608,0.8974232847204453,0.005493633158953499,8.0
2026-02-28 02:30:00,-0.02512328,0.2937591458911604,0.7299999836832285,8.929999800398946,0.01833095722501653,0.6042378018693443,0.6225687590943608,0.8912046254437904,0.005493633158953499,8.0
2026-02-28 02:40:00,-0.02512328,0.28528232790838354,0.7299999836832285,8.929999800398946,0.01833095722501653,0.6042378018693443,0.6225687590943608,0.8827278074610134,0.005493633158953499,8.0
2026-02-28 02:50:00,-0.02512328,0.2745644156435927,0.7299999836832285,8.929999800398946,0.01833095722501653,0.6042378018693443,0.6225687590943608,0.8720098951962226,0.005493633158953499,8.0
2026-02-28 03:00:00,-0.02512328,0.2616402401344001,0.7499999832361937,8.469999810680747,0.017623261970377762,0.5809102571150135,0.5985335190853913,0.8350504796780606,0.005493633158953499,8.0
2026-02-28 03:10:00,-0.02512328,0.2465630761161394,0.7499999832361937,8.469999810680747,0.017623261970377762,0.5809102571150135,0.5985335190853913,0.8199733156597998,0.005493633158953499,8.0
2026-02-28 03:20:00,-0.02512328,0.22940487965900816,0.7499999832361937,8.469999810680747,0.017623261970377762,0.5809102571150135,0.5985335190853913,0.8028151192026686,0.005493633158953499,8.0
2026-02-28 03:30:00,-0.02512328,0.21025602036681224,0.7499999832361937,8.469999810680747,0.017623261970377762,0.5809102571150135,0.5985335190853913,0.7836662599104727,0.005493633158953499,8.0
2026-02-28 03:40:00,-0.02512328,0.18922448942167733,0.7499999832361937,8.469999810680747,0.017623261970377762,0.5809102571150135,0.5985335190853913,0.7626347289653378,0.005493633158953499,8.0
2026-02-28 03:50:00,-0.02512328,0.16643461457993128,0.7499999832361937,8.469999810680747,0.017623261970377762,0.5809102571150135,0.5985335190853913,0.7398448541235917,0.005493633158953499,8.0
2026-02-28 04:00:00,-0.02512328,0.1420253604741718,0.7499999832361937,8.469999810680747,0.017623261970377762,0.5809102571150135,0.5985335190853913,0.7154356000178322,0.005493633158953499,8.0
2026-02-28 04:10:00,-0.02512328,0.1161483311410007,0.7499999832361937,8.469999810680747,0.017623261970377762,0.5809102571150135,0.5985335190853913,0.6895585706846612,0.005493633158953499,8.0
2026-02-28 04:20:00,-0.02512328,0.08896561803424657,0.7499999832361937,8.469999810680747,0.017623261970377762,0.5809102571150135,0.5985335190853913,0.6623758575779071,0.005493633158953499,8.0
2026-02-28 04:30:00,-0.02512328,0.06064764696097014,0.7499999832361937,8.469999810680747,0.017623261970377762,0.5809102571150135,0.5985335190853913,0.6340578865046306,0.005493633158953499,8.0
2026-02-28 04:40:00,-0.02512328,0.03137117087092089,0.7499999832361937,8.469999810680747,0.017623261970377762,0.5809102571150135,0.5985335190853913,0.6047814104145813,0.005493633158953499,8.0
2026-02-28 04:50:00,-0.02512328,0.001317532499376151,0.7499999832361937,8.469999810680747,0.017623261970377762,0.5809102571150135,0.5985335190853913,0.5747277720430366,0.005493633158953499,8.0
2026-02-28 05:00:00,-0.02512328,-0.02932871590370052,0.7499999832361937,8.469999810680747,0.017623261970377762,0.5809102571150135,0.5985335190853913,0.5440815236399599,0.005493633158953499,8.0
2026-02-28 05:10:00,-0.02512328,-0.06038079479137966,0.7499999832361937,8.469999810680747,0.017623261970377762,0.5809102571150135,0.5985335190853913,0.5130294447522807,0.005493633158953499,8.0
2026-02-28 05:20:00,-0.02512328,-0.09165029151168501,0.7499999832361937,8.469999810680747,0.017623261970377762,0.5809102571150135,0.5985335190853913,0.4817599480319754,0.005493633158953499,8.0
2026-02-28 05:30:00,-0.02512328,-0.12294742583239927,0.7499999832361937,8.469999810680747,0.017623261970377762,0.5809102571150135,0.5985335190853913,0.4504628137112612,0.005493633158953499,8.0
2026-02-28 05:40:00,-0.02512328,-0.15408108895473227,0.7499999832361937,8.469999810680747,0.017623261970377762,0.5809102571150135,0.5985335190853913,0.41932915058892817,0.005493633158953499,8.0
2026-02-28 05:50:00,-0.02512328,-0.18485878872162448,0.7499999832361937,8.469999810680747,0.017623261970377762,0.5809102571150135,0.5985335190853913,0.38855145082203596,0.005493633158953499,8.0
2026-02-28 06:00:00,-0.02512328,-0.21508664914771974,0.7399999834597111,6.34999985806644,0.013123867595280685,0.432598080419642,0.44572194801492265,0.20551201932547203,0.005493633158953499,8.0
2026-02-28 06:10:00,-0.02512328,-0.24456961032095262,0.7399999834597111,6.34999985806644,0.013123867595280685,0.432598080419642,0.44572194801492265,0.17602905815223918,0.005493633158953499,8.0
2026-02-28 06:20:00,-0.02512328,-0.2731119554576737,0.7399999834597111,6.34999985806644,0.013123867595280685,0.432598080419642,0.44572194801492265,0.14748671301551808,0.005493633158953499,8.0
2026-02-28 06:30:00,-0.02512328,-0.3005182574068645,0.7399999834597111,6.34999985806644,0.013123867595280685,0.432598080419642,0.44572194801492265,0.12008041106632728,0.005493633158953499,8.0
2026-02-28 06:40:00,-0.02512328,-0.32659479075072817,0.7399999834597111,6.34999985806644,0.013123867595280685,0.432598080419642,0.44572194801492265,0.0940038777224636,0.005493633158953499,8.0
2026-02-28 06:50:00,-0.02512328,-0.3511514031527427,0.7399999834597111,6.34999985806644,0.013123867595280685,0.432598080419642,0.44572194801492265,0.06944726532044909,0.005493633158953499,8.0
2026-02-28 07:00:00,-0.02512328,-0.3740037861822296,0.7399999834597111,6.34999985806644,0.013123867595280685,0.432598080419642,0.44572194801492265,0.04659488229096215,0.005493633158953499,8.0
2026-02-28 07:10:00,-0.02512328,-0.3949760377875656,0.7399999834597111,6.34999985806644,0.013123867595280685,0.432598080419642,0.44572194801492265,0.025622630685626147,0.005493633158953499,8.0
2026-02-28 07:20:00,-0.02512328,-0.41390337088244894,0.7399999834597111,6.34999985806644,0.013123867595280685,0.432598080419642,0.44572194801492265,0.0066952975907428325,0.005493633158953499,8.0
2026-02-28 07:30:00,-0.02512328,-0.430634799654558,0.7399999834597111,6.34999985806644,0.013123867595280685,0.432598080419642,0.44572194801492265,-0.010036131181366204,0.005493633158953499,8.0
2026-02-28 07:40:00,-0.02512328,-0.4450356296030112,0.7399999834597111,6.34999985806644,0.013123867595280685,0.432598080419642,0.44572194801492265,-0.024436961129819412,0.005493633158953499,8.0
2026-02-28 07:50:00,-0.02512328,-0.456989589766567,0.7399999834597111,6.34999985806644,0.013123867595280685,0.432598080419642,0.44572194801492265,-0.036390921293375234,0.005493633158953499,8.0
2026-02-28 08:00:00,-0.02512328,-0.4664004747851861,0.7399999834597111,6.34999985806644,0.013123867595280685,0.432598080419642,0.44572194801492265,-0.04580180631199432,0.005493633158953499,8.0
2026-02-28 08:10:00,-0.02512328,-0.473193207208138,0.7399999834597111,6.34999985806644,0.013123867595280685,0.432598080419642,0.44572194801492265,-0.05259453873494624,0.005493633158953499,8.0
2026-02-28 08:20:00,-0.02512328,-0.47731428220075084,0.7399999834597111,6.34999985806644,0.013123867595280685,0.432598080419642,0.44572194801492265,-0.05671561372755901,0.005493633158953499,8.0
2026-02-28 08:30:00,-0.02512328,-0.47873161192867186,0.7399999834597111,6.34999985806644,0.013123867595280685,0.432598080419642,0.44572194801492265,-0.05813294345548009,0.005493633158953499,8.0
2026-02-28 08:40:00,-0.02512328,-0.4774338393441256,0.7399999834597111,6.34999985806644,0.013123867595280685,0.432598080419642,0.44572194801492265,-0.05683517087093376,0.005493633158953499,8.0
2026-02-28 08:50:00,-0.02512328,-0.4734292353790206,0.7399999834597111,6.34999985806644,0.013123867595280685,0.432598080419642,0.44572194801492265,-0.052830566905828824,0.005493633158953499,8.0
2026-02-28 09:00:00,-0.02512328,-0.46674432468790933,0.7299999836832285,6.269999859854579,0.012870672094160542,0.4242520736529438,0.43712274574710436,-0.05474485848253585,0.005493633158953499,8.0
2026-02-28 09:10:00,-0.02512328,-0.45742240004637535,0.7299999836832285,6.269999859854579,0.012870672094160542,0.4242520736529438,0.43712274574710436,-0.04542293384100188,0.005493633158953499,8.0
2026-02-28 09:20:00,-0.02512328,-0.44552208267451554,0.7299999836832285,6.269999859854579,0.012870672094160542,0.4242520736529438,0.43712274574710436,-0.033522616469142064,0.005493633158953499,8.0
2026-02-28 09:30:00,-0.02512328,-0.43111606564895233,0.7299999836832285,6.269999859854579,0.012870672094160542,0.4242520736529438,0.43712274574710436,-0.019116599443578852,0.005493633158953499,8.0
2026-02-28 09:40:00,-0.02512328,-0.41429014274780235,0.7299999836832285,6.269999859854579,0.012870672094160542,0.4242520736529438,0.43712274574710436,-0.002290676542428871,0.005493633158953499,8.0
2026-02-28 09:50:00,-0.02512328,-0.3951425793285332,0.7299999836832285,6.269999859854579,0.012870672094160542,0.4242520736529438,0.43712274574710436,0.016856886876840282,0.005493633158953499,8.0
2026-02-28 10:00:00,-0.02512328,-0.3737838307841,0.7299999836832285,6.269999859854579,0.012870672094160542,0.4242520736529438,0.43712274574710436,0.038215635421273486,0.005493633158953499,8.0
2026-02-28 10:10:00,-0.02512328,-0.3503365630745167,0.7299999836832285,6.269999859854579,0.012870672094160542,0.4242520736529438,0.43712274574710436,0.06166290313085676,0.005493633158953499,8.0
2026-02-28 10:20:00,-0.02512328,-0.32493588515200045,0.7299999836832285,6.269999859854579,0.012870672094160542,0.4242520736529438,0.43712274574710436,0.08706358105337303,0.005493633158953499,8.0
2026-02-28 10:30:00,-0.02512328,-0.29772966914800675,0.7299999836832285,6.269999859854579,0.012870672094160542,0.4242520736529438,0.43712274574710436,0.11426979705736673,0.005493633158953499,8.0
2026-02-28 10:40:00,-0.02512328,-0.26887881539037006,0.7299999836832285,6.269999859854579,0.012870672094160542,0.4242520736529438,0.43712274574710436,0.14312065081500341,0.005493633158953499,8.0
2026-02-28 10:50:00,-0.02512328,-0.2385573172982173,0.7299999836832285,6.269999859854579,0.012870672094160542,0.4242520736529438,0.43712274574710436,0.1734421489071562,0.005493633158953499,8.0
2026-02-28 11:00:00,-0.02512328,-0.20695199628079256,0.7299999836832285,6.269999859854579,0.012870672094160542,0.4242520736529438,0.43712274574710436,0.20504746992458092,0.005493633158953499,8.0
2026-02-28 11:10:00,-0.02512328,-0.17426180732997032,0.7299999836832285,6.269999859854579,0.012870672094160542,0.4242520736529438,0.43712274574710436,0.23773765887540316,0.005493633158953499,8.0
2026-02-28 11:20:00,-0.02512328,-0.14069665819511043,0.7299999836832285,6.269999859854579,0.012870672094160542,0.4242520736529438,0.43712274574710436,0.2713028080102631,0.005493633158953499,8.0
2026-02-28 11:30:00,-0.02512328,-0.10647573462791131,0.7299999836832285,6.269999859854579,0.012870672094160542,0.4242520736529438,0.43712274574710436,0.30552373157746215,0.005493633158953499,8.0
2026-02-28 11:40:00,-0.02512328,-0.07182537483369628,0.7299999836832285,6.269999859854579,0.012870672094160542,0.4242520736529438,0.43712274574710436,0.3401740913716772,0.005493633158953499,8.0
2026-02-28 11:50:00,-0.02512328,-0.03697658318305461,0.7299999836832285,6.269999859854579,0.012870672094160542,0.4242520736529438,0.43712274574710436,0.3750228830223189,0.005493633158953499,8.0
2026-02-28 12:00:00,-0.02512328,-0.002162310169319052,0.7199999839067459,6.229999860748649,0.012700667601134167,0.4186482669388034,0.43134893453993756,0.4040633448288876,0.005493633158953499,8.0
2026-02-28 12:10:00,-0.02512328,0.03238535060490158,0.7199999839067459,6.229999860748649,0.012700667601134167,0.4186482669388034,0.43134893453993756,0.4386110056031083,0.005493633158953499,8.0
2026-02-28 12:20:00,-0.02512328,0.06643789036776526,0.7199999839067459,6.229999860748649,0.012700667601134167,0.4186482669388034,0.43134893453993756,0.47266354536597194,0.005493633158953499,8.0
2026-02-28 12:30:00,-0.02512328,0.09977288949299076,0.7199999839067459,6.229999860748649,0.012700667601134167,0.4186482669388034,0.43134893453993756,0.5059985444911974,0.005493633158953499,8.0
2026-02-28 12:40:00,-0.02512328,0.13217617493210618,0.7199999839067459,6.229999860748649,0.012700667601134167,0.4186482669388034,0.43134893453993756,0.5384018299303128,0.005493633158953499,8.0
2026-02-28 12:50:00,-0.02512328,0.16344354568659097,0.7199999839067459,6.229999860748649,0.012700667601134167,0.4186482669388034,0.43134893453993756,0.5696692006847976,0.005493633158953499,8.0
2026-02-28 13:00:00,-0.02512328,0.1933820277270016,0.7199999839067459,6.229999860748649,0.012700667601134167,0.4186482669388034,0.43134893453993756,0.5996076827252083,0.005493633158953499,8.0
2026-02-28 13:10:00,-0.02512328,0.22181066956971432,0.7199999839067459,6.229999860748649,0.012700667601134167,0.4186482669388034,0.43134893453993756,0.628036324567921,0.005493633158953499,8.0
2026-02-28 13:20:00,-0.02512328,0.2485609367268021,0.7199999839067459,6.229999860748649,0.012700667601134167,0.4186482669388034,0.43134893453993756,0.6547865917250087,0.005493633158953499,8.0
2026-02-28 13:30:00,-0.02512328,0.2734768026398972,0.7199999839067459,6.229999860748649,0.012700667601134167,0.4186482669388034,0.43134893453993756,0.6797024576381039,0.005493633158953499,8.0
2026-02-28 13:40:00,-0.02512328,0.2964146605720032,0.7199999839067459,6.229999860748649,0.012700667601134167,0.4186482669388034,0.43134893453993756,0.7026403155702099,0.005493633158953499,8.0
2026-02-28 13:50:00,-0.02512328,0.31724319264972645,0.7199999839067459,6.229999860748649,0.012700667601134167,0.4186482669388034,0.43134893453993756,0.7234688476479332,0.005493633158953499,8.0
2026-02-28 14:00:00,-0.02512328,0.33584332732924965,0.7199999839067459,6.229999860748649,0.012700667601134167,0.4186482669388034,0.43134893453993756,0.7420689823274563,0.005493633158953499,8.0
2026-02-28 14:10:00,-0.02512328,0.3521083957697887,0.7199999839067459,6.229999860748649,0.012700667601134167,0.4186482669388034,0.43134893453993756,0.7583340507679954,0.005493633158953499,8.0
2026-02-28 14:20:00,-0.02512328,0.36594456337539655,0.7199999839067459,6.229999860748649,0.012700667601134167,0.4186482669388034,0.43134893453993756,0.7721702183736032,0.005493633158953499,8.0
2026-02-28 14:30:00,-0.02512328,0.37727156914682675,0.7199999839067459,6.229999860748649,0.012700667601134167,0.4186482669388034,0.43134893453993756,0.7834972241450334,0.005493633158953499,8.0
2026-02-28 14:40:00,-0.02512328,0.38602375748483325,0.7199999839067459,6.229999860748649,0.012700667601134167,0.4186482669388034,0.43134893453993756,0.7922494124830399,0.005493633158953499,8.0
2026-02-28 14:50:00,-0.02512328,0.39215134044613065,0.7199999839067459,6.229999860748649,0.012700667601134167,0.4186482669388034,0.43134893453993756,0.7983769954443374,0.005493633158953499,8.0
2026-02-28 15:00:00,-0.02512328,0.395621788384347,0.7199999839067459,6.229999860748649,0.012700667601134167,0.4186482669388034,0.43134893453993756,0.8018474433825536,0.005493633158953499,8.0
2026-02-28 15:10:00,-0.02512328,0.39642121840150224,0.7199999839067459,6.229999860748649,0.012700667601134167,0.4186482669388034,0.43134893453993756,0.802646873399709,0.005493633158953499,8.0
2026-02-28 15:20:00,-0.02512328,0.3945556361641301,0.7199999839067459,6.229999860748649,0.012700667601134167,0.4186482669388034,0.43134893453993756,0.8007812911623368,0.005493633158953499,8.0
2026-02-28 15:30:00,-0.02512328,0.39005188936766266,0.7199999839067459,6.229999860748649,0.012700667601134167,0.4186482669388034,0.43134893453993756,0.7962775443658694,0.005493633158953499,8.0
2026-02-28 15:40:00,-0.02512328,0.3829582101609546,0.7199999839067459,6.229999860748649,0.012700667601134167,0.4186482669388034,0.43134893453993756,0.7891838651591613,0.005493633158953499,8.0
2026-02-28 15:50:00,-0.02512328,0.3733442570493544,0.7199999839067459,6.229999860748649,0.012700667601134167,0.4186482669388034,0.43134893453993756,0.7795699120475611,0.005493633158953499,8.0
2026-02-28 16:00:00,-0.02512328,0.3613006108176201,0.7199999839067459,6.229999860748649,0.012700667601134167,0.4186482669388034,0.43134893453993756,0.7675262658158268,0.005493633158953499,8.0
2026-02-28 16:10:00,-0.02512328,0.3469377283747595,0.7199999839067459,6.229999860748649,0.012700667601134167,0.4186482669388034,0.43134893453993756,0.7531633833729662,0.005493633158953499,8.0
2026-02-28 16:20:00,-0.02512328,0.33038440833632193,0.7199999839067459,6.229999860748649,0.012700667601134167,0.4186482669388034,0.43134893453993756,0.7366100633345286,0.005493633158953499,8.0
2026-02-28 16:30:00,-0.02512328,0.3117858660890629,0.7199999839067459,6.229999860748649,0.012700667601134167,0.4186482669388034,0.43134893453993756,0.7180115210872695,0.005493633158953499,8.0
2026-02-28 16:40:00,-0.02512328,0.2913015499884524,0.7199999839067459,6.229999860748649,0.012700667601134167,0.4186482669388034,0.43134893453993756,0.6975272049866591,0.005493633158953499,8.0
2026-02-28 16:50:00,-0.02512328,0.2691028494858089,0.7199999839067459,6.229999860748649,0.012700667601134167,0.4186482669388034,0.43134893453993756,0.6753285044840156,0.005493633158953499,8.0
2026-02-28 17:00:00,-0.02512328,0.2453708488866392,0.7199999839067459,6.229999860748649,0.012700667601134167,0.4186482669388034,0.43134893453993756,0.6515965038848459,0.005493633158953499,8.0
2026-02-28 17:10:00,-0.02512328,0.22029426624506443,0.7199999839067459,6.229999860748649,0.012700667601134167,0.4186482669388034,0.43134893453993756,0.626519921243271,0.005493633158953499,8.0
2026-02-28 17:20:00,-0.02512328,0.19406768737152325,0.7199999839067459,6.229999860748649,0.012700667601134167,0.4186482669388034,0.43134893453993756,0.6002933423697299,0.005493633158953499,8.0
2026-02-28 17:30:00,-0.02512328,0.16689016357494146,0.7199999839067459,6.229999860748649,0.012700667601134167,0.4186482669388034,0.43134893453993756,0.5731158185731482,0.005493633158953499,8.0
2026-02-28 17:40:00,-0.02512328,0.13896419265512164,0.7199999839067459,6.229999860748649,0.012700667601134167,0.4186482669388034,0.43134893453993756,0.5451898476533283,0.005493633158953499,8.0
2026-02-28 17:50:00,-0.02512328,0.110495052315074,0.7199999839067459,6.229999860748649,0.012700667601134167,0.4186482669388034,0.43134893453993756,0.5167207073132807,0.005493633158953499,8.0
2026-02-28 18:00:00,-0.02512328,0.08169040823051756,0.7299999836832285,6.289999859407544,0.012911726869580514,0.4256053498049469,0.43851707667452744,0.4950842053633141,0.005493633158953499,8.0
2026-02-28 18:10:00,-0.02512328,0.05276008193101312,0.7299999836832285,6.289999859407544,0.012911726869580514,0.4256053498049469,0.43851707667452744,0.4661538790638097,0.005493633158953499,8.0
2026-02-28 18:20:00,-0.02512328,0.02391583992669039,0.7299999836832285,6.289999859407544,0.012911726869580514,0.4256053498049469,0.43851707667452744,0.43730963705948694,0.005493633158953499,8.0
2026-02-28 18:30:00,-0.02512328,-0.00462894161461884,0.7299999836832285,6.289999859407544,0.012911726869580514,0.4256053498049469,0.43851707667452744,0.4087648555181777,0.005493633158953499,8.0
2026-02-28 18:40:00,-0.02512328,-0.03265987192244326,0.7299999836832285,6.289999859407544,0.012911726869580514,0.4256053498049469,0.43851707667452744,0.3807339252103533,0.005493633158953499,8.0
2026-02-28 18:50:00,-0.02512328,-0.05996250900803867,0.7299999836832285,6.289999859407544,0.012911726869580514,0.4256053498049469,0.43851707667452744,0.3534312881247579,0.005493633158953499,8.0
2026-02-28 19:00:00,-0.02512328,-0.08632375940473042,0.7299999836832285,6.289999859407544,0.012911726869580514,0.4256053498049469,0.43851707667452744,0.32707003772806614,0.005493633158953499,8.0
2026-02-28 19:10:00,-0.02512328,-0.1115337328458129,0.7299999836832285,6.289999859407544,0.012911726869580514,0.4256053498049469,0.43851707667452744,0.30186006428698364,0.005493633158953499,8.0
2026-02-28 19:20:00,-0.02512328,-0.1353880168784935,0.7299999836832285,6.289999859407544,0.012911726869580514,0.4256053498049469,0.43851707667452744,0.27800578025430306,0.005493633158953499,8.0
2026-02-28 19:30:00,-0.02512328,-0.1576902853688995,0.7299999836832285,6.289999859407544,0.012911726869580514,0.4256053498049469,0.43851707667452744,0.25570351176389705,0.005493633158953499,8.0
2026-02-28 19:40:00,-0.02512328,-0.17825511133947186,0.7299999836832285,6.289999859407544,0.012911726869580514,0.4256053498049469,0.43851707667452744,0.2351386857933247,0.005493633158953499,8.0
2026-02-28 19:50:00,-0.02512328,-0.19691082406533084,0.7299999836832285,6.289999859407544,0.012911726869580514,0.4256053498049469,0.43851707667452744,0.21648297306746572,0.005493633158953499,8.0
2026-02-28 20:00:00,-0.02512328,-0.21350223587899483,0.7299999836832285,6.289999859407544,0.012911726869580514,0.4256053498049469,0.43851707667452744,0.19989156125380173,0.005493633158953499,8.0
2026-02-28 20:10:00,-0.02512328,-0.22789306767502424,0.7299999836832285,6.289999859407544,0.012911726869580514,0.4256053498049469,0.43851707667452744,0.1855007294577723,0.005493633158953499,8.0
2026-02-28 20:20:00,-0.02512328,-0.2399679232622982,0.7299999836832285,6.289999859407544,0.012911726869580514,0.4256053498049469,0.43851707667452744,0.17342587387049835,0.005493633158953499,8.0
2026-02-28 20:30:00,-0.02512328,-0.2496336993033409,0.7299999836832285,6.289999859407544,0.012911726869580514,0.4256053498049469,0.43851707667452744,0.16376009782945566,0.005493633158953499,8.0
2026-02-28 20:40:00,-0.02512328,-0.25682036573120526,0.7299999836832285,6.289999859407544,0.012911726869580514,0.4256053498049469,0.43851707667452744,0.1565734314015913,0.005493633158953499,8.0
2026-02-28 20:50:00,-0.02512328,-0.26148110601235897,0.7299999836832285,6.289999859407544,0.012911726869580514,0.4256053498049469,0.43851707667452744,0.1519126911204376,0.005493633158953499,8.0
2026-02-28 21:00:00,-0.02512328,-0.2635918615810339,0.7299999836832285,6.369999857619405,0.013075945971260392,0.43101845441295894,0.4440944003842193,0.15537925926145452,0.005493633158953499,8.0
2026-02-28 21:10:00,-0.02512328,-0.26315037432248745,0.7299999836832285,6.369999857619405,0.013075945971260392,0.43101845441295894,0.4440944003842193,0.155820746520001,0.005493633158953499,8.0
2026-02-28 21:20:00,-0.02512328,-0.26017485974443055,0.7299999836832285,6.369999857619405,0.013075945971260392,0.43101845441295894,0.4440944003842193,0.1587962610980579,0.005493633158953499,8.0
2026-02-28 21:30:00,-0.02512328,-0.25470246745915537,0.7299999836832285,6.369999857619405,0.013075945971260392,0.43101845441295894,0.4440944003842193,0.16426865338333307,0.005493633158953499,8.0
2026-02-28 21:40:00,-0.02512328,-0.24678769225800246,0.7299999836832285,6.369999857619405,0.013075945971260392,0.43101845441295894,0.4440944003842193,0.172183428584486,0.005493633158953499,8.0
2026-02-28 21:50:00,-0.02512328,-0.23650088787799362,0.7299999836832285,6.369999857619405,0.013075945971260392,0.43101845441295894,0.4440944003842193,0.18247023296449483,0.005493633158953499,8.0
2026-02-28 22:00:00,-0.02512328,-0.2239270081335422,0.7299999836832285,6.369999857619405,0.013075945971260392,0.43101845441295894,0.4440944003842193,0.19504411270894625,0.005493633158953499,8.0
2026-02-28 22:10:00,-0.02512328,-0.2091646592980646,0.7299999836832285,6.369999857619405,0.013075945971260392,0.43101845441295894,0.4440944003842193,0.20980646154442384,0.005493633158953499,8.0
2026-02-28 22:20:00,-0.02512328,-0.19232549871690652,0.7299999836832285,6.369999857619405,0.013075945971260392,0.43101845441295894,0.4440944003842193,0.22664562212558192,0.005493633158953499,8.0
2026-02-28 22:30:00,-0.02512328,-0.17353396252048772,0.7299999836832285,6.369999857619405,0.013075945971260392,0.43101845441295894,0.4440944003842193,0.24543715832200072,0.005493633158953499,8.0
2026-02-28 22:40:00,-0.02512328,-0.15292725658960646,0.7299999836832285,6.369999857619405,0.013075945971260392,0.43101845441295894,0.4440944003842193,0.26604386425288196,0.005493633158953499,8.0
2026-02-28 22:50:00,-0.02512328,-0.13065550441808912,0.7299999836832285,6.369999857619405,0.013075945971260392,0.43101845441295894,0.4440944003842193,0.2883156164243993,0.005493633158953499,8.0
2026-02-28 23:00:00,-0.02512328,-0.1068819183049262,0.7299999836832285,6.369999857619405,0.013075945971260392,0.43101845441295894,0.4440944003842193,0.3120892025375622,0.005493633158953499,8.0
2026-02-28 23:10:00,-0.02512328,-0.08178284895986263,0.7299999836832285,6.369999857619405,0.013075945971260392,0.43101845441295894,0.4440944003842193,0.3371882718826258,0.005493633158953499,8.0
2026-02-28 23:20:00,-0.02512328,-0.05554757464310962,0.7299999836832285,6.369999857619405,0.013075945971260392,0.43101845441295894,0.4440944003842193,0.36342354619937883,0.005493633158953499,8.0
2026-02-28 23:30:00,-0.02512328,-0.02837771345819199,0.7299999836832285,6.369999857619405,0.013075945971260392,0.43101845441295894,0.4440944003842193,0.39059340738429643,0.005493633158953499,8.0
2026-02-28 23:40:00,-0.02512328,-0.00048617871438721066,0.7299999836832285,6.369999857619405,0.013075945971260392,0.43101845441295894,0.4440944003842193,0.4184849421281012,0.005493633158953499,8.0
2026-02-28 23:50:00,-0.02512328,0.027904356443176372,0.7299999836832285,6.369999857619405,0.013075945971260392,0.43101845441295894,0.4440944003842193,0.4468754772856648,0.005493633158953499,8.0
2026-03-01 00:00:00,-0.020280642,0.056563468537922226,0.7399999834597111,6.469999855384231,0.013371877691569452,0.4407731622543439,0.4541450399459133,0.4904278660488809,0.005493633158953499,8.0
2026-03-01 00:10:00,-0.020280642,0.08525540121191894,0.7399999834597111,6.469999855384231,0.013371877691569452,0.4407731622543439,0.4541450399459133,0.5191197987228776,0.005493633158953499,8.0
2026-03-01 00:20:00,-0.020280642,0.11374178201179685,0.7399999834597111,6.469999855384231,0.013371877691569452,0.4407731622543439,0.4541450399459133,0.5476061795227556,0.005493633158953499,8.0
2026-03-01 00:30:00,-0.020280642,0.1417844987518967,0.7399999834597111,6.469999855384231,0.013371877691569452,0.4407731622543439,0.4541450399459133,0.5756488962628554,0.005493633158953499,8.0
2026-03-01 00:40:00,-0.020280642,0.16914857974997274,0.7399999834597111,6.469999855384231,0.013371877691569452,0.4407731622543439,0.4541450399459133,0.6030129772609314,0.005493633158953499,8.0
2026-03-01 00:50:00,-0.020280642,0.19560492290144837,0.7399999834597111,6.469999855384231,0.013371877691569452,0.4407731622543439,0.4541450399459133,0.6294693204124071,0.005493633158953499,8.0
2026-03-01 01:00:00,-0.020280642,0.22093273581535747,0.7399999834597111,6.469999855384231,0.013371877691569452,0.4407731622543439,0.4541450399459133,0.6547971333263162,0.005493633158953499,8.0
2026-03-01 01:10:00,-0.020280642,0.2449215811252289,0.7399999834597111,6.469999855384231,0.013371877691569452,0.4407731622543439,0.4541450399459133,0.6787859786361876,0.005493633158953499,8.0
2026-03-01 01:20:00,-0.020280642,0.26737296359176094,0.7399999834597111,6.469999855384231,0.013371877691569452,0.4407731622543439,0.4541450399459133,0.7012373611027196,0.005493633158953499,8.0
2026-03-01 01:30:00,-0.020280642,0.28810144434979534,0.7399999834597111,6.469999855384231,0.013371877691569452,0.4407731622543439,0.4541450399459133,0.721965841860754,0.005493633158953499,8.0
2026-03-01 01:40:00,-0.020280642,0.3069353164992944,0.7399999834597111,6.469999855384231,0.013371877691569452,0.4407731622543439,0.4541450399459133,0.7407997140102531,0.005493633158953499,8.0
2026-03-01 01:50:00,-0.020280642,0.32371692012464154,0.7399999834597111,6.469999855384231,0.013371877691569452,0.4407731622543439,0.4541450399459133,0.7575813176356002,0.005493633158953499,8.0
2026-03-01 02:00:00,-0.020280642,0.3383027084064733,0.7399999834597111,6.469999855384231,0.013371877691569452,0.4407731622543439,0.4541450399459133,0.772167105917432,0.005493633158953499,8.0
2026-03-01 02:10:00,-0.020280642,0.3505631962211755,0.7399999834597111,6.469999855384231,0.013371877691569452,0.4407731622543439,0.4541450399459133,0.7844275937321341,0.005493633158953499,8.0
2026-03-01 02:20:00,-0.020280642,0.36038292616848316,0.7399999834597111,6.469999855384231,0.013371877691569452,0.4407731622543439,0.4541450399459133,0.7942473236794418,0.005493633158953499,8.0
2026-03-01 02:30:00,-0.020280642,0.36766057407918723,0.7399999834597111,6.469999855384231,0.013371877691569452,0.4407731622543439,0.4541450399459133,0.8015249715901459,0.005493633158953499,8.0
2026-03-01 02:40:00,-0.020280642,0.3723092882304177,0.7399999834597111,6.469999855384231,0.013371877691569452,0.4407731622543439,0.4541450399459133,0.8061736857413764,0.005493633158953499,8.0
2026-03-01 02:50:00,-0.020280642,0.3742573170479205,0.7399999834597111,6.469999855384231,0.013371877691569452,0.4407731622543439,0.4541450399459133,0.8081217145588792,0.005493633158953499,8.0
2026-03-01 03:00:00,-0.020280642,0.37344893352328506,0.7399999834597111,6.569999853149056,0.013578552771810094,0.4475857304499288,0.46116428322173886,0.8143325743100693,0.005493633158953499,8.0
2026-03-01 03:10:00,-0.020280642,0.3698456164557469,0.7399999834597111,6.569999853149056,0.013578552771810094,0.4475857304499288,0.46116428322173886,0.8107292572425311,0.005493633158953499,8.0
2026-03-01 03:20:00,-0.020280642,0.36342740438791815,0.7399999834597111,6.569999853149056,0.013578552771810094,0.4475857304499288,0.46116428322173886,0.8043110451747024,0.005493633158953499,8.0
2026-03-01 03:30:00,-0.020280642,0.3541943030884917,0.7399999834597111,6.569999853149056,0.013578552771810094,0.4475857304499288,0.46116428322173886,0.795077943875276,0.005493633158953499,8.0
2026-03-01 03:40:00,-0.020280642,0.34216760559413556,0.7399999834597111,6.569999853149056,0.013578552771810094,0.4475857304499288,0.46116428322173886,0.7830512463809198,0.005493633158953499,8.0
2026-03-01 03:50:00,-0.020280642,0.32739097794054745,0.7399999834597111,6.569999853149056,0.013578552771810094,0.4475857304499288,0.46116428322173886,0.7682746187273317,0.005493633158953499,8.0
2026-03-01 04:00:00,-0.020280642,0.30993117451794056,0.7399999834597111,6.569999853149056,0.013578552771810094,0.4475857304499288,0.46116428322173886,0.7508148153047247,0.005493633158953499,8.0
2026-03-01 04:10:00,-0.020280642,0.28987827336215277,0.7399999834597111,6.569999853149056,0.013578552771810094,0.4475857304499288,0.46116428322173886,0.730761914148937,0.005493633158953499,8.0
2026-03-01 04:20:00,-0.020280642,0.267345360970818,0.7399999834597111,6.569999853149056,0.013578552771810094,0.4475857304499288,0.46116428322173886,0.7082290017576023,0.005493633158953499,8.0
2026-03-01 04:30:00,-0.020280642,0.2424676436841979,0.7399999834597111,6.569999853149056,0.013578552771810094,0.4475857304499288,0.46116428322173886,0.6833512844709821,0.005493633158953499,8.0
2026-03-01 04:40:00,-0.020280642,0.21540101355665575,0.7399999834597111,6.569999853149056,0.013578552771810094,0.4475857304499288,0.46116428322173886,0.65628465434344,0.005493633158953499,8.0
2026-03-01 04:50:00,-0.020280642,0.18632014464240387,0.7399999834597111,6.569999853149056,0.013578552771810094,0.4475857304499288,0.46116428322173886,0.6272037854291881,0.005493633158953499,8.0
2026-03-01 05:00:00,-0.020280642,0.15541623588785683,0.7399999834597111,6.569999853149056,0.013578552771810094,0.4475857304499288,0.46116428322173886,0.596299876674641,0.005493633158953499,8.0
2026-03-01 05:10:00,-0.020280642,0.1228945444510229,0.7399999834597111,6.569999853149056,0.013578552771810094,0.4475857304499288,0.46116428322173886,0.5637781852378071,0.005493633158953499,8.0
2026-03-01 05:20:00,-0.020280642,0.08897186532859562,0.7399999834597111,6.569999853149056,0.013578552771810094,0.4475857304499288,0.46116428322173886,0.5298555061153798,0.005493633158953499,8.0
2026-03-01 05:30:00,-0.020280642,0.05387410826581006,0.7399999834597111,6.569999853149056,0.013578552771810094,0.4475857304499288,0.46116428322173886,0.4947577490525943,0.005493633158953499,8.0
2026-03-01 05:40:00,-0.020280642,0.01783410149805138,0.7399999834597111,6.569999853149056,0.013578552771810094,0.4475857304499288,0.46116428322173886,0.4587177422848356,0.005493633158953499,8.0
2026-03-01 05:50:00,-0.020280642,-0.01891028334967813,0.7399999834597111,6.569999853149056,0.013578552771810094,0.4475857304499288,0.46116428322173886,0.42197335743710607,0.005493633158953499,8.0
2026-03-01 06:00:00,-0.020280642,-0.05611763641125592,0.7499999832361937,6.619999852031469,0.013774025294439291,0.4540290321253117,0.467803057419751,0.3914047785735404,0.005493633158953499,8.0
2026-03-01 06:10:00,-0.020280642,-0.0935441459104168,0.7499999832361937,6.619999852031469,0.013774025294439291,0.4540290321253117,0.467803057419751,0.3539782690743795,0.005493633158953499,8.0
2026-03-01 06:20:00,-0.020280642,-0.13094441624889375,0.7499999832361937,6.619999852031469,0.013774025294439291,0.4540290321253117,0.467803057419751,0.3165779987359026,0.005493633158953499,8.0
2026-03-01 06:30:00,-0.020280642,-0.16807206094222626,0.7499999832361937,6.619999852031469,0.013774025294439291,0.4540290321253117,0.467803057419751,0.27945035404257007,0.005493633158953499,8.0
2026-03-01 06:40:00,-0.020280642,-0.20468019476246993,0.7499999832361937,6.619999852031469,0.013774025294439291,0.4540290321253117,0.467803057419751,0.2428422202223264,0.005493633158953499,8.0
2026-03-01 06:50:00,-0.020280642,-0.24052196539005105,0.7499999832361937,6.619999852031469,0.013774025294439291,0.4540290321253117,0.467803057419751,0.20700044959474528,0.005493633158953499,8.0
2026-03-01 07:00:00,-0.020280642,-0.2753512637695664,0.7499999832361937,6.619999852031469,0.013774025294439291,0.4540290321253117,0.467803057419751,0.1721711512152299,0.005493633158953499,8.0
2026-03-01 07:10:00,-0.020280642,-0.3089237341423956,0.7499999832361937,6.619999852031469,0.013774025294439291,0.4540290321253117,0.467803057419751,0.13859868084240073,0.005493633158953499,8.0
2026-03-01 07:20:00,-0.020280642,-0.3409981711093149,0.7499999832361937,6.619999852031469,0.013774025294439291,0.4540290321253117,0.467803057419751,0.10652424387548143,0.005493633158953499,8.0
2026-03-01 07:30:00,-0.020280642,-0.3713383460803645,0.7499999832361937,6.619999852031469,0.013774025294439291,0.4540290321253117,0.467803057419751,0.07618406890443186,0.005493633158953499,8.0
2026-03-01 07:40:00,-0.020280642,-0.3997152535230641,0.7499999832361937,6.619999852031469,0.013774025294439291,0.4540290321253117,0.467803057419751,0.04780716146173225,0.005493633158953499,8.0
2026-03-01 07:50:00,-0.020280642,-0.42590971489037904,0.7499999832361937,6.619999852031469,0.013774025294439291,0.4540290321253117,0.467803057419751,0.021612700094417292,0.005493633158953499,8.0
2026-03-01 08:00:00,-0.020280642,-0.44971523028506194,0.7499999832361937,6.619999852031469,0.013774025294439291,0.4540290321253117,0.467803057419751,-0.002192815300265605,0.005493633158953499,8.0
2026-03-01 08:10:00,-0.020280642,-0.47094093068119414,0.7499999832361937,6.619999852031469,0.013774025294439291,0.4540290321253117,0.467803057419751,-0.0234185156963978,0.005493633158953499,8.0
2026-03-01 08:20:00,-0.020280642,-0.4894144607516015,0.7499999832361937,6.619999852031469,0.013774025294439291,0.4540290321253117,0.467803057419751,-0.04189204576680522,0.005493633158953499,8.0
2026-03-01 08:30:00,-0.020280642,-0.5049846169284316,0.7499999832361937,6.619999852031469,0.013774025294439291,0.4540290321253117,0.467803057419751,-0.057462201943635216,0.005493633158953499,8.0
2026-03-01 08:40:00,-0.020280642,-0.5175235779349087,0.7499999832361937,6.619999852031469,0.013774025294439291,0.4540290321253117,0.467803057419751,-0.07000116295011233,0.005493633158953499,8.0
2026-03-01 08:50:00,-0.020280642,-0.5269285944214062,0.7499999832361937,6.619999852031469,0.013774025294439291,0.4540290321253117,0.467803057419751,-0.07940617943660983,0.005493633158953499,8.0
2026-03-01 09:00:00,-0.020280642,-0.5331230475205547,0.7499999832361937,17.649999605491757,0.03672379855692651,1.2105154708476966,1.247239269404623,0.6938355794491137,0.005493633158953499,8.0
2026-03-01 09:10:00,-0.020280642,-0.5360568384269603,0.7499999832361937,17.649999605491757,0.03672379855692651,1.2105154708476966,1.247239269404623,0.6909017885427081,0.005493633158953499,8.0
2026-03-01 09:20:00,-0.020280642,-0.5357061269759756,0.7499999832361937,17.649999605491757,0.03672379855692651,1.2105154708476966,1.247239269404623,0.6912524999936928,0.005493633158953499,8.0
2026-03-01 09:30:00,-0.020280642,-0.5320724906297436,0.7499999832361937,17.649999605491757,0.03672379855692651,1.2105154708476966,1.247239269404623,0.6948861363399248,0.005493633158953499,8.0
2026-03-01 09:40:00,-0.020280642,-0.5251816205549441,0.7499999832361937,17.649999605491757,0.03672379855692651,1.2105154708476966,1.247239269404623,0.7017770064147243,0.005493633158953499,8.0
2026-03-01 09:50:00,-0.020280642,-0.5150817038331928,0.7499999832361937,17.649999605491757,0.03672379855692651,1.2105154708476966,1.247239269404623,0.7118769231364755,0.005493633158953499,8.0
2026-03-01 10:00:00,-0.020280642,-0.5018416568901851,0.7499999832361937,17.649999605491757,0.03672379855692651,1.2105154708476966,1.247239269404623,0.7251169700794833,0.005493633158953499,8.0
2026-03-01 10:10:00,-0.020280642,-0.48554937338822257,0.7499999832361937,17.649999605491757,0.03672379855692651,1.2105154708476966,1.247239269404623,0.7414092535814458,0.005493633158953499,8.0
2026-03-01 10:20:00,-0.020280642,-0.46631013060188237,0.7499999832361937,17.649999605491757,0.03672379855692651,1.2105154708476966,1.247239269404623,0.760648496367786,0.005493633158953499,8.0
2026-03-01 10:30:00,-0.020280642,-0.44424526388790464,0.7499999832361937,17.649999605491757,0.03672379855692651,1.2105154708476966,1.247239269404623,0.7827133630817638,0.005493633158953499,8.0
2026-03-01 10:40:00,-0.020280642,-0.419491173428878,0.7499999832361937,17.649999605491757,0.03672379855692651,1.2105154708476966,1.247239269404623,0.8074674535407904,0.005493633158953499,8.0
2026-03-01 10:50:00,-0.020280642,-0.3921986760164323,0.7499999832361937,17.649999605491757,0.03672379855692651,1.2105154708476966,1.247239269404623,0.8347599509532361,0.005493633158953499,8.0
2026-03-01 11:00:00,-0.020280642,-0.3625326632032673,0.7499999832361937,17.649999605491757,0.03672379855692651,1.2105154708476966,1.247239269404623,0.8644259637664011,0.005493633158953499,8.0
2026-03-01 11:10:00,-0.020280642,-0.3306719813326427,0.7499999832361937,17.649999605491757,0.03672379855692651,1.2105154708476966,1.247239269404623,0.8962866456370258,0.005493633158953499,8.0
2026-03-01 11:20:00,-0.020280642,-0.29680941401497984,0.7499999832361937,17.649999605491757,0.03672379855692651,1.2105154708476966,1.247239269404623,0.9301492129546886,0.005493633158953499,8.0
2026-03-01 11:30:00,-0.020280642,-0.2611516273112529,0.7499999832361937,17.649999605491757,0.03672379855692651,1.2105154708476966,1.247239269404623,0.9658069996584155,0.005493633158953499,8.0
2026-03-01 11:40:00,-0.020280642,-0.22391893439352448,0.7499999832361937,17.649999605491757,0.03672379855692651,1.2105154708476966,1.247239269404623,1.003039692576144,0.005493633158953499,8.0
2026-03-01 11:50:00,-0.020280642,-0.18534475020187377,0.7499999832361937,17.649999605491757,0.03672379855692651,1.2105154708476966,1.247239269404623,1.0416138767677947,0.005493633158953499,8.0
2026-03-01 12:00:00,-0.020280642,-0.14567463571855874,0.7499999832361937,17.179999615997076,0.03574588437439078,1.1782807812557181,1.2140266656301089,1.0480713874765955,0.005493633158953499,8.0
2026-03-01 12:10:00,-0.020280642,-0.10516487283660544,0.7499999832361937,17.179999615997076,0.03574588437439078,1.1782807812557181,1.2140266656301089,1.0885811503585487,0.005493633158953499,8.0
2026-03-01 12:20:00,-0.020280642,-0.06408055935846395,0.7499999832361937,17.179999615997076,0.03574588437439078,1.1782807812557181,1.2140266656301089,1.1296654638366903,0.005493633158953499,8.0
2026-03-01 12:30:00,-0.020280642,-0.02269326422640249,0.7499999832361937,17.179999615997076,0.03574588437439078,1.1782807812557181,1.2140266656301089,1.1710527589687518,0.005493633158953499,8.0
2026-03-01 12:40:00,-0.020280642,0.01872167041684116,0.7499999832361937,17.179999615997076,0.03574588437439078,1.1782807812557181,1.2140266656301089,1.2124676936119954,0.005493633158953499,8.0
2026-03-01 12:50:00,-0.020280642,0.05988805624517721,0.7499999832361937,17.179999615997076,0.03574588437439078,1.1782807812557181,1.2140266656301089,1.2536340794403313,0.005493633158953499,8.0
2026-03-01 13:00:00,-0.020280642,0.10053186665744739,0.7499999832361937,17.179999615997076,0.03574588437439078,1.1782807812557181,1.2140266656301089,1.2942778898526015,0.005493633158953499,8.0
2026-03-01 13:10:00,-0.020280642,0.1403841693153103,0.7499999832361937,17.179999615997076,0.03574588437439078,1.1782807812557181,1.2140266656301089,1.3341301925104645,0.005493633158953499,8.0
2026-03-01 13:20:00,-0.020280642,0.17918383574225474,0.7499999832361937,17.179999615997076,0.03574588437439078,1.1782807812557181,1.2140266656301089,1.372929858937409,0.005493633158953499,8.0
2026-03-01 13:30:00,-0.020280642,0.21667990492586978,0.7499999832361937,17.179999615997076,0.03574588437439078,1.1782807812557181,1.2140266656301089,1.410425928121024,0.005493633158953499,8.0
2026-03-01 13:40:00,-0.020280642,0.25263351522520155,0.7499999832361937,17.179999615997076,0.03574588437439078,1.1782807812557181,1.2140266656301089,1.4463795384203557,0.005493633158953499,8.0
2026-03-01 13:50:00,-0.020280642,0.28681936487443915,0.7499999832361937,17.179999615997076,0.03574588437439078,1.1782807812557181,1.2140266656301089,1.4805653880695933,0.005493633158953499,8.0
2026-03-01 14:00:00,-0.020280642,0.3190267105773061,0.7499999832361937,17.179999615997076,0.03574588437439078,1.1782807812557181,1.2140266656301089,1.5127727337724604,0.005493633158953499,8.0
2026-03-01 14:10:00,-0.020280642,0.34905996064667955,0.7499999832361937,17.179999615997076,0.03574588437439078,1.1782807812557181,1.2140266656301089,1.5428059838418338,0.005493633158953499,8.0
2026-03-01 14:20:00,-0.020280642,0.37673895832402293,0.7499999832361937,17.179999615997076,0.03574588437439078,1.1782807812557181,1.2140266656301089,1.570484981519177,0.005493633158953499,8.0
2026-03-01 14:30:00,-0.020280642,0.4018990779917758,0.7499999832361937,17.179999615997076,0.03574588437439078,1.1782807812557181,1.2140266656301089,1.5956451011869301,0.005493633158953499,8.0
2026-03-01 14:40:00,-0.020280642,0.42439126885024403,0.7499999832361937,17.179999615997076,0.03574588437439078,1.1782807812557181,1.2140266656301089,1.6181372920453982,0.005493633158953499,8.0
2026-03-01 14:50:00,-0.020280642,0.4440821759428927,0.7499999832361937,17.179999615997076,0.03574588437439078,1.1782807812557181,1.2140266656301089,1.6378281991380468,0.005493633158953499,8.0
2026-03-01 15:00:00,-0.020280642,0.4608544478170559,0.7599999830126762,16.639999628067017,0.03485237458995625,1.1488282883243248,1.183680662914281,1.6242544682963824,0.005493633158953499,8.0
2026-03-01 15:10:00,-0.020280642,0.47460730596099326,0.7599999830126762,16.639999628067017,0.03485237458995625,1.1488282883243248,1.183680662914281,1.6380073264403197,0.005493633158953499,8.0
2026-03-01 15:20:00,-0.020280642,0.48525740745911455,0.7599999830126762,16.639999628067017,0.03485237458995625,1.1488282883243248,1.183680662914281,1.648657427938441,0.005493633158953499,8.0
2026-03-01 15:30:00,-0.020280642,0.4927399841222564,0.7599999830126762,16.639999628067017,0.03485237458995625,1.1488282883243248,1.183680662914281,1.6561400046015828,0.005493633158953499,8.0
2026-03-01 15:40:00,-0.020280642,0.4970101942486298,0.7599999830126762,16.639999628067017,0.03485237458995625,1.1488282883243248,1.183680662914281,1.6604102147279562,0.005493633158953499,8.0
2026-03-01 15:50:00,-0.020280642,0.4980445826731845,0.7599999830126762,16.639999628067017,0.03485237458995625,1.1488282883243248,1.183680662914281,1.661444603152511,0.005493633158953499,8.0
2026-03-01 16:00:00,-0.020280642,0.4958425155771667,0.7599999830126762,16.639999628067017,0.03485237458995625,1.1488282883243248,1.183680662914281,1.659242536056493,0.005493633158953499,8.0
2026-03-01 16:10:00,-0.020280642,0.4904274421401324,0.7599999830126762,16.639999628067017,0.03485237458995625,1.1488282883243248,1.183680662914281,1.653827462619459,0.005493633158953499,8.0
2026-03-01 16:20:00,-0.020280642,0.4818478373338382,0.7599999830126762,16.639999628067017,0.03485237458995625,1.1488282883243248,1.183680662914281,1.6452478578131646,0.005493633158953499,8.0
2026-03-01 16:30:00,-0.020280642,0.4701776988141006,0.7599999830126762,16.639999628067017,0.03485237458995625,1.1488282883243248,1.183680662914281,1.633577719293427,0.005493633158953499,8.0
2026-03-01 16:40:00,-0.020280642,0.4555165041427305,0.7599999830126762,16.639999628067017,0.03485237458995625,1.1488282883243248,1.183680662914281,1.618916524622057,0.005493633158953499,8.0
2026-03-01 16:50:00,-0.020280642,0.4379885786295828,0.7599999830126762,16.639999628067017,0.03485237458995625,1.1488282883243248,1.183680662914281,1.6013885991089092,0.005493633158953499,8.0
2026-03-01 17:00:00,-0.020280642,0.4177418743123839,0.7599999830126762,16.639999628067017,0.03485237458995625,1.1488282883243248,1.183680662914281,1.5811418947917104,0.005493633158953499,8.0
2026-03-01 17:10:00,-0.020280642,0.3949462111336304,0.7599999830126762,16.639999628067017,0.03485237458995625,1.1488282883243248,1.183680662914281,1.5583462316129568,0.005493633158953499,8.0
2026-03-01 17:20:00,-0.020280642,0.3697910768430893,0.7599999830126762,16.639999628067017,0.03485237458995625,1.1488282883243248,1.183680662914281,1.5331910973224159,0.005493633158953499,8.0
2026-03-01 17:30:00,-0.020280642,0.34248311732719766,0.7599999830126762,16.639999628067017,0.03485237458995625,1.1488282883243248,1.183680662914281,1.505883137806524,0.005493633158953499,8.0
2026-03-01 17:40:00,-0.020280642,0.3132434700074511,0.7599999830126762,16.639999628067017,0.03485237458995625,1.1488282883243248,1.183680662914281,1.4766434904867776,0.005493633158953499,8.0
2026-03-01 17:50:00,-0.020280642,0.2823050975087383,0.7599999830126762,16.639999628067017,0.03485237458995625,1.1488282883243248,1.183680662914281,1.4457051179880647,0.005493633158953499,8.0
2026-03-01 18:00:00,-0.020280642,0.24991026621986215,0.7799999825656414,16.06999964080751,0.03409851244036433,1.1239789581671262,1.1580774706074906,1.3877070943923981,0.005493633158953499,8.0
2026-03-01 18:10:00,-0.020280642,0.2163082864498524,0.7799999825656414,16.06999964080751,0.03409851244036433,1.1239789581671262,1.1580774706074906,1.3541051146223884,0.005493633158953499,8.0
2026-03-01 18:20:00,-0.020280642,0.1817535904729564,0.7799999825656414,16.06999964080751,0.03409851244036433,1.1239789581671262,1.1580774706074906,1.3195504186454923,0.005493633158953499,8.0
2026-03-01 18:30:00,-0.020280642,0.14650417687765768,0.7799999825656414,16.06999964080751,0.03409851244036433,1.1239789581671262,1.1580774706074906,1.2843010050501935,0.005493633158953499,8.0
2026-03-01 18:40:00,-0.020280642,0.1108203993275731,0.7799999825656414,16.06999964080751,0.03409851244036433,1.1239789581671262,1.1580774706074906,1.248617227500109,0.005493633158953499,8.0
2026-03-01 18:50:00,-0.020280642,0.07496403142418077,0.7799999825656414,16.06999964080751,0.03409851244036433,1.1239789581671262,1.1580774706074906,1.2127608595967168,0.005493633158953499,8.0
2026-03-01 19:00:00,-0.020280642,0.039197501611957536,0.7799999825656414,16.06999964080751,0.03409851244036433,1.1239789581671262,1.1580774706074906,1.1769943297844934,0.005493633158953499,8.0
2026-03-01 19:10:00,-0.020280642,0.0037831679108727974,0.7799999825656414,16.06999964080751,0.03409851244036433,1.1239789581671262,1.1580774706074906,1.1415799960834088,0.005493633158953499,8.0
2026-03-01 19:20:00,-0.020280642,-0.031017505759973082,0.7799999825656414,16.06999964080751,0.03409851244036433,1.1239789581671262,1.1580774706074906,1.1067793224125628,0.005493633158953499,8.0
2026-03-01 19:30:00,-0.020280642,-0.06494500064766207,0.7799999825656414,16.06999964080751,0.03409851244036433,1.1239789581671262,1.1580774706074906,1.072851827524874,0.005493633158953499,8.0
2026-03-01 19:40:00,-0.020280642,-0.09774312483270269,0.7799999825656414,16.06999964080751,0.03409851244036433,1.1239789581671262,1.1580774706074906,1.0400537033398332,0.005493633158953499,8.0
2026-03-01 19:50:00,-0.020280642,-0.12916078944966974,0.7799999825656414,16.06999964080751,0.03409851244036433,1.1239789581671262,1.1580774706074906,1.0086360387228661,0.005493633158953499,8.0
2026-03-01 20:00:00,-0.020280642,-0.158954194689179,0.7799999825656414,16.06999964080751,0.03409851244036433,1.1239789581671262,1.1580774706074906,0.9788426334833569,0.005493633158953499,8.0
2026-03-01 20:10:00,-0.020280642,-0.1868893883185066,0.7799999825656414,16.06999964080751,0.03409851244036433,1.1239789581671262,1.1580774706074906,0.9509074398540294,0.005493633158953499,8.0
2026-03-01 20:20:00,-0.020280642,-0.21274510883901065,0.7799999825656414,16.06999964080751,0.03409851244036433,1.1239789581671262,1.1580774706074906,0.9250517193335253,0.005493633158953499,8.0
2026-03-01 20:30:00,-0.020280642,-0.23631578253577953,0.7799999825656414,16.06999964080751,0.03409851244036433,1.1239789581671262,1.1580774706074906,0.9014810456367564,0.005493633158953499,8.0
2026-03-01 20:40:00,-0.020280642,-0.25741451340489585,0.7799999825656414,16.06999964080751,0.03409851244036433,1.1239789581671262,1.1580774706074906,0.8803823147676401,0.005493633158953499,8.0
2026-03-01 20:50:00,-0.020280642,-0.275875890753359,0.7799999825656414,16.06999964080751,0.03409851244036433,1.1239789581671262,1.1580774706074906,0.861920937419177,0.005493633158953499,8.0
2026-03-01 21:00:00,-0.020280642,-0.2915584430275138,0.7999999821186066,15.649999650195241,0.033630365740511106,1.1085475800127078,1.1421779457532188,0.8303388602907504,0.005493633158953499,8.0
2026-03-01 21:10:00,-0.020280642,-0.3043465878284068,0.7999999821186066,15.649999650195241,0.033630365740511106,1.1085475800127078,1.1421779457532188,0.8175507154898574,0.005493633158953499,8.0
2026-03-01 21:20:00,-0.020280642,-0.3141519650489144,0.7999999821186066,15.649999650195241,0.033630365740511106,1.1085475800127078,1.1421779457532188,0.8077453382693498,0.005493633158953499,8.0
2026-03-01 21:30:00,-0.020280642,-0.3209140887164065,0.7999999821186066,15.649999650195241,0.033630365740511106,1.1085475800127078,1.1421779457532188,0.8009832146018577,0.005493633158953499,8.0
2026-03-01 21:40:00,-0.020280642,-0.32460030829433273,0.7999999821186066,15.649999650195241,0.033630365740511106,1.1085475800127078,1.1421779457532188,0.7972969950239315,0.005493633158953499,8.0
2026-03-01 21:50:00,-0.020280642,-0.32520512602406276,0.7999999821186066,15.649999650195241,0.033630365740511106,1.1085475800127078,1.1421779457532188,0.7966921772942015,0.005493633158953499,8.0
2026-03-01 22:00:00,-0.020280642,-0.322748967430079,0.7999999821186066,15.649999650195241,0.033630365740511106,1.1085475800127078,1.1421779457532188,0.7991483358881852,0.005493633158953499,8.0
2026-03-01 22:10:00,-0.020280642,-0.31727654198250427,0.7999999821186066,15.649999650195241,0.033630365740511106,1.1085475800127078,1.1421779457532188,0.8046207613357599,0.005493633158953499,8.0
2026-03-01 22:20:00,-0.020280642,-0.3088549559933423,0.7999999821186066,15.649999650195241,0.033630365740511106,1.1085475800127078,1.1421779457532188,0.813042347324922,0.005493633158953499,8.0
2026-03-01 22:30:00,-0.020280642,-0.2975717474927233,0.7999999821186066,15.649999650195241,0.033630365740511106,1.1085475800127078,1.1421779457532188,0.8243255558255409,0.005493633158953499,8.0
2026-03-01 22:40:00,-0.020280642,-0.28353300255121705,0.7999999821186066,15.649999650195241,0.033630365740511106,1.1085475800127078,1.1421779457532188,0.8383643007670472,0.005493633158953499,8.0
2026-03-01 22:50:00,-0.020280642,-0.2668616855884464,0.7999999821186066,15.649999650195241,0.033630365740511106,1.1085475800127078,1.1421779457532188,0.8550356177298177,0.005493633158953499,8.0
2026-03-01 23:00:00,-0.020280642,-0.24769627582085132,0.7999999821186066,15.649999650195241,0.033630365740511106,1.1085475800127078,1.1421779457532188,0.8742010274974129,0.005493633158953499,8.0
2026-03-01 23:10:00,-0.020280642,-0.22618975280218287,0.7999999821186066,15.649999650195241,0.033630365740511106,1.1085475800127078,1.1421779457532188,0.8957075505160813,0.005493633158953499,8.0
2026-03-01 23:20:00,-0.020280642,-0.20250892158967815,0.7999999821186066,15.649999650195241,0.033630365740511106,1.1085475800127078,1.1421779457532188,0.9193883817285861,0.005493633158953499,8.0
2026-03-01 23:30:00,-0.020280642,-0.1768340183110843,0.7999999821186066,15.649999650195241,0.033630365740511106,1.1085475800127078,1.1421779457532188,0.9450632850071798,0.005493633158953499,8.0
2026-03-01 23:40:00,-0.020280642,-0.1493584953062822,0.7999999821186066,15.649999650195241,0.033630365740511106,1.1085475800127078,1.1421779457532188,0.972538808011982,0.005493633158953499,8.0
2026-03-01 23:50:00,-0.020280642,-0.12028885632533039,0.7999999821186066,15.649999650195241,0.033630365740511106,1.1085475800127078,1.1421779457532188,1.0016084469929338,0.005493633158953499,8.0
2026-03-02 00:00:00,-0.011229795,-0.08984439936196603,0.8199999816715717,15.169999660924077,0.03300386196252629,1.0878963253605085,1.1209001873230349,1.0198259925572903,0.005493633158953499,8.0
2026-03-02 00:10:00,-0.011229795,-0.058256729144250445,0.8199999816715717,15.169999660924077,0.03300386196252629,1.0878963253605085,1.1209001873230349,1.051413662775006,0.005493633158953499,8.0
2026-03-02 00:20:00,-0.011229795,-0.02576892225975069,0.8199999816715717,15.169999660924077,0.03300386196252629,1.0878963253605085,1.1209001873230349,1.0839014696595055,0.005493633158953499,8.0
2026-03-02 00:30:00,-0.011229795,0.007365736997948458,0.8199999816715717,15.169999660924077,0.03300386196252629,1.0878963253605085,1.1209001873230349,1.1170361289172048,0.005493633158953499,8.0
2026-03-02 00:40:00,-0.011229795,0.04088548693106977,0.8199999816715717,15.169999660924077,0.03300386196252629,1.0878963253605085,1.1209001873230349,1.150555878850326,0.005493633158953499,8.0
2026-03-02 00:50:00,-0.011229795,0.07452227179369138,0.8199999816715717,15.169999660924077,0.03300386196252629,1.0878963253605085,1.1209001873230349,1.1841926637129476,0.005493633158953499,8.0
2026-03-02 01:00:00,-0.011229795,0.1080043160622772,0.8199999816715717,15.169999660924077,0.03300386196252629,1.0878963253605085,1.1209001873230349,1.2176747079815335,0.005493633158953499,8.0
2026-03-02 01:10:00,-0.011229795,0.14105898490178578,0.8199999816715717,15.169999660924077,0.03300386196252629,1.0878963253605085,1.1209001873230349,1.2507293768210421,0.005493633158953499,8.0
2026-03-02 01:20:00,-0.011229795,0.1734157946764432,0.8199999816715717,15.169999660924077,0.03300386196252629,1.0878963253605085,1.1209001873230349,1.2830861865956995,0.005493633158953499,8.0
2026-03-02 01:30:00,-0.011229795,0.20480942080587242,0.8199999816715717,15.169999660924077,0.03300386196252629,1.0878963253605085,1.1209001873230349,1.3144798127251287,0.005493633158953499,8.0
2026-03-02 01:40:00,-0.011229795,0.23498255018294095,0.8199999816715717,15.169999660924077,0.03300386196252629,1.0878963253605085,1.1209001873230349,1.3446529421021973,0.005493633158953499,8.0
2026-03-02 01:50:00,-0.011229795,0.2636884418251245,0.8199999816715717,15.169999660924077,0.03300386196252629,1.0878963253605085,1.1209001873230349,1.3733588337443807,0.005493633158953499,8.0
2026-03-02 02:00:00,-0.011229795,0.2906930904602451,0.8199999816715717,15.169999660924077,0.03300386196252629,1.0878963253605085,1.1209001873230349,1.4003634823795015,0.005493633158953499,8.0
2026-03-02 02:10:00,-0.011229795,0.31577692961625536,0.8199999816715717,15.169999660924077,0.03300386196252629,1.0878963253605085,1.1209001873230349,1.4254473215355117,0.005493633158953499,8.0
2026-03-02 02:20:00,-0.011229795,0.3387360588682581,0.8199999816715717,15.169999660924077,0.03300386196252629,1.0878963253605085,1.1209001873230349,1.4484064507875143,0.005493633158953499,8.0
2026-03-02 02:30:00,-0.011229795,0.35938302843933684,0.8199999816715717,15.169999660924077,0.03300386196252629,1.0878963253605085,1.1209001873230349,1.4690534203585932,0.005493633158953499,8.0
2026-03-02 02:40:00,-0.011229795,0.3775472579933451,0.8199999816715717,15.169999660924077,0.03300386196252629,1.0878963253605085,1.1209001873230349,1.4872176499126013,0.005493633158953499,8.0
2026-03-02 02:50:00,-0.011229795,0.39307520004657903,0.8199999816715717,15.169999660924077,0.03300386196252629,1.0878963253605085,1.1209001873230349,1.5027455919658355,0.005493633158953499,8.0
2026-03-02 03:00:00,-0.011229795,0.4058303782231126,0.8299999814480543,14.619999673217535,0.032000640717268734,1.0548274467099283,1.0868280874271972,1.4814286702465311,0.005493633158953499,8.0
2026-03-02 03:10:00,-0.011229795,0.4156934343198869,0.8299999814480543,14.619999673217535,0.032000640717268734,1.0548274467099283,1.0868280874271972,1.4912917263433054,0.005493633158953499,8.0
2026-03-02 03:20:00,-0.011229795,0.42256230537952455,0.8299999814480543,14.619999673217535,0.032000640717268734,1.0548274467099283,1.0868280874271972,1.498160597402943,0.005493633158953499,8.0
2026-03-02 03:30:00,-0.011229795,0.42635262426553505,0.8299999814480543,14.619999673217535,0.032000640717268734,1.0548274467099283,1.0868280874271972,1.5019509162889537,0.005493633158953499,8.0
2026-03-02 03:40:00,-0.011229795,0.4269983977272207,0.8299999814480543,14.619999673217535,0.032000640717268734,1.0548274467099283,1.0868280874271972,1.5025966897506393,0.005493633158953499,8.0
2026-03-02 03:50:00,-0.011229795,0.42445296923885006,0.8299999814480543,14.619999673217535,0.032000640717268734,1.0548274467099283,1.0868280874271972,1.5000512612622687,0.005493633158953499,8.0
2026-03-02 04:00:00,-0.011229795,0.41869022540480966,0.8299999814480543,14.619999673217535,0.032000640717268734,1.0548274467099283,1.0868280874271972,1.4942885174282283,0.005493633158953499,8.0
2026-03-02 04:10:00,-0.011229795,0.4097059600283279,0.8299999814480543,14.619999673217535,0.032000640717268734,1.0548274467099283,1.0868280874271972,1.4853042520517465,0.005493633158953499,8.0
2026-03-02 04:20:00,-0.011229795,0.3975192743220869,0.8299999814480543,14.619999673217535,0.032000640717268734,1.0548274467099283,1.0868280874271972,1.4731175663455054,0.005493633158953499,8.0
2026-03-02 04:30:00,-0.011229795,0.38217386930970376,0.8299999814480543,14.619999673217535,0.032000640717268734,1.0548274467099283,1.0868280874271972,1.4577721613331223,0.005493633158953499,8.0
2026-03-02 04:40:00,-0.011229795,0.36373908001121874,0.8299999814480543,14.619999673217535,0.032000640717268734,1.0548274467099283,1.0868280874271972,1.4393373720346374,0.005493633158953499,8.0
2026-03-02 04:50:00,-0.011229795,0.3423105114025578,0.8299999814480543,14.619999673217535,0.032000640717268734,1.0548274467099283,1.0868280874271972,1.4179088034259764,0.005493633158953499,8.0
2026-03-02 05:00:00,-0.011229795,0.31801016232417334,0.8299999814480543,14.619999673217535,0.032000640717268734,1.0548274467099283,1.0868280874271972,1.393608454347592,0.005493633158953499,8.0
2026-03-02 05:10:00,-0.011229795,0.29098596284224476,0.8299999814480543,14.619999673217535,0.032000640717268734,1.0548274467099283,1.0868280874271972,1.3665842548656633,0.005493633158953499,8.0
2026-03-02 05:20:00,-0.011229795,0.26141069852286347,0.8299999814480543,14.619999673217535,0.032000640717268734,1.0548274467099283,1.0868280874271972,1.337008990546282,0.005493633158953499,8.0
2026-03-02 05:30:00,-0.011229795,0.22948034663581734,0.8299999814480543,14.619999673217535,0.032000640717268734,1.0548274467099283,1.0868280874271972,1.305078638659236,0.005493633158953499,8.0
2026-03-02 05:40:00,-0.011229795,0.19541189849165533,0.8299999814480543,14.619999673217535,0.032000640717268734,1.0548274467099283,1.0868280874271972,1.271010190515074,0.005493633158953499,8.0
2026-03-02 05:50:00,-0.011229795,0.1594407837249752,0.8299999814480543,14.619999673217535,0.032000640717268734,1.0548274467099283,1.0868280874271972,1.2350390757483938,0.005493633158953499,8.0
2026-03-02 06:00:00,-0.011229795,0.1218180415789889,0.8399999812245369,14.279999680817127,0.03144416782322574,1.0364845989159497,1.0679287667391755,1.1785170129143858,0.005493633158953499,8.0
2026-03-02 06:10:00,-0.011229795,0.0828073979859164,0.8399999812245369,14.279999680817127,0.03144416782322574,1.0364845989159497,1.0679287667391755,1.1395063693213132,0.005493633158953499,8.0
2026-03-02 06:20:00,-0.011229795,0.04268240403537156,0.8399999812245369,14.279999680817127,0.03144416782322574,1.0364845989159497,1.0679287667391755,1.0993813753707684,0.005493633158953499,8.0
2026-03-02 06:30:00,-0.011229795,0.0017237715546609244,0.8399999812245369,14.279999680817127,0.03144416782322574,1.0364845989159497,1.0679287667391755,1.0584227428900579,0.005493633158953499,8.0
2026-03-02 06:40:00,-0.011229795,-0.03978299240083215,0.8399999812245369,14.279999680817127,0.03144416782322574,1.0364845989159497,1.0679287667391755,1.0169159789345648,0.005493633158953499,8.0
2026-03-02 06:50:00,-0.011229795,-0.08154959477928246,0.8399999812245369,14.279999680817127,0.03144416782322574,1.0364845989159497,1.0679287667391755,0.9751493765561144,0.005493633158953499,8.0
2026-03-02 07:00:00,-0.011229795,-0.12328660154015822,0.8399999812245369,14.279999680817127,0.03144416782322574,1.0364845989159497,1.0679287667391755,0.9334123697952387,0.005493633158953499,8.0
2026-03-02 07:10:00,-0.011229795,-0.16470475960138553,0.8399999812245369,14.279999680817127,0.03144416782322574,1.0364845989159497,1.0679287667391755,0.8919942117340114,0.005493633158953499,8.0
2026-03-02 07:20:00,-0.011229795,-0.2055160796493998,0.8399999812245369,14.279999680817127,0.03144416782322574,1.0364845989159497,1.0679287667391755,0.8511828916859971,0.005493633158953499,8.0
2026-03-02 07:30:00,-0.011229795,-0.24543479552793393,0.8399999812245369,14.279999680817127,0.03144416782322574,1.0364845989159497,1.0679287667391755,0.811264175807463,0.005493633158953499,8.0
2026-03-02 07:40:00,-0.011229795,-0.28417833272228893,0.8399999812245369,14.279999680817127,0.03144416782322574,1.0364845989159497,1.0679287667391755,0.772520638613108,0.005493633158953499,8.0
2026-03-02 07:50:00,-0.011229795,-0.321468418407552,0.8399999812245369,14.279999680817127,0.03144416782322574,1.0364845989159497,1.0679287667391755,0.7352305529278449,0.005493633158953499,8.0
2026-03-02 08:00:00,-0.011229795,-0.35703244848973853,0.8399999812245369,14.279999680817127,0.03144416782322574,1.0364845989159497,1.0679287667391755,0.6996665228456584,0.005493633158953499,8.0
2026-03-02 08:10:00,-0.011229795,-0.3906051946834059,0.8399999812245369,14.279999680817127,0.03144416782322574,1.0364845989159497,1.0679287667391755,0.666093776651991,0.005493633158953499,8.0
2026-03-02 08:20:00,-0.011229795,-0.4219308907542096,0.8399999812245369,14.279999680817127,0.03144416782322574,1.0364845989159497,1.0679287667391755,0.6347680805811873,0.005493633158953499,8.0
2026-03-02 08:30:00,-0.011229795,-0.45076568623440005,0.8399999812245369,14.279999680817127,0.03144416782322574,1.0364845989159497,1.0679287667391755,0.6059332851009969,0.005493633158953499,8.0
2026-03-02 08:40:00,-0.011229795,-0.47688040411826194,0.8399999812245369,14.279999680817127,0.03144416782322574,1.0364845989159497,1.0679287667391755,0.579818567217135,0.005493633158953499,8.0
2026-03-02 08:50:00,-0.011229795,-0.5000634919923155,0.8399999812245369,14.279999680817127,0.03144416782322574,1.0364845989159497,1.0679287667391755,0.5566354793430814,0.005493633158953499,8.0
2026-03-02 09:00:00,-0.011229795,-0.5201240192473048,0.8399999812245369,13.909999689087272,0.030629437984668776,1.009628905526671,1.0402583435113397,0.5089045288602564,0.005493633158953499,8.0
2026-03-02 09:10:00,-0.011229795,-0.5368945506467897,0.8399999812245369,13.909999689087272,0.030629437984668776,1.009628905526671,1.0402583435113397,0.49213399746077147,0.005493633158953499,8.0
2026-03-02 09:20:00,-0.011229795,-0.5502337213851448,0.8399999812245369,13.909999689087272,0.030629437984668776,1.009628905526671,1.0402583435113397,0.47879482672241636,0.005493633158953499,8.0
2026-03-02 09:30:00,-0.011229795,-0.5600283516639127,0.8399999812245369,13.909999689087272,0.030629437984668776,1.009628905526671,1.0402583435113397,0.46900019644364843,0.005493633158953499,8.0
2026-03-02 09:40:00,-0.011229795,-0.5661949685454206,0.8399999812245369,13.909999689087272,0.030629437984668776,1.009628905526671,1.0402583435113397,0.46283357956214055,0.005493633158953499,8.0
2026-03-02 09:50:00,-0.011229795,-0.5686806464676163,0.8399999812245369,13.909999689087272,0.030629437984668776,1.009628905526671,1.0402583435113397,0.4603479016399449,0.005493633158953499,8.0
2026-03-02 10:00:00,-0.011229795,-0.5674631306904404,0.8399999812245369,13.909999689087272,0.030629437984668776,1.009628905526671,1.0402583435113397,0.46156541741712076,0.005493633158953499,8.0
2026-03-02 10:10:00,-0.011229795,-0.5625502645630979,0.8399999812245369,13.909999689087272,0.030629437984668776,1.009628905526671,1.0402583435113397,0.4664782835444633,0.005493633158953499,8.0
2026-03-02 10:20:00,-0.011229795,-0.5539787958270099,0.8399999812245369,13.909999689087272,0.030629437984668776,1.009628905526671,1.0402583435113397,0.47504975228055124,0.005493633158953499,8.0
2026-03-02 10:30:00,-0.011229795,-0.5418126834518323,0.8399999812245369,13.909999689087272,0.030629437984668776,1.009628905526671,1.0402583435113397,0.48721586465572886,0.005493633158953499,8.0
2026-03-02 10:40:00,-0.011229795,-0.526141059882266,0.8399999812245369,13.909999689087272,0.030629437984668776,1.009628905526671,1.0402583435113397,0.5028874882252952,0.005493633158953499,8.0
2026-03-02 10:50:00,-0.011229795,-0.5070760206165932,0.8399999812245369,13.909999689087272,0.030629437984668776,1.009628905526671,1.0402583435113397,0.521952527490968,0.005493633158953499,8.0
2026-03-02 11:00:00,-0.011229795,-0.4847504120437072,0.8399999812245369,13.909999689087272,0.030629437984668776,1.009628905526671,1.0402583435113397,0.544278136063854,0.005493633158953499,8.0
2026-03-02 11:10:00,-0.011229795,-0.459315769853045,0.8399999812245369,13.909999689087272,0.030629437984668776,1.009628905526671,1.0402583435113397,0.5697127782545162,0.005493633158953499,8.0
2026-03-02 11:20:00,-0.011229795,-0.4309405262604647,0.8399999812245369,13.909999689087272,0.030629437984668776,1.009628905526671,1.0402583435113397,0.5980880218470965,0.005493633158953499,8.0
2026-03-02 11:30:00,-0.011229795,-0.3998085588035696,0.8399999812245369,13.909999689087272,0.030629437984668776,1.009628905526671,1.0402583435113397,0.6292199893039916,0.005493633158953499,8.0
2026-03-02 11:40:00,-0.011229795,-0.3661181016023203,0.8399999812245369,13.909999689087272,0.030629437984668776,1.009628905526671,1.0402583435113397,0.6629104465052409,0.005493633158953499,8.0
2026-03-02 11:50:00,-0.011229795,-0.3300809877367531,0.8399999812245369,13.909999689087272,0.030629437984668776,1.009628905526671,1.0402583435113397,0.6989475603708081,0.005493633158953499,8.0
2026-03-02 12:00:00,-0.011229795,-0.29192214439286757,0.8399999812245369,13.39999970048666,0.029506431990982143,0.9726115984225299,1.002118030413512,0.6989660906168659,0.005493633158953499,8.0
2026-03-02 12:10:00,-0.011229795,-0.2518792260332646,0.8399999812245369,13.39999970048666,0.029506431990982143,0.9726115984225299,1.002118030413512,0.7390090089764688,0.005493633158953499,8.0
2026-03-02 12:20:00,-0.011229795,-0.21020224891116435,0.8399999812245369,13.39999970048666,0.029506431990982143,0.9726115984225299,1.002118030413512,0.7806859860985691,0.005493633158953499,8.0
2026-03-02 12:30:00,-0.011229795,-0.1671530850307447,0.8399999812245369,13.39999970048666,0.029506431990982143,0.9726115984225299,1.002118030413512,0.8237351499789888,0.005493633158953499,8.0
2026-03-02 12:40:00,-0.011229795,-0.12300468576355397,0.8399999812245369,13.39999970048666,0.029506431990982143,0.9726115984225299,1.002118030413512,0.8678835492461795,0.005493633158953499,8.0
2026-03-02 12:50:00,-0.011229795,-0.07803993286828,0.8399999812245369,13.39999970048666,0.029506431990982143,0.9726115984225299,1.002118030413512,0.9128483021414534,0.005493633158953499,8.0
2026-03-02 13:00:00,-0.011229795,-0.0325500548372331,0.8399999812245369,13.39999970048666,0.029506431990982143,0.9726115984225299,1.002118030413512,0.9583381801725004,0.005493633158953499,8.0
2026-03-02 13:10:00,-0.011229795,0.01316740596664987,0.8399999812245369,13.39999970048666,0.029506431990982143,0.9726115984225299,1.002118030413512,1.0040556409763832,0.005493633158953499,8.0
2026-03-02 13:20:00,-0.011229795,0.05881103986269583,0.8399999812245369,13.39999970048666,0.029506431990982143,0.9726115984225299,1.002118030413512,1.0496992748724292,0.005493633158953499,8.0
2026-03-02 13:30:00,-0.011229795,0.10407834827853032,0.8399999812245369,13.39999970048666,0.029506431990982143,0.9726115984225299,1.002118030413512,1.0949665832882638,0.005493633158953499,8.0
2026-03-02 13:40:00,-0.011229795,0.14866873458270188,0.8399999812245369,13.39999970048666,0.029506431990982143,0.9726115984225299,1.002118030413512,1.1395569695924352,0.005493633158953499,8.0
2026-03-02 13:50:00,-0.011229795,0.19228656327694324,0.8399999812245369,13.39999970048666,0.029506431990982143,0.9726115984225299,1.002118030413512,1.1831747982866767,0.005493633158953499,8.0
2026-03-02 14:00:00,-0.011229795,0.2346441347757237,0.8399999812245369,13.39999970048666,0.029506431990982143,0.9726115984225299,1.002118030413512,1.2255323697854572,0.005493633158953499,8.0
2026-03-02 14:10:00,-0.011229795,0.2754644307921312,0.8399999812245369,13.39999970048666,0.029506431990982143,0.9726115984225299,1.002118030413512,1.2663526658018647,0.005493633158953499,8.0
2026-03-02 14:20:00,-0.011229795,0.3144835091170271,0.8399999812245369,13.39999970048666,0.029506431990982143,0.9726115984225299,1.002118030413512,1.3053717441267605,0.005493633158953499,8.0
2026-03-02 14:30:00,-0.011229795,0.35145246298861255,0.8399999812245369,13.39999970048666,0.029506431990982143,0.9726115984225299,1.002118030413512,1.3423406979983459,0.005493633158953499,8.0
2026-03-02 14:40:00,-0.011229795,0.38613890565396786,0.8399999812245369,13.39999970048666,0.029506431990982143,0.9726115984225299,1.002118030413512,1.3770271406637014,0.005493633158953499,8.0
2026-03-02 14:50:00,-0.011229795,0.41832798932944976,0.8399999812245369,13.39999970048666,0.029506431990982143,0.9726115984225299,1.002118030413512,1.4092162243391833,0.005493633158953499,8.0
2026-03-02 15:00:00,-0.011229795,0.4478230144051846,0.8499999810010195,13.0899997074157,0.028994883255711108,0.9557495720943366,0.9847444553500477,1.4213376743514539,0.005493633158953499,8.0
2026-03-02 15:10:00,-0.011229795,0.47444572376209354,0.8499999810010195,13.0899997074157,0.028994883255711108,0.9557495720943366,0.9847444553500477,1.4479603837083628,0.005493633158953499,8.0
2026-03-02 15:20:00,-0.011229795,0.4980364041231595,0.8499999810010195,13.0899997074157,0.028994883255711108,0.9557495720943366,0.9847444553500477,1.4715510640694287,0.005493633158953499,8.0
2026-03-02 15:30:00,-0.011229795,0.518453928320204,0.8499999810010195,13.0899997074157,0.028994883255711108,0.9557495720943366,0.9847444553500477,1.4919685882664733,0.005493633158953499,8.0
2026-03-02 15:40:00,-0.011229795,0.5355758677833337,0.8499999810010195,13.0899997074157,0.028994883255711108,0.9557495720943366,0.9847444553500477,1.5090905277296027,0.005493633158953499,8.0
2026-03-02 15:50:00,-0.011229795,0.549298784071943,0.8499999810010195,13.0899997074157,0.028994883255711108,0.9557495720943366,0.9847444553500477,1.5228134440182122,0.005493633158953499,8.0
2026-03-02 16:00:00,-0.011229795,0.5595387741166835,0.8499999810010195,13.0899997074157,0.028994883255711108,0.9557495720943366,0.9847444553500477,1.5330534340629527,0.005493633158953499,8.0
2026-03-02 16:10:00,-0.011229795,0.5662323000373228,0.8499999810010195,13.0899997074157,0.028994883255711108,0.9557495720943366,0.9847444553500477,1.539746959983592,0.005493633158953499,8.0
2026-03-02 16:20:00,-0.011229795,0.5693372859375975,0.8499999810010195,13.0899997074157,0.028994883255711108,0.9557495720943366,0.9847444553500477,1.5428519458838665,0.005493633158953499,8.0
2026-03-02 16:30:00,-0.011229795,0.5688344165647687,0.8499999810010195,13.0899997074157,0.028994883255711108,0.9557495720943366,0.9847444553500477,1.542349076511038,0.005493633158953499,8.0
2026-03-02 16:40:00,-0.011229795,0.564728531691397,0.8499999810010195,13.0899997074157,0.028994883255711108,0.9557495720943366,0.9847444553500477,1.5382431916376662,0.005493633158953499,8.0
2026-03-02 16:50:00,-0.011229795,0.5570499803015065,0.8499999810010195,13.0899997074157,0.028994883255711108,0.9557495720943366,0.9847444553500477,1.5305646402477757,0.005493633158953499,8.0
2026-03-02 17:00:00,-0.011229795,0.545855783693109,0.8499999810010195,13.0899997074157,0.028994883255711108,0.9557495720943366,0.9847444553500477,1.5193704436393782,0.005493633158953499,8.0
2026-03-02 17:10:00,-0.011229795,0.5312304583522297,0.8499999810010195,13.0899997074157,0.028994883255711108,0.9557495720943366,0.9847444553500477,1.5047451182984988,0.005493633158953499,8.0
2026-03-02 17:20:00,-0.011229795,0.5132863677883086,0.8499999810010195,13.0899997074157,0.028994883255711108,0.9557495720943366,0.9847444553500477,1.4868010277345778,0.005493633158953499,8.0
2026-03-02 17:30:00,-0.011229795,0.49216350579936885,0.8499999810010195,13.0899997074157,0.028994883255711108,0.9557495720943366,0.9847444553500477,1.4656781657456381,0.005493633158953499,8.0
2026-03-02 17:40:00,-0.011229795,0.4680286578833019,0.8499999810010195,13.0899997074157,0.028994883255711108,0.9557495720943366,0.9847444553500477,1.4415433178295711,0.005493633158953499,8.0
2026-03-02 17:50:00,-0.011229795,0.4410739384359392,0.8499999810010195,13.0899997074157,0.028994883255711108,0.9557495720943366,0.9847444553500477,1.4145885983822084,0.005493633158953499,8.0
2026-03-02 18:00:00,-0.011229795,0.4115147527835466,0.8499999810010195,12.839999713003635,0.028441123071301044,0.937496142527982,0.9659372655992831,1.366222222979051,0.005493633158953499,8.0
2026-03-02 18:10:00,-0.011229795,0.3795872798693513,0.8499999810010195,12.839999713003635,0.028441123071301044,0.937496142527982,0.9659372655992831,1.3342947500648559,0.005493633158953499,8.0
2026-03-02 18:20:00,-0.011229795,0.3455456080510703,0.8499999810010195,12.839999713003635,0.028441123071301044,0.937496142527982,0.9659372655992831,1.3002530782465749,0.005493633158953499,8.0
2026-03-02 18:30:00,-0.011229795,0.30965867905178673,0.8499999810010195,12.839999713003635,0.028441123071301044,0.937496142527982,0.9659372655992831,1.2643661492472913,0.005493633158953499,8.0
2026-03-02 18:40:00,-0.011229795,0.27220720135134296,0.8499999810010195,12.839999713003635,0.028441123071301044,0.937496142527982,0.9659372655992831,1.2269146715468475,0.005493633158953499,8.0
2026-03-02 18:50:00,-0.011229795,0.23348068328336077,0.8499999810010195,12.839999713003635,0.028441123071301044,0.937496142527982,0.9659372655992831,1.1881881534788652,0.005493633158953499,8.0
2026-03-02 19:00:00,-0.011229795,0.1937747096852871,0.8499999810010195,12.839999713003635,0.028441123071301044,0.937496142527982,0.9659372655992831,1.1484821798807916,0.005493633158953499,8.0
2026-03-02 19:10:00,-0.011229795,0.15338854653531808,0.8499999810010195,12.839999713003635,0.028441123071301044,0.937496142527982,0.9659372655992831,1.1080960167308227,0.005493633158953499,8.0
2026-03-02 19:20:00,-0.011229795,0.1126231109949495,0.8499999810010195,12.839999713003635,0.028441123071301044,0.937496142527982,0.9659372655992831,1.067330581190454,0.005493633158953499,8.0
2026-03-02 19:30:00,-0.011229795,0.0717792942877722,0.8499999810010195,12.839999713003635,0.028441123071301044,0.937496142527982,0.9659372655992831,1.0264867644832767,0.005493633158953499,8.0
2026-03-02 19:40:00,-0.011229795,0.031156578283476958,0.8499999810010195,12.839999713003635,0.028441123071301044,0.937496142527982,0.9659372655992831,0.9858640484789815,0.005493633158953499,8.0
2026-03-02 19:50:00,-0.011229795,-0.008948151427521056,0.8499999810010195,12.839999713003635,0.028441123071301044,0.937496142527982,0.9659372655992831,0.9457593187679835,0.005493633158953499,8.0
2026-03-02 20:00:00,-0.011229795,-0.04824171829162066,0.8499999810010195,12.839999713003635,0.028441123071301044,0.937496142527982,0.9659372655992831,0.9064657519038839,0.005493633158953499,8.0
2026-03-02 20:10:00,-0.011229795,-0.08643582470531432,0.8499999810010195,12.839999713003635,0.028441123071301044,0.937496142527982,0.9659372655992831,0.8682716454901902,0.005493633158953499,8.0
2026-03-02 20:20:00,-0.011229795,-0.12324840247504482,0.8499999810010195,12.839999713003635,0.028441123071301044,0.937496142527982,0.9659372655992831,0.8314590677204596,0.005493633158953499,8.0
2026-03-02 20:30:00,-0.011229795,-0.1584052426864517,0.8499999810010195,12.839999713003635,0.028441123071301044,0.937496142527982,0.9659372655992831,0.7963022275090528,0.005493633158953499,8.0
2026-03-02 20:40:00,-0.011229795,-0.19164196599549516,0.8499999810010195,12.839999713003635,0.028441123071301044,0.937496142527982,0.9659372655992831,0.7630655042000094,0.005493633158953499,8.0
2026-03-02 20:50:00,-0.011229795,-0.2227063467043346,0.8499999810010195,12.839999713003635,0.028441123071301044,0.937496142527982,0.9659372655992831,0.7320011234911699,0.005493633158953499,8.0
2026-03-02 21:00:00,-0.011229795,-0.2513609526290672,0.8399999812245369,12.409999722614884,0.02732647917970809,0.9007544728674325,0.9280809520471406,0.6654902040142948,0.005493633158953499,8.0
2026-03-02 21:10:00,-0.011229795,-0.2773860129320056,0.8399999812245369,12.409999722614884,0.02732647917970809,0.9007544728674325,0.9280809520471406,0.6394651437113564,0.005493633158953499,8.0
2026-03-02 21:20:00,-0.011229795,-0.3005823838940291,0.8399999812245369,12.409999722614884,0.02732647917970809,0.9007544728674325,0.9280809520471406,0.616268772749333,0.005493633158953499,8.0
2026-03-02 21:30:00,-0.011229795,-0.32077445281271905,0.8399999812245369,12.409999722614884,0.02732647917970809,0.9007544728674325,0.9280809520471406,0.5960767038306429,0.005493633158953499,8.0
2026-03-02 21:40:00,-0.011229795,-0.33781280636372707,0.8399999812245369,12.409999722614884,0.02732647917970809,0.9007544728674325,0.9280809520471406,0.579038350279635,0.005493633158953499,8.0
2026-03-02 21:50:00,-0.011229795,-0.3515764938254531,0.8399999812245369,12.409999722614884,0.02732647917970809,0.9007544728674325,0.9280809520471406,0.565274662817909,0.005493633158953499,8.0
2026-03-02 22:00:00,-0.011229795,-0.36197473723915224,0.8399999812245369,12.409999722614884,0.02732647917970809,0.9007544728674325,0.9280809520471406,0.5548764194042097,0.005493633158953499,8.0
2026-03-02 22:10:00,-0.011229795,-0.36894797792812634,0.8399999812245369,12.409999722614884,0.02732647917970809,0.9007544728674325,0.9280809520471406,0.5479031787152358,0.005493633158953499,8.0
2026-03-02 22:20:00,-0.011229795,-0.372468197889114,0.8399999812245369,12.409999722614884,0.02732647917970809,0.9007544728674325,0.9280809520471406,0.544382958754248,0.005493633158953499,8.0
2026-03-02 22:30:00,-0.011229795,-0.37253851035052843,0.8399999812245369,12.409999722614884,0.02732647917970809,0.9007544728674325,0.9280809520471406,0.5443126462928336,0.005493633158953499,8.0
2026-03-02 22:40:00,-0.011229795,-0.36919207034931917,0.8399999812245369,12.409999722614884,0.02732647917970809,0.9007544728674325,0.9280809520471406,0.5476590862940429,0.005493633158953499,8.0
2026-03-02 22:50:00,-0.011229795,-0.36249040757088663,0.8399999812245369,12.409999722614884,0.02732647917970809,0.9007544728674325,0.9280809520471406,0.5543607490724753,0.005493633158953499,8.0
2026-03-02 23:00:00,-0.011229795,-0.35252132447160067,0.8399999812245369,12.409999722614884,0.02732647917970809,0.9007544728674325,0.9280809520471406,0.5643298321717614,0.005493633158953499,8.0
2026-03-02 23:10:00,-0.011229795,-0.3393965286908127,0.8399999812245369,12.409999722614884,0.02732647917970809,0.9007544728674325,0.9280809520471406,0.5774546279525493,0.005493633158953499,8.0
2026-03-02 23:20:00,-0.011229795,-0.32324917719394747,0.8399999812245369,12.409999722614884,0.02732647917970809,0.9007544728674325,0.9280809520471406,0.5936019794494145,0.005493633158953499,8.0
2026-03-02 23:30:00,-0.011229795,-0.3042314999930246,0.8399999812245369,12.409999722614884,0.02732647917970809,0.9007544728674325,0.9280809520471406,0.6126196566503375,0.005493633158953499,8.0
2026-03-02 23:40:00,-0.011229795,-0.2825126445797041,0.8399999812245369,12.409999722614884,0.02732647917970809,0.9007544728674325,0.9280809520471406,0.634338512063658,0.005493633158953499,8.0
2026-03-02 23:50:00,-0.011229795,-0.25827684198074513,0.8399999812245369,12.409999722614884,0.02732647917970809,0.9007544728674325,0.9280809520471406,0.6585743146626168,0.005493633158953499,8.0
2026-03-03 00:00:00,0.00080870005,-0.23172194561825749,0.8399999812245369,12.07999972999096,0.026599828242616738,0.8768020976824,0.9034019259250168,0.6724886803527956,0.005493633158953499,8.0
2026-03-03 00:10:00,0.00080870005,-0.2030583411150533,0.8399999812245369,12.07999972999096,0.026599828242616738,0.8768020976824,0.9034019259250168,0.7011522848559999,0.005493633158953499,8.0
2026-03-03 00:20:00,0.00080870005,-0.1725081741995582,0.8399999812245369,12.07999972999096,0.026599828242616738,0.8768020976824,0.9034019259250168,0.731702451771495,0.005493633158953499,8.0
2026-03-03 00:30:00,0.00080870005,-0.14030480090155922,0.8399999812245369,12.07999972999096,0.026599828242616738,0.8768020976824,0.9034019259250168,0.7639058250694939,0.005493633158953499,8.0
2026-03-03 00:40:00,0.00080870005,-0.10669233386349322,0.8399999812245369,12.07999972999096,0.026599828242616738,0.8768020976824,0.9034019259250168,0.79751829210756,0.005493633158953499,8.0
2026-03-03 00:50:00,0.00080870005,-0.07192514388802322,0.8399999812245369,12.07999972999096,0.026599828242616738,0.8768020976824,0.9034019259250168,0.83228548208303,0.005493633158953499,8.0
2026-03-03 01:00:00,0.00080870005,-0.03626717859848452,0.8399999812245369,12.07999972999096,0.026599828242616738,0.8768020976824,0.9034019259250168,0.8679434473725687,0.005493633158953499,8.0
2026-03-03 01:10:00,0.00080870005,9.020750922000415e-06,0.8399999812245369,12.07999972999096,0.026599828242616738,0.8768020976824,0.9034019259250168,0.9042196467219752,0.005493633158953499,8.0
2026-03-03 01:20:00,0.00080870005,0.03662368943817983,0.8399999812245369,12.07999972999096,0.026599828242616738,0.8768020976824,0.9034019259250168,0.940834315409233,0.005493633158953499,8.0
2026-03-03 01:30:00,0.00080870005,0.0732916377873302,0.8399999812245369,12.07999972999096,0.026599828242616738,0.8768020976824,0.9034019259250168,0.9775022637583833,0.005493633158953499,8.0
2026-03-03 01:40:00,0.00080870005,0.10972447004987525,0.8399999812245369,12.07999972999096,0.026599828242616738,0.8768020976824,0.9034019259250168,1.0139350960209284,0.005493633158953499,8.0
2026-03-03 01:50:00,0.00080870005,0.14563316711540916,0.8399999812245369,12.07999972999096,0.026599828242616738,0.8768020976824,0.9034019259250168,1.0498437930864624,0.005493633158953499,8.0
2026-03-03 02:00:00,0.00080870005,0.1807309338440338,0.8399999812245369,12.07999972999096,0.026599828242616738,0.8768020976824,0.9034019259250168,1.0849415598150869,0.005493633158953499,8.0
2026-03-03 02:10:00,0.00080870005,0.2147361800398713,0.8399999812245369,12.07999972999096,0.026599828242616738,0.8768020976824,0.9034019259250168,1.1189468060109244,0.005493633158953499,8.0
2026-03-03 02:20:00,0.00080870005,0.2473754869407135,0.8399999812245369,12.07999972999096,0.026599828242616738,0.8768020976824,0.9034019259250168,1.1515861129117666,0.005493633158953499,8.0
2026-03-03 02:30:00,0.00080870005,0.27838641008334486,0.8399999812245369,12.07999972999096,0.026599828242616738,0.8768020976824,0.9034019259250168,1.182597036054398,0.005493633158953499,8.0
2026-03-03 02:40:00,0.00080870005,0.3075199851281511,0.8399999812245369,12.07999972999096,0.026599828242616738,0.8768020976824,0.9034019259250168,1.2117306110992043,0.005493633158953499,8.0
2026-03-03 02:50:00,0.00080870005,0.3345428331010097,0.8399999812245369,12.07999972999096,0.026599828242616738,0.8768020976824,0.9034019259250168,1.2387534590720628,0.005493633158953499,8.0
2026-03-03 03:00:00,0.00080870005,0.3592388028024417,0.8499999810010195,11.839999735355377,0.026226082333660774,0.8644824242625628,0.8907085065962236,1.2507560094447017,0.005493633158953499,8.0
2026-03-03 03:10:00,0.00080870005,0.38141013530563717,0.8499999810010195,11.839999735355377,0.026226082333660774,0.8644824242625628,0.8907085065962236,1.2729273419478973,0.005493633158953499,8.0
2026-03-03 03:20:00,0.00080870005,0.4008781836885566,0.8499999810010195,11.839999735355377,0.026226082333660774,0.8644824242625628,0.8907085065962236,1.2923953903308165,0.005493633158953499,8.0
2026-03-03 03:30:00,0.00080870005,0.41748376435958,0.8499999810010195,11.839999735355377,0.026226082333660774,0.8644824242625628,0.8907085065962236,1.30900097100184,0.005493633158953499,8.0
2026-03-03 03:40:00,0.00080870005,0.4310872498733151,0.8499999810010195,11.839999735355377,0.026226082333660774,0.8644824242625628,0.8907085065962236,1.322604456515575,0.005493633158953499,8.0
2026-03-03 03:50:00,0.00080870005,0.44156853292341885,0.8499999810010195,11.839999735355377,0.026226082333660774,0.8644824242625628,0.8907085065962236,1.3330857395656788,0.005493633158953499,8.0
2026-03-03 04:00:00,0.00080870005,0.44882699500253226,0.8499999810010195,11.839999735355377,0.026226082333660774,0.8644824242625628,0.8907085065962236,1.3403442016447922,0.005493633158953499,8.0
2026-03-03 04:10:00,0.00080870005,0.4527816006303327,0.8499999810010195,11.839999735355377,0.026226082333660774,0.8644824242625628,0.8907085065962236,1.3442988072725925,0.005493633158953499,8.0
2026-03-03 04:20:00,0.00080870005,0.4533712103418578,0.8499999810010195,11.839999735355377,0.026226082333660774,0.8644824242625628,0.8907085065962236,1.3448884169841178,0.005493633158953499,8.0
2026-03-03 04:30:00,0.00080870005,0.45055516613437463,0.8499999810010195,11.839999735355377,0.026226082333660774,0.8644824242625628,0.8907085065962236,1.3420723727766346,0.005493633158953499,8.0
2026-03-03 04:40:00,0.00080870005,0.44431415618177766,0.8499999810010195,11.839999735355377,0.026226082333660774,0.8644824242625628,0.8907085065962236,1.3358313628240377,0.005493633158953499,8.0
2026-03-03 04:50:00,0.00080870005,0.43465131681472136,0.8499999810010195,11.839999735355377,0.026226082333660774,0.8644824242625628,0.8907085065962236,1.3261685234569813,0.005493633158953499,8.0
2026-03-03 05:00:00,0.00080870005,0.4215934846508087,0.8499999810010195,11.839999735355377,0.026226082333660774,0.8644824242625628,0.8907085065962236,1.3131106912930686,0.005493633158953499,8.0
2026-03-03 05:10:00,0.00080870005,0.4051924755911509,0.8499999810010195,11.839999735355377,0.026226082333660774,0.8644824242625628,0.8907085065962236,1.296709682233411,0.005493633158953499,8.0
2026-03-03 05:20:00,0.00080870005,0.3855262444101971,0.8499999810010195,11.839999735355377,0.026226082333660774,0.8644824242625628,0.8907085065962236,1.277043451052457,0.005493633158953499,8.0
2026-03-03 05:30:00,0.00080870005,0.36269977176395246,0.8499999810010195,11.839999735355377,0.026226082333660774,0.8644824242625628,0.8907085065962236,1.2542169784062125,0.005493633158953499,8.0
2026-03-03 05:40:00,0.00080870005,0.33684553534843603,0.8499999810010195,11.839999735355377,0.026226082333660774,0.8644824242625628,0.8907085065962236,1.228362741990696,0.005493633158953499,8.0
2026-03-03 05:50:00,0.00080870005,0.30812344814298287,0.8499999810010195,11.839999735355377,0.026226082333660774,0.8644824242625628,0.8907085065962236,1.199640654785243,0.005493633158953499,8.0
2026-03-03 06:00:00,0.00080870005,0.27672018591360875,0.8499999810010195,11.599999740719795,0.02569447255662711,0.8469591318788621,0.8726536044354892,1.1501824903951343,0.005493633158953499,8.0
2026-03-03 06:10:00,0.00080870005,0.24284787475318614,0.8499999810010195,11.599999740719795,0.02569447255662711,0.8469591318788621,0.8726536044354892,1.1163101792347119,0.005493633158953499,8.0
2026-03-03 06:20:00,0.00080870005,0.2067421615788574,0.8499999810010195,11.599999740719795,0.02569447255662711,0.8469591318788621,0.8726536044354892,1.080204466060383,0.005493633158953499,8.0
2026-03-03 06:30:00,0.00080870005,0.1686597408999523,0.8499999810010195,11.599999740719795,0.02569447255662711,0.8469591318788621,0.8726536044354892,1.042122045381478,0.005493633158953499,8.0
2026-03-03 06:40:00,0.00080870005,0.12887545407837406,0.8499999810010195,11.599999740719795,0.02569447255662711,0.8469591318788621,0.8726536044354892,1.0023377585598996,0.005493633158953499,8.0
2026-03-03 06:50:00,0.00080870005,0.08767910800841407,0.8499999810010195,11.599999740719795,0.02569447255662711,0.8469591318788621,0.8726536044354892,0.9611414124899397,0.005493633158953499,8.0
2026-03-03 07:00:00,0.00080870005,0.0453721756596285,0.8499999810010195,11.599999740719795,0.02569447255662711,0.8469591318788621,0.8726536044354892,0.9188344801411541,0.005493633158953499,8.0
2026-03-03 07:10:00,0.00080870005,0.002264539028580462,0.8499999810010195,11.599999740719795,0.02569447255662711,0.8469591318788621,0.8726536044354892,0.8757268435101061,0.005493633158953499,8.0
2026-03-03 07:20:00,0.00080870005,-0.04132858305404268,0.8499999810010195,11.599999740719795,0.02569447255662711,0.8469591318788621,0.8726536044354892,0.832133721427483,0.005493633158953499,8.0
2026-03-03 07:30:00,0.00080870005,-0.08508941293682735,0.8499999810010195,11.599999740719795,0.02569447255662711,0.8469591318788621,0.8726536044354892,0.7883728915446983,0.005493633158953499,8.0
2026-03-03 07:40:00,0.00080870005,-0.12870003190084744,0.8499999810010195,11.599999740719795,0.02569447255662711,0.8469591318788621,0.8726536044354892,0.7447622725806782,0.005493633158953499,8.0
2026-03-03 07:50:00,0.00080870005,-0.1718444208533467,0.8499999810010195,11.599999740719795,0.02569447255662711,0.8469591318788621,0.8726536044354892,0.7016178836281789,0.005493633158953499,8.0
2026-03-03 08:00:00,0.00080870005,-0.2142101560386417,0.8499999810010195,11.599999740719795,0.02569447255662711,0.8469591318788621,0.8726536044354892,0.6592521484428839,0.005493633158953499,8.0
2026-03-03 08:10:00,0.00080870005,-0.25548983515425117,0.8499999810010195,11.599999740719795,0.02569447255662711,0.8469591318788621,0.8726536044354892,0.6179724693272745,0.005493633158953499,8.0
2026-03-03 08:20:00,0.00080870005,-0.29538234179523726,0.8499999810010195,11.599999740719795,0.02569447255662711,0.8469591318788621,0.8726536044354892,0.5780799626862884,0.005493633158953499,8.0
2026-03-03 08:30:00,0.00080870005,-0.333594073952223,0.8499999810010195,11.599999740719795,0.02569447255662711,0.8469591318788621,0.8726536044354892,0.5398682305293026,0.005493633158953499,8.0
2026-03-03 08:40:00,0.00080870005,-0.3698402637565748,0.8499999810010195,11.599999740719795,0.02569447255662711,0.8469591318788621,0.8726536044354892,0.5036220407249508,0.005493633158953499,8.0
2026-03-03 08:50:00,0.00080870005,-0.4038464997562775,0.8499999810010195,11.599999740719795,0.02569447255662711,0.8469591318788621,0.8726536044354892,0.4696158047252481,0.005493633158953499,8.0
2026-03-03 09:00:00,0.00080870005,-0.4353505323560481,0.8399999812245369,11.449999744072556,0.025212585544533248,0.8310748359655199,0.8562874215100531,0.4217455892000414,0.005493633158953499,8.0
2026-03-03 09:10:00,0.00080870005,-0.46410440023511235,0.8399999812245369,11.449999744072556,0.025212585544533248,0.8310748359655199,0.8562874215100531,0.39299172132097715,0.005493633158953499,8.0
2026-03-03 09:20:00,0.00080870005,-0.4898768661080437,0.8399999812245369,11.449999744072556,0.025212585544533248,0.8310748359655199,0.8562874215100531,0.3672192554480458,0.005493633158953499,8.0
2026-03-03 09:30:00,0.00080870005,-0.5124560992958176,0.8399999812245369,11.449999744072556,0.025212585544533248,0.8310748359655199,0.8562874215100531,0.3446400222602719,0.005493633158953499,8.0
2026-03-03 09:40:00,0.00080870005,-0.5316524963497191,0.8399999812245369,11.449999744072556,0.025212585544533248,0.8310748359655199,0.8562874215100531,0.3254436252063704,0.005493633158953499,8.0
2026-03-03 09:50:00,0.00080870005,-0.5473014947239837,0.8399999812245369,11.449999744072556,0.025212585544533248,0.8310748359655199,0.8562874215100531,0.3097946268321058,0.005493633158953499,8.0
2026-03-03 10:00:00,0.00080870005,-0.5592662124686618,0.8399999812245369,11.449999744072556,0.025212585544533248,0.8310748359655199,0.8562874215100531,0.2978299090874277,0.005493633158953499,8.0
2026-03-03 10:10:00,0.00080870005,-0.5674397421437996,0.8399999812245369,11.449999744072556,0.025212585544533248,0.8310748359655199,0.8562874215100531,0.28965637941228994,0.005493633158953499,8.0
2026-03-03 10:20:00,0.00080870005,-0.571746940143359,0.8399999812245369,11.449999744072556,0.025212585544533248,0.8310748359655199,0.8562874215100531,0.28534918141273047,0.005493633158953499,8.0
2026-03-03 10:30:00,0.00080870005,-0.5721455826901155,0.8399999812245369,11.449999744072556,0.025212585544533248,0.8310748359655199,0.8562874215100531,0.284950538865974,0.005493633158953499,8.0
2026-03-03 10:40:00,0.00080870005,-0.568626803587834,0.8399999812245369,11.449999744072556,0.025212585544533248,0.8310748359655199,0.8562874215100531,0.2884693179682555,0.005493633158953499,8.0
2026-03-03 10:50:00,0.00080870005,-0.5612147821605573,0.8399999812245369,11.449999744072556,0.025212585544533248,0.8310748359655199,0.8562874215100531,0.2958813393955322,0.005493633158953499,8.0
2026-03-03 11:00:00,0.00080870005,-0.5499657069244367,0.8399999812245369,11.449999744072556,0.025212585544533248,0.8310748359655199,0.8562874215100531,0.3071304146316528,0.005493633158953499,8.0
2026-03-03 11:10:00,0.00080870005,-0.5349660955091275,0.8399999812245369,11.449999744072556,0.025212585544533248,0.8310748359655199,0.8562874215100531,0.32213002604696195,0.005493633158953499,8.0
2026-03-03 11:20:00,0.00080870005,-0.5163305983488976,0.8399999812245369,11.449999744072556,0.025212585544533248,0.8310748359655199,0.8562874215100531,0.3407655232071919,0.005493633158953499,8.0
2026-03-03 11:30:00,0.00080870005,-0.4941994478067852,0.8399999812245369,11.449999744072556,0.025212585544533248,0.8310748359655199,0.8562874215100531,0.3628966737493043,0.005493633158953499,8.0
2026-03-03 11:40:00,0.00080870005,-0.46873573207395774,0.8399999812245369,11.449999744072556,0.025212585544533248,0.8310748359655199,0.8562874215100531,0.38836038948213175,0.005493633158953499,8.0
2026-03-03 11:50:00,0.00080870005,-0.4401226728314374,0.8399999812245369,11.449999744072556,0.025212585544533248,0.8310748359655199,0.8562874215100531,0.4169734487246521,0.005493633158953499,8.0
2026-03-03 12:00:00,0.00080870005,-0.4085610672786855,0.8399999812245369,11.259999748319387,0.024794210762571562,0.8172840744953497,0.8420782852579213,0.43432591802527215,0.005493633158953499,8.0
2026-03-03 12:10:00,0.00080870005,-0.37426702119883976,0.8399999812245369,11.259999748319387,0.024794210762571562,0.8172840744953497,0.8420782852579213,0.4686199641051179,0.005493633158953499,8.0
2026-03-03 12:20:00,0.00080870005,-0.33747005383297285,0.8399999812245369,11.259999748319387,0.024794210762571562,0.8172840744953497,0.8420782852579213,0.5054169314709849,0.005493633158953499,8.0
2026-03-03 12:30:00,0.00080870005,-0.29841160290151314,0.8399999812245369,11.259999748319387,0.024794210762571562,0.8172840744953497,0.8420782852579213,0.5444753824024445,0.005493633158953499,8.0
2026-03-03 12:40:00,0.00080870005,-0.2573439047254731,0.8399999812245369,11.259999748319387,0.024794210762571562,0.8172840744953497,0.8420782852579213,0.5855430805784846,0.005493633158953499,8.0
2026-03-03 12:50:00,0.00080870005,-0.21452917611112143,0.8399999812245369,11.259999748319387,0.024794210762571562,0.8172840744953497,0.8420782852579213,0.6283578091928362,0.005493633158953499,8.0
2026-03-03 13:00:00,0.00080870005,-0.17023898665687306,0.8399999812245369,11.259999748319387,0.024794210762571562,0.8172840744953497,0.8420782852579213,0.6726479986470846,0.005493633158953499,8.0
2026-03-03 13:10:00,0.00080870005,-0.12475368632281558,0.8399999812245369,11.259999748319387,0.024794210762571562,0.8172840744953497,0.8420782852579213,0.7181332989811421,0.005493633158953499,8.0
2026-03-03 13:20:00,0.00080870005,-0.07836174630333247,0.8399999812245369,11.259999748319387,0.024794210762571562,0.8172840744953497,0.8420782852579213,0.7645252390006252,0.005493633158953499,8.0
2026-03-03 13:30:00,0.00080870005,-0.031358881325447105,0.8399999812245369,11.259999748319387,0.024794210762571562,0.8172840744953497,0.8420782852579213,0.8115281039785106,0.005493633158953499,8.0
2026-03-03 13:40:00,0.00080870005,0.015953152191133583,0.8399999812245369,11.259999748319387,0.024794210762571562,0.8172840744953497,0.8420782852579213,0.8588401374950912,0.005493633158953499,8.0
2026-03-03 13:50:00,0.00080870005,0.06326814907899521,0.8399999812245369,11.259999748319387,0.024794210762571562,0.8172840744953497,0.8420782852579213,0.9061551343829529,0.005493633158953499,8.0
2026-03-03 14:00:00,0.00080870005,0.11027745951498936,0.8399999812245369,11.259999748319387,0.024794210762571562,0.8172840744953497,0.8420782852579213,0.953164444818947,0.005493633158953499,8.0
2026-03-03 14:10:00,0.00080870005,0.15667237497977027,0.8399999812245369,11.259999748319387,0.024794210762571562,0.8172840744953497,0.8420782852579213,0.9995593602837279,0.005493633158953499,8.0
2026-03-03 14:20:00,0.00080870005,0.20214682047074994,0.8399999812245369,11.259999748319387,0.024794210762571562,0.8172840744953497,0.8420782852579213,1.0450338057747075,0.005493633158953499,8.0
2026-03-03 14:30:00,0.00080870005,0.24640023947776066,0.8399999812245369,11.259999748319387,0.024794210762571562,0.8172840744953497,0.8420782852579213,1.0892872247817182,0.005493633158953499,8.0
2026-03-03 14:40:00,0.00080870005,0.2891405331201092,0.8399999812245369,11.259999748319387,0.024794210762571562,0.8172840744953497,0.8420782852579213,1.132027518424067,0.005493633158953499,8.0
2026-03-03 14:50:00,0.00080870005,0.3300869051507754,0.8399999812245369,11.259999748319387,0.024794210762571562,0.8172840744953497,0.8420782852579213,1.172973890454733,0.005493633158953499,8.0
2026-03-03 15:00:00,0.00080870005,0.36897247157421603,0.8599999807775021,11.119999751448631,0.024775719068319685,0.8166745383674522,0.8414502574357718,1.2112314290560242,0.005493633158953499,8.0
2026-03-03 15:10:00,0.00080870005,0.40554651613411824,0.8599999807775021,11.119999751448631,0.024775719068319685,0.8166745383674522,0.8414502574357718,1.2478054736159265,0.005493633158953499,8.0
2026-03-03 15:20:00,0.00080870005,0.4395763086503699,0.8599999807775021,11.119999751448631,0.024775719068319685,0.8166745383674522,0.8414502574357718,1.2818352661321781,0.005493633158953499,8.0
2026-03-03 15:30:00,0.00080870005,0.47084844752524924,0.8599999807775021,11.119999751448631,0.024775719068319685,0.8166745383674522,0.8414502574357718,1.3131074050070575,0.005493633158953499,8.0
2026-03-03 15:40:00,0.00080870005,0.49916973588819014,0.8599999807775021,11.119999751448631,0.024775719068319685,0.8166745383674522,0.8414502574357718,1.3414286933699984,0.005493633158953499,8.0
2026-03-03 15:50:00,0.00080870005,0.5243676469373761,0.8599999807775021,11.119999751448631,0.024775719068319685,0.8166745383674522,0.8414502574357718,1.3666266044191844,0.005493633158953499,8.0
2026-03-03 16:00:00,0.00080870005,0.5462904728771062,0.8599999807775021,11.119999751448631,0.024775719068319685,0.8166745383674522,0.8414502574357718,1.3885494303589145,0.005493633158953499,8.0
2026-03-03 16:10:00,0.00080870005,0.5648072788709475,0.8599999807775021,11.119999751448631,0.024775719068319685,0.8166745383674522,0.8414502574357718,1.4070662363527557,0.005493633158953499,8.0
2026-03-03 16:20:00,0.00080870005,0.579807795405995,0.8599999807775021,11.119999751448631,0.024775719068319685,0.8166745383674522,0.8414502574357718,1.4220667528878033,0.005493633158953499,8.0
2026-03-03 16:30:00,0.00080870005,0.5912023781181651,0.8599999807775021,11.119999751448631,0.024775719068319685,0.8166745383674522,0.8414502574357718,1.4334613355999735,0.005493633158953499,8.0
2026-03-03 16:40:00,0.00080870005,0.5989221436976352,0.8599999807775021,11.119999751448631,0.024775719068319685,0.8166745383674522,0.8414502574357718,1.4411811011794433,0.005493633158953499,8.0
2026-03-03 16:50:00,0.00080870005,0.6029193564922962,0.8599999807775021,11.119999751448631,0.024775719068319685,0.8166745383674522,0.8414502574357718,1.4451783139741043,0.005493633158953499,8.0
2026-03-03 17:00:00,0.00080870005,0.603168096551671,0.8599999807775021,11.119999751448631,0.024775719068319685,0.8166745383674522,0.8414502574357718,1.4454270540334793,0.005493633158953499,8.0
2026-03-03 17:10:00,0.00080870005,0.599665191239861,0.8599999807775021,11.119999751448631,0.024775719068319685,0.8166745383674522,0.8414502574357718,1.4419241487216692,0.005493633158953499,8.0
2026-03-03 17:20:00,0.00080870005,0.5924313447303968,0.8599999807775021,11.119999751448631,0.024775719068319685,0.8166745383674522,0.8414502574357718,1.434690302212205,0.005493633158953499,8.0
2026-03-03 17:30:00,0.00080870005,0.581512358242973,0.8599999807775021,11.119999751448631,0.024775719068319685,0.8166745383674522,0.8414502574357718,1.4237713157247813,0.005493633158953499,8.0
2026-03-03 17:40:00,0.00080870005,0.5669803036219017,0.8599999807775021,11.119999751448631,0.024775719068319685,0.8166745383674522,0.8414502574357718,1.40923926110371,0.005493633158953499,8.0
2026-03-03 17:50:00,0.00080870005,0.5489344974352212,0.8599999807775021,11.119999751448631,0.024775719068319685,0.8166745383674522,0.8414502574357718,1.3911934549170293,0.005493633158953499,8.0
2026-03-03 18:00:00,0.00080870005,0.5275021240429478,0.8699999805539846,10.989999754354358,0.024628024319862912,0.8118061210197003,0.8364341453395632,1.3647449694285474,0.005493633158953499,8.0
2026-03-03 18:10:00,0.00080870005,0.5028383742993555,0.8699999805539846,10.989999754354358,0.024628024319862912,0.8118061210197003,0.8364341453395632,1.3400812196849552,0.005493633158953499,8.0
2026-03-03 18:20:00,0.00080870005,0.475125999649174,0.8699999805539846,10.989999754354358,0.024628024319862912,0.8118061210197003,0.8364341453395632,1.3123688450347735,0.005493633158953499,8.0
2026-03-03 18:30:00,0.00080870005,0.4445742260920034,0.8699999805539846,10.989999754354358,0.024628024319862912,0.8118061210197003,0.8364341453395632,1.281817071477603,0.005493633158953499,8.0
2026-03-03 18:40:00,0.00080870005,0.4114170237783349,0.8699999805539846,10.989999754354358,0.024628024319862912,0.8118061210197003,0.8364341453395632,1.2486598691639346,0.005493633158953499,8.0
2026-03-03 18:50:00,0.00080870005,0.3759107804638295,0.8699999805539846,10.989999754354358,0.024628024319862912,0.8118061210197003,0.8364341453395632,1.213153625849429,0.005493633158953499,8.0
2026-03-03 19:00:00,0.00080870005,0.3383314748755318,0.8699999805539846,10.989999754354358,0.024628024319862912,0.8118061210197003,0.8364341453395632,1.1755743202611313,0.005493633158953499,8.0
2026-03-03 19:10:00,0.00080870005,0.29897148401753987,0.8699999805539846,10.989999754354358,0.024628024319862912,0.8118061210197003,0.8364341453395632,1.1362143294031395,0.005493633158953499,8.0
2026-03-03 19:20:00,0.00080870005,0.2581361826262511,0.8699999805539846,10.989999754354358,0.024628024319862912,0.8118061210197003,0.8364341453395632,1.0953790280118507,0.005493633158953499,8.0
2026-03-03 19:30:00,0.00080870005,0.21614050049592176,0.8699999805539846,10.989999754354358,0.024628024319862912,0.8118061210197003,0.8364341453395632,1.0533833458815214,0.005493633158953499,8.0
2026-03-03 19:40:00,0.00080870005,0.1733055940330172,0.8699999805539846,10.989999754354358,0.024628024319862912,0.8118061210197003,0.8364341453395632,1.0105484394186168,0.005493633158953499,8.0
2026-03-03 19:50:00,0.00080870005,0.12995576281584686,0.8699999805539846,10.989999754354358,0.024628024319862912,0.8118061210197003,0.8364341453395632,0.9671986082014464,0.005493633158953499,8.0
2026-03-03 20:00:00,0.00080870005,0.08641570372738572,0.8699999805539846,10.989999754354358,0.024628024319862912,0.8118061210197003,0.8364341453395632,0.9236585491129853,0.005493633158953499,8.0
2026-03-03 20:10:00,0.00080870005,0.0430081483605875,0.8699999805539846,10.989999754354358,0.024628024319862912,0.8118061210197003,0.8364341453395632,0.8802509937461871,0.005493633158953499,8.0
2026-03-03 20:20:00,0.00080870005,5.1879727885086605e-05,0.8699999805539846,10.989999754354358,0.024628024319862912,0.8118061210197003,0.8364341453395632,0.8372947251134847,0.005493633158953499,8.0
2026-03-03 20:30:00,0.00080870005,-0.04213992275314534,0.8699999805539846,10.989999754354358,0.024628024319862912,0.8118061210197003,0.8364341453395632,0.7951029226324542,0.005493633158953499,8.0
2026-03-03 20:40:00,0.00080870005,-0.08326109988116623,0.8699999805539846,10.989999754354358,0.024628024319862912,0.8118061210197003,0.8364341453395632,0.7539817455044333,0.005493633158953499,8.0
2026-03-03 20:50:00,0.00080870005,-0.123013806853432,0.8699999805539846,10.989999754354358,0.024628024319862912,0.8118061210197003,0.8364341453395632,0.7142290385321676,0.005493633158953499,8.0
2026-03-03 21:00:00,0.00080870005,-0.16110981152147805,0.8799999803304672,10.829999757930636,0.02440855376599465,0.8045717794947838,0.8289803332607784,0.6686792217853367,0.005493633158953499,8.0
2026-03-03 21:10:00,0.00080870005,-0.1972719165329299,0.8799999803304672,10.829999757930636,0.02440855376599465,0.8045717794947838,0.8289803332607784,0.6325171167738849,0.005493633158953499,8.0
2026-03-03 21:20:00,0.00080870005,-0.2312356024639507,0.8799999803304672,10.829999757930636,0.02440855376599465,0.8045717794947838,0.8289803332607784,0.598553430842864,0.005493633158953499,8.0
2026-03-03 21:30:00,0.00080870005,-0.2627509523905798,0.8799999803304672,10.829999757930636,0.02440855376599465,0.8045717794947838,0.8289803332607784,0.567038080916235,0.005493633158953499,8.0
2026-03-03 21:40:00,0.00080870005,-0.2915848722957455,0.8799999803304672,10.829999757930636,0.02440855376599465,0.8045717794947838,0.8289803332607784,0.5382041610110693,0.005493633158953499,8.0
2026-03-03 21:50:00,0.00080870005,-0.31752357126970154,0.8799999803304672,10.829999757930636,0.02440855376599465,0.8045717794947838,0.8289803332607784,0.5122654620371132,0.005493633158953499,8.0
2026-03-03 22:00:00,0.00080870005,-0.3403752166272843,0.8799999803304672,10.829999757930636,0.02440855376599465,0.8045717794947838,0.8289803332607784,0.48941381667953043,0.005493633158953499,8.0
2026-03-03 22:10:00,0.00080870005,-0.3599726374848073,0.8799999803304672,10.829999757930636,0.02440855376599465,0.8045717794947838,0.8289803332607784,0.46981639582200746,0.005493633158953499,8.0
2026-03-03 22:20:00,0.00080870005,-0.3761759209092603,0.8799999803304672,10.829999757930636,0.02440855376599465,0.8045717794947838,0.8289803332607784,0.4536131123975545,0.005493633158953499,8.0
2026-03-03 22:30:00,0.00080870005,-0.3888747312058209,0.8799999803304672,10.829999757930636,0.02440855376599465,0.8045717794947838,0.8289803332607784,0.44091430210099386,0.005493633158953499,8.0
2026-03-03 22:40:00,0.00080870005,-0.3979901870113771,0.8799999803304672,10.829999757930636,0.02440855376599465,0.8045717794947838,0.8289803332607784,0.43179884629543763,0.005493633158953499,8.0
2026-03-03 22:50:00,0.00080870005,-0.4034761526635704,0.8799999803304672,10.829999757930636,0.02440855376599465,0.8045717794947838,0.8289803332607784,0.42631288064324435,0.005493633158953499,8.0
2026-03-03 23:00:00,0.00080870005,-0.4053198376951634,0.8799999803304672,10.829999757930636,0.02440855376599465,0.8045717794947838,0.8289803332607784,0.42446919561165136,0.005493633158953499,8.0
2026-03-03 23:10:00,0.00080870005,-0.40354164758409716,0.8799999803304672,10.829999757930636,0.02440855376599465,0.8045717794947838,0.8289803332607784,0.4262473857227176,0.005493633158953499,8.0
2026-03-03 23:20:00,0.00080870005,-0.39819428491400405,0.8799999803304672,10.829999757930636,0.02440855376599465,0.8045717794947838,0.8289803332607784,0.4315947483928107,0.005493633158953499,8.0
2026-03-03 23:30:00,0.00080870005,-0.38936115705401786,0.8799999803304672,10.829999757930636,0.02440855376599465,0.8045717794947838,0.8289803332607784,0.4404278762527969,0.005493633158953499,8.0
2026-03-03 23:40:00,0.00080870005,-0.3771541983172255,0.8799999803304672,10.829999757930636,0.02440855376599465,0.8045717794947838,0.8289803332607784,0.45263483498958923,0.005493633158953499,8.0
2026-03-03 23:50:00,0.00080870005,-0.3617112559115022,0.8799999803304672,10.829999757930636,0.02440855376599465,0.8045717794947838,0.8289803332607784,0.46807777739531253,0.005493633158953499,8.0
2026-03-04 00:00:00,-0.0063821007,-0.3431932154610625,0.909999979659915,10.679999761283398,0.02447733906924927,0.8068391286533301,0.8313164677225794,0.481741151511756,0.005493633158953499,8.0
2026-03-04 00:10:00,-0.0063821007,-0.32178105085605707,0.909999979659915,10.679999761283398,0.02447733906924927,0.8068391286533301,0.8313164677225794,0.5031533161167614,0.005493633158953499,8.0
2026-03-04 00:20:00,-0.0063821007,-0.29767297375441154,0.909999979659915,10.679999761283398,0.02447733906924927,0.8068391286533301,0.8313164677225794,0.5272613932184069,0.005493633158953499,8.0
2026-03-04 00:30:00,-0.0063821007,-0.27108183157550764,0.909999979659915,10.679999761283398,0.02447733906924927,0.8068391286533301,0.8313164677225794,0.5538525353973109,0.005493633158953499,8.0
2026-03-04 00:40:00,-0.0063821007,-0.24223286215898998,0.909999979659915,10.679999761283398,0.02447733906924927,0.8068391286533301,0.8313164677225794,0.5827015048138285,0.005493633158953499,8.0
2026-03-04 00:50:00,-0.0063821007,-0.21136186314498492,0.909999979659915,10.679999761283398,0.02447733906924927,0.8068391286533301,0.8313164677225794,0.6135725038278336,0.005493633158953499,8.0
2026-03-04 01:00:00,-0.0063821007,-0.17871378002468968,0.909999979659915,10.679999761283398,0.02447733906924927,0.8068391286533301,0.8313164677225794,0.6462205869481288,0.005493633158953499,8.0
2026-03-04 01:10:00,-0.0063821007,-0.14454166465035645,0.909999979659915,10.679999761283398,0.02447733906924927,0.8068391286533301,0.8313164677225794,0.6803927023224621,0.005493633158953499,8.0
2026-03-04 01:20:00,-0.0063821007,-0.10910591152564506,0.909999979659915,10.679999761283398,0.02447733906924927,0.8068391286533301,0.8313164677225794,0.7158284554471734,0.005493633158953499,8.0
2026-03-04 01:30:00,-0.0063821007,-0.07267364711174222,0.909999979659915,10.679999761283398,0.02447733906924927,0.8068391286533301,0.8313164677225794,0.7522607198610763,0.005493633158953499,8.0
2026-03-04 01:40:00,-0.0063821007,-0.03551813097806628,0.909999979659915,10.679999761283398,0.02447733906924927,0.8068391286533301,0.8313164677225794,0.7894162359947522,0.005493633158953499,8.0
2026-03-04 01:50:00,-0.0063821007,0.0020819714451041993,0.909999979659915,10.679999761283398,0.02447733906924927,0.8068391286533301,0.8313164677225794,0.8270163384179228,0.005493633158953499,8.0
2026-03-04 02:00:00,-0.0063821007,0.03984356699146401,0.909999979659915,10.679999761283398,0.02447733906924927,0.8068391286533301,0.8313164677225794,0.8647779339642825,0.005493633158953499,8.0
2026-03-04 02:10:00,-0.0063821007,0.0774804539623201,0.909999979659915,10.679999761283398,0.02447733906924927,0.8068391286533301,0.8313164677225794,0.9024148209351386,0.005493633158953499,8.0
2026-03-04 02:20:00,-0.0063821007,0.11470502958741849,0.909999979659915,10.679999761283398,0.02447733906924927,0.8068391286533301,0.8313164677225794,0.939639396560237,0.005493633158953499,8.0
2026-03-04 02:30:00,-0.0063821007,0.15123038436171743,0.909999979659915,10.679999761283398,0.02447733906924927,0.8068391286533301,0.8313164677225794,0.976164751334536,0.005493633158953499,8.0
2026-03-04 02:40:00,-0.0063821007,0.18677273341862893,0.909999979659915,10.679999761283398,0.02447733906924927,0.8068391286533301,0.8313164677225794,1.0117071003914475,0.005493633158953499,8.0
2026-03-04 02:50:00,-0.0063821007,0.22105409219276115,0.909999979659915,10.679999761283398,0.02447733906924927,0.8068391286533301,0.8313164677225794,1.0459884591655797,0.005493633158953499,8.0
2026-03-04 03:00:00,-0.0063821007,0.2538050714217926,0.9399999789893627,10.549999764189124,0.02457472357747816,0.8100491847603861,0.8346239083378643,1.082046879009896,0.005493633158953499,8.0
2026-03-04 03:10:00,-0.0063821007,0.28476764838851676,0.9399999789893627,10.549999764189124,0.02457472357747816,0.8100491847603861,0.8346239083378643,1.1130094559766202,0.005493633158953499,8.0
2026-03-04 03:20:00,-0.0063821007,0.31369776951066614,0.9399999789893627,10.549999764189124,0.02457472357747816,0.8100491847603861,0.8346239083378643,1.1419395770987695,0.005493633158953499,8.0
2026-03-04 03:30:00,-0.0063821007,0.3403676537708308,0.9399999789893627,10.549999764189124,0.02457472357747816,0.8100491847603861,0.8346239083378643,1.1686094613589342,0.005493633158953499,8.0
2026-03-04 03:40:00,-0.0063821007,0.3645676955627862,0.9399999789893627,10.549999764189124,0.02457472357747816,0.8100491847603861,0.8346239083378643,1.1928095031508896,0.005493633158953499,8.0
2026-03-04 03:50:00,-0.0063821007,0.38610790563898306,0.9399999789893627,10.549999764189124,0.02457472357747816,0.8100491847603861,0.8346239083378643,1.2143497132270864,0.005493633158953499,8.0
2026-03-04 04:00:00,-0.0063821007,0.404818875425638,0.9399999789893627,10.549999764189124,0.02457472357747816,0.8100491847603861,0.8346239083378643,1.2330606830137414,0.005493633158953499,8.0
2026-03-04 04:10:00,-0.0063821007,0.4205522975429902,0.9399999789893627,10.549999764189124,0.02457472357747816,0.8100491847603861,0.8346239083378643,1.2487941051310936,0.005493633158953499,8.0
2026-03-04 04:20:00,-0.0063821007,0.4331811183255003,0.9399999789893627,10.549999764189124,0.02457472357747816,0.8100491847603861,0.8346239083378643,1.2614229259136036,0.005493633158953499,8.0
2026-03-04 04:30:00,-0.0063821007,0.4425994315495623,0.9399999789893627,10.549999764189124,0.02457472357747816,0.8100491847603861,0.8346239083378643,1.2708412391376658,0.005493633158953499,8.0
2026-03-04 04:40:00,-0.0063821007,0.44872224244623715,0.9399999789893627,10.549999764189124,0.02457472357747816,0.8100491847603861,0.8346239083378643,1.2769640500343407,0.005493633158953499,8.0
2026-03-04 04:50:00,-0.0063821007,0.45148523511490707,0.9399999789893627,10.549999764189124,0.02457472357747816,0.8100491847603861,0.8346239083378643,1.2797270427030105,0.005493633158953499,8.0
2026-03-04 05:00:00,-0.0063821007,0.4508446640397186,0.9399999789893627,10.549999764189124,0.02457472357747816,0.8100491847603861,0.8346239083378643,1.279086471627822,0.005493633158953499,8.0
2026-03-04 05:10:00,-0.0063821007,0.4467774629965375,0.9399999789893627,10.549999764189124,0.02457472357747816,0.8100491847603861,0.8346239083378643,1.2750192705846408,0.005493633158953499,8.0
2026-03-04 05:20:00,-0.0063821007,0.4392816252335385,0.9399999789893627,10.549999764189124,0.02457472357747816,0.8100491847603861,0.8346239083378643,1.2675234328216418,0.005493633158953499,8.0
2026-03-04 05:30:00,-0.0063821007,0.42837686196550534,0.9399999789893627,10.549999764189124,0.02457472357747816,0.8100491847603861,0.8346239083378643,1.2566186695536088,0.005493633158953499,8.0
2026-03-04 05:40:00,-0.0063821007,0.4141054972796029,0.9399999789893627,10.549999764189124,0.02457472357747816,0.8100491847603861,0.8346239083378643,1.2423473048677063,0.005493633158953499,8.0
2026-03-04 05:50:00,-0.0063821007,0.39653351217511806,0.9399999789893627,10.549999764189124,0.02457472357747816,0.8100491847603861,0.8346239083378643,1.2247753197632214,0.005493633158953499,8.0
2026-03-04 06:00:00,-0.0063821007,0.3757516139207345,0.9699999783188105,10.399999767541885,0.024608858068107448,0.8111743496567193,0.8357832077248267,1.2051527208958004,0.005493633158953499,8.0
2026-03-04 06:10:00,-0.0063821007,0.35187618353688105,0.9699999783188105,10.399999767541885,0.024608858068107448,0.8111743496567193,0.8357832077248267,1.1812772905119469,0.005493633158953499,8.0
2026-03-04 06:20:00,-0.0063821007,0.32504994684941724,0.9699999783188105,10.399999767541885,0.024608858068107448,0.8111743496567193,0.8357832077248267,1.154451053824483,0.005493633158953499,8.0
2026-03-04 06:30:00,-0.0063821007,0.2954422242679931,0.9699999783188105,10.399999767541885,0.024608858068107448,0.8111743496567193,0.8357832077248267,1.124843331243059,0.005493633158953499,8.0
2026-03-04 06:40:00,-0.0063821007,0.263248640369434,0.9699999783188105,10.399999767541885,0.024608858068107448,0.8111743496567193,0.8357832077248267,1.0926497473444998,0.005493633158953499,8.0
2026-03-04 06:50:00,-0.0063821007,0.22869021386547808,0.9699999783188105,10.399999767541885,0.024608858068107448,0.8111743496567193,0.8357832077248267,1.058091320840544,0.005493633158953499,8.0
2026-03-04 07:00:00,-0.0063821007,0.1920117973444534,0.9699999783188105,10.399999767541885,0.024608858068107448,0.8111743496567193,0.8357832077248267,1.0214129043195193,0.005493633158953499,8.0
2026-03-04 07:10:00,-0.0063821007,0.1534798890768003,0.9699999783188105,10.399999767541885,0.024608858068107448,0.8111743496567193,0.8357832077248267,0.9828809960518662,0.005493633158953499,8.0
2026-03-04 07:20:00,-0.0063821007,0.11337989043950102,0.9699999783188105,10.399999767541885,0.024608858068107448,0.8111743496567193,0.8357832077248267,0.9427809974145669,0.005493633158953499,8.0
2026-03-04 07:30:00,-0.0063821007,0.07201292649897684,0.9699999783188105,10.399999767541885,0.024608858068107448,0.8111743496567193,0.8357832077248267,0.9014140334740427,0.005493633158953499,8.0
2026-03-04 07:40:00,-0.0063821007,0.029692379412466885,0.9699999783188105,10.399999767541885,0.024608858068107448,0.8111743496567193,0.8357832077248267,0.8590934863875328,0.005493633158953499,8.0
2026-03-04 07:50:00,-0.0063821007,-0.013259699094851415,0.9699999783188105,10.399999767541885,0.024608858068107448,0.8111743496567193,0.8357832077248267,0.8161414078802145,0.005493633158953499,8.0
2026-03-04 08:00:00,-0.0063821007,-0.05651613025643921,0.9699999783188105,10.399999767541885,0.024608858068107448,0.8111743496567193,0.8357832077248267,0.7728849767186267,0.005493633158953499,8.0
2026-03-04 08:10:00,-0.0063821007,-0.09974795722867262,0.9699999783188105,10.399999767541885,0.024608858068107448,0.8111743496567193,0.8357832077248267,0.7296531497463933,0.005493633158953499,8.0
2026-03-04 08:20:00,-0.0063821007,-0.1426274839050588,0.9699999783188105,10.399999767541885,0.024608858068107448,0.8111743496567193,0.8357832077248267,0.686773623070007,0.005493633158953499,8.0
2026-03-04 08:30:00,-0.0063821007,-0.18483093002001877,0.9699999783188105,10.399999767541885,0.024608858068107448,0.8111743496567193,0.8357832077248267,0.6445701769550471,0.005493633158953499,8.0
2026-03-04 08:40:00,-0.0063821007,-0.22604067803259753,0.9699999783188105,10.399999767541885,0.024608858068107448,0.8111743496567193,0.8357832077248267,0.6033604289424683,0.005493633158953499,8.0
2026-03-04 08:50:00,-0.0063821007,-0.2659471365612269,0.9699999783188105,10.399999767541885,0.024608858068107448,0.8111743496567193,0.8357832077248267,0.5634539704138389,0.005493633158953499,8.0
2026-03-04 09:00:00,-0.0063821007,-0.3042502892107411,0.9999999776482582,10.269999770447612,0.024674178296923286,0.8133274806139734,0.8380016589108967,0.5273692689503948,0.005493633158953499,8.0
2026-03-04 09:10:00,-0.0063821007,-0.3406610311747001,0.9999999776482582,10.269999770447612,0.024674178296923286,0.8133274806139734,0.8380016589108967,0.4909585269864358,0.005493633158953499,8.0
2026-03-04 09:20:00,-0.0063821007,-0.37490241531404267,0.9999999776482582,10.269999770447612,0.024674178296923286,0.8133274806139734,0.8380016589108967,0.4567171428470932,0.005493633158953499,8.0
2026-03-04 09:30:00,-0.0063821007,-0.40671093222018073,0.9999999776482582,10.269999770447612,0.024674178296923286,0.8133274806139734,0.8380016589108967,0.42490862594095513,0.005493633158953499,8.0
2026-03-04 09:40:00,-0.0063821007,-0.4358379347096797,0.9999999776482582,10.269999770447612,0.024674178296923286,0.8133274806139734,0.8380016589108967,0.3957816234514562,0.005493633158953499,8.0
2026-03-04 09:50:00,-0.0063821007,-0.46205128786691513,0.9999999776482582,10.269999770447612,0.024674178296923286,0.8133274806139734,0.8380016589108967,0.36956827029422074,0.005493633158953499,8.0
2026-03-04 10:00:00,-0.0063821007,-0.4851372845624918,0.9999999776482582,10.269999770447612,0.024674178296923286,0.8133274806139734,0.8380016589108967,0.3464822735986441,0.005493633158953499,8.0
2026-03-04 10:10:00,-0.0063821007,-0.5049028180171227,0.9999999776482582,10.269999770447612,0.024674178296923286,0.8133274806139734,0.8380016589108967,0.3267167401440132,0.005493633158953499,8.0
2026-03-04 10:20:00,-0.0063821007,-0.5211777530820018,0.9999999776482582,10.269999770447612,0.024674178296923286,0.8133274806139734,0.8380016589108967,0.3104418050791341,0.005493633158953499,8.0
2026-03-04 10:30:00,-0.0063821007,-0.5338173923486111,0.9999999776482582,10.269999770447612,0.024674178296923286,0.8133274806139734,0.8380016589108967,0.2978021658125247,0.005493633158953499,8.0
2026-03-04 10:40:00,-0.0063821007,-0.5427048972997267,0.9999999776482582,10.269999770447612,0.024674178296923286,0.8133274806139734,0.8380016589108967,0.28891466086140916,0.005493633158953499,8.0
2026-03-04 10:50:00,-0.0063821007,-0.5477535029193278,0.9999999776482582,10.269999770447612,0.024674178296923286,0.8133274806139734,0.8380016589108967,0.2838660552418081,0.005493633158953499,8.0
2026-03-04 11:00:00,-0.0063821007,-0.5489083592850316,0.9999999776482582,10.269999770447612,0.024674178296923286,0.8133274806139734,0.8380016589108967,0.2827111988761043,0.005493633158953499,8.0
2026-03-04 11:10:00,-0.0063821007,-0.5461478466295673,0.9999999776482582,10.269999770447612,0.024674178296923286,0.8133274806139734,0.8380016589108967,0.2854717115315686,0.005493633158953499,8.0
2026-03-04 11:20:00,-0.0063821007,-0.5394842401681286,0.9999999776482582,10.269999770447612,0.024674178296923286,0.8133274806139734,0.8380016589108967,0.2921353179930073,0.005493633158953499,8.0
2026-03-04 11:30:00,-0.0063821007,-0.5289636447585354,0.9999999776482582,10.269999770447612,0.024674178296923286,0.8133274806139734,0.8380016589108967,0.30265591340260045,0.005493633158953499,8.0
2026-03-04 11:40:00,-0.0063821007,-0.5146651727246593,0.9999999776482582,10.269999770447612,0.024674178296923286,0.8133274806139734,0.8380016589108967,0.3169543854364766,0.005493633158953499,8.0
2026-03-04 11:50:00,-0.0063821007,-0.49669939537547436,0.9999999776482582,10.269999770447612,0.024674178296923286,0.8133274806139734,0.8380016589108967,0.3349201627856615,0.005493633158953499,8.0
2026-03-04 12:00:00,-0.0063821007,-0.47520615392206816,1.029999976977706,10.169999772682786,0.024797723905853077,0.8173998771753744,0.8421976010812275,0.3606093464093985,0.005493633158953499,8.0
2026-03-04 12:10:00,-0.0063821007,-0.450351862784156,1.029999976977706,10.169999772682786,0.024797723905853077,0.8173998771753744,0.8421976010812275,0.38546363754731067,0.005493633158953499,8.0
2026-03-04 12:20:00,-0.0063821007,-0.42232647275538954,1.029999976977706,10.169999772682786,0.024797723905853077,0.8173998771753744,0.8421976010812275,0.41348902757607714,0.005493633158953499,8.0
2026-03-04 12:30:00,-0.0063821007,-0.3913402795252941,1.029999976977706,10.169999772682786,0.024797723905853077,0.8173998771753744,0.8421976010812275,0.4444752208061726,0.005493633158953499,8.0
2026-03-04 12:40:00,-0.0063821007,-0.35762076287816186,1.029999976977706,10.169999772682786,0.024797723905853077,0.8173998771753744,0.8421976010812275,0.4781947374533048,0.005493633158953499,8.0
2026-03-04 12:50:00,-0.0063821007,-0.3214096236347385,1.029999976977706,10.169999772682786,0.024797723905853077,0.8173998771753744,0.8421976010812275,0.5144058766967281,0.005493633158953499,8.0
2026-03-04 13:00:00,-0.0063821007,-0.2829601512260535,1.029999976977706,10.169999772682786,0.024797723905853077,0.8173998771753744,0.8421976010812275,0.5528553491054131,0.005493633158953499,8.0
2026-03-04 13:10:00,-0.0063821007,-0.24253500847599072,1.029999976977706,10.169999772682786,0.024797723905853077,0.8173998771753744,0.8421976010812275,0.5932804918554759,0.005493633158953499,8.0
2026-03-04 13:20:00,-0.0063821007,-0.20040446694079386,1.029999976977706,10.169999772682786,0.024797723905853077,0.8173998771753744,0.8421976010812275,0.6354110333906728,0.005493633158953499,8.0
2026-03-04 13:30:00,-0.0063821007,-0.15684507170918058,1.029999976977706,10.169999772682786,0.024797723905853077,0.8173998771753744,0.8421976010812275,0.6789704286222861,0.005493633158953499,8.0
2026-03-04 13:40:00,-0.0063821007,-0.1121386649414432,1.029999976977706,10.169999772682786,0.024797723905853077,0.8173998771753744,0.8421976010812275,0.7236768353900235,0.005493633158953499,8.0
2026-03-04 13:50:00,-0.0063821007,-0.06657165787435605,1.029999976977706,10.169999772682786,0.024797723905853077,0.8173998771753744,0.8421976010812275,0.7692438424571106,0.005493633158953499,8.0
2026-03-04 14:00:00,-0.0063821007,-0.020434415624475774,1.029999976977706,10.169999772682786,0.024797723905853077,0.8173998771753744,0.8421976010812275,0.8153810847069909,0.005493633158953499,8.0
2026-03-04 14:10:00,-0.0063821007,0.025979389412322054,1.029999976977706,10.169999772682786,0.024797723905853077,0.8173998771753744,0.8421976010812275,0.8617948897437887,0.005493633158953499,8.0
2026-03-04 14:20:00,-0.0063821007,0.07237359107723848,1.029999976977706,10.169999772682786,0.024797723905853077,0.8173998771753744,0.8421976010812275,0.9081890914087052,0.005493633158953499,8.0
2026-03-04 14:30:00,-0.0063821007,0.1184506205122011,1.029999976977706,10.169999772682786,0.024797723905853077,0.8173998771753744,0.8421976010812275,0.9542661208436678,0.005493633158953499,8.0
2026-03-04 14:40:00,-0.0063821007,0.16391294770996737,1.029999976977706,10.169999772682786,0.024797723905853077,0.8173998771753744,0.8421976010812275,0.999728448041434,0.005493633158953499,8.0
2026-03-04 14:50:00,-0.0063821007,0.20846490025665823,1.029999976977706,10.169999772682786,0.024797723905853077,0.8173998771753744,0.8421976010812275,1.044280400588125,0.005493633158953499,8.0
2026-03-04 15:00:00,-0.0063821007,0.2518148368577672,1.0699999760836363,18.69999958202243,0.04647353951251785,1.5318932347847742,1.578366774297292,1.8237995104052982,0.005493633158953499,8.0
2026-03-04 15:10:00,-0.0063821007,0.29367760674781646,1.0699999760836363,18.69999958202243,0.04647353951251785,1.5318932347847742,1.578366774297292,1.8656622802953475,0.005493633158953499,8.0
2026-03-04 15:20:00,-0.0063821007,0.3337771877014894,1.0699999760836363,18.69999958202243,0.04647353951251785,1.5318932347847742,1.578366774297292,1.9057618612490206,0.005493633158953499,8.0
2026-03-04 15:30:00,-0.0063821007,0.37184936939131213,1.0699999760836363,18.69999958202243,0.04647353951251785,1.5318932347847742,1.578366774297292,1.9438340429388432,0.005493633158953499,8.0
2026-03-04 15:40:00,-0.0063821007,0.40764433816721074,1.0699999760836363,18.69999958202243,0.04647353951251785,1.5318932347847742,1.578366774297292,1.979629011714742,0.005493633158953499,8.0
2026-03-04 15:50:00,-0.0063821007,0.44092902519317706,1.0699999760836363,18.69999958202243,0.04647353951251785,1.5318932347847742,1.578366774297292,2.012913698740708,0.005493633158953499,8.0
2026-03-04 16:00:00,-0.0063821007,0.4714891013003394,1.0699999760836363,18.69999958202243,0.04647353951251785,1.5318932347847742,1.578366774297292,2.0434737748478704,0.005493633158953499,8.0
2026-03-04 16:10:00,-0.0063821007,0.4991305365558187,1.0699999760836363,18.69999958202243,0.04647353951251785,1.5318932347847742,1.578366774297292,2.0711152101033496,0.005493633158953499,8.0
2026-03-04 16:20:00,-0.0063821007,0.523680686062452,1.0699999760836363,18.69999958202243,0.04647353951251785,1.5318932347847742,1.578366774297292,2.095665359609983,0.005493633158953499,8.0
2026-03-04 16:30:00,-0.0063821007,0.5449889110009298,1.0699999760836363,18.69999958202243,0.04647353951251785,1.5318932347847742,1.578366774297292,2.116973584548461,0.005493633158953499,8.0
2026-03-04 16:40:00,-0.0063821007,0.5629267896608693,1.0699999760836363,18.69999958202243,0.04647353951251785,1.5318932347847742,1.578366774297292,2.1349114632084003,0.005493633158953499,8.0
2026-03-04 16:50:00,-0.0063821007,0.5773880119190579,1.0699999760836363,18.69999958202243,0.04647353951251785,1.5318932347847742,1.578366774297292,2.149372685466589,0.005493633158953499,8.0
2026-03-04 17:00:00,-0.0063821007,0.5882880777543993,1.0699999760836363,18.69999958202243,0.04647353951251785,1.5318932347847742,1.578366774297292,2.1602727513019304,0.005493633158953499,8.0
2026-03-04 17:10:00,-0.0063821007,0.5955639326444746,1.0699999760836363,18.69999958202243,0.04647353951251785,1.5318932347847742,1.578366774297292,2.167548606192006,0.005493633158953499,8.0
2026-03-04 17:20:00,-0.0063821007,0.5991736686919679,1.0699999760836363,18.69999958202243,0.04647353951251785,1.5318932347847742,1.578366774297292,2.171158342239499,0.005493633158953499,8.0
2026-03-04 17:30:00,-0.0063821007,0.5990964003197115,1.0699999760836363,18.69999958202243,0.04647353951251785,1.5318932347847742,1.578366774297292,2.1710810738672426,0.005493633158953499,8.0
2026-03-04 17:40:00,-0.0063821007,0.5953323896936593,1.0699999760836363,18.69999958202243,0.04647353951251785,1.5318932347847742,1.578366774297292,2.1673170632411907,0.005493633158953499,8.0
2026-03-04 17:50:00,-0.0063821007,0.587903453406678,1.0699999760836363,18.69999958202243,0.04647353951251785,1.5318932347847742,1.578366774297292,2.1598881269542094,0.005493633158953499,8.0
2026-03-04 18:00:00,-0.0063821007,0.5768536334293625,1.1099999751895666,18.269999591633677,0.04624579948278732,1.524386309026733,1.5706321085095205,2.141103641189122,0.005493633158953499,8.0
2026-03-04 18:10:00,-0.0063821007,0.5622500674576347,1.1099999751895666,18.269999591633677,0.04624579948278732,1.524386309026733,1.5706321085095205,2.126500075217394,0.005493633158953499,8.0
2026-03-04 18:20:00,-0.0063821007,0.5441839521241629,1.1099999751895666,18.269999591633677,0.04624579948278732,1.524386309026733,1.5706321085095205,2.1084339598839223,0.005493633158953499,8.0
2026-03-04 18:30:00,-0.0063821007,0.5227714619691581,1.1099999751895666,18.269999591633677,0.04624579948278732,1.524386309026733,1.5706321085095205,2.087021469728918,0.005493633158953499,8.0
2026-03-04 18:40:00,-0.0063821007,0.49815447127023255,1.1099999751895666,18.269999591633677,0.04624579948278732,1.524386309026733,1.5706321085095205,2.062404479029992,0.005493633158953499,8.0
2026-03-04 18:50:00,-0.0063821007,0.47050092679717137,1.1099999751895666,18.269999591633677,0.04624579948278732,1.524386309026733,1.5706321085095205,2.0347509345569312,0.005493633158953499,8.0
2026-03-04 19:00:00,-0.0063821007,0.4400047374846755,1.1099999751895666,18.269999591633677,0.04624579948278732,1.524386309026733,1.5706321085095205,2.004254745244435,0.005493633158953499,8.0
2026-03-04 19:10:00,-0.0063821007,0.40688508008003715,1.1099999751895666,18.269999591633677,0.04624579948278732,1.524386309026733,1.5706321085095205,1.9711350878397969,0.005493633158953499,8.0
2026-03-04 19:20:00,-0.0063821007,0.37138506464491755,1.1099999751895666,18.269999591633677,0.04624579948278732,1.524386309026733,1.5706321085095205,1.9356350724046771,0.005493633158953499,8.0
2026-03-04 19:30:00,-0.0063821007,0.3337697554827544,1.1099999751895666,18.269999591633677,0.04624579948278732,1.524386309026733,1.5706321085095205,1.898019763242514,0.005493633158953499,8.0
2026-03-04 19:40:00,-0.0063821007,0.29432359614501,1.1099999751895666,18.269999591633677,0.04624579948278732,1.524386309026733,1.5706321085095205,1.8585736039047696,0.005493633158953499,8.0
2026-03-04 19:50:00,-0.0063821007,0.2533473358496825,1.1099999751895666,18.269999591633677,0.04624579948278732,1.524386309026733,1.5706321085095205,1.8175973436094421,0.005493633158953499,8.0
2026-03-04 20:00:00,-0.0063821007,0.21115459362693031,1.1099999751895666,18.269999591633677,0.04624579948278732,1.524386309026733,1.5706321085095205,1.77540460138669,0.005493633158953499,8.0
2026-03-04 20:10:00,-0.0063821007,0.16806822174589062,1.1099999751895666,18.269999591633677,0.04624579948278732,1.524386309026733,1.5706321085095205,1.7323182295056503,0.005493633158953499,8.0
2026-03-04 20:20:00,-0.0063821007,0.12441663861450675,1.1099999751895666,18.269999591633677,0.04624579948278732,1.524386309026733,1.5706321085095205,1.6886666463742663,0.005493633158953499,8.0
2026-03-04 20:30:00,-0.0063821007,0.080530292836073,1.1099999751895666,18.269999591633677,0.04624579948278732,1.524386309026733,1.5706321085095205,1.6447803005958326,0.005493633158953499,8.0
2026-03-04 20:40:00,-0.0063821007,0.03673839533653182,1.1099999751895666,18.269999591633677,0.04624579948278732,1.524386309026733,1.5706321085095205,1.6009884030962915,0.005493633158953499,8.0
2026-03-04 20:50:00,-0.0063821007,-0.0066339814033324175,1.1099999751895666,18.269999591633677,0.04624579948278732,1.524386309026733,1.5706321085095205,1.5576160263564272,0.005493633158953499,8.0
2026-03-04 21:00:00,-0.0063821007,-0.049268384691409046,1.149999974295497,17.88999960012734,0.04609263281728994,1.5193375225316397,1.5654301553489296,1.5097796699077597,0.005493633158953499,8.0
2026-03-04 21:10:00,-0.0063821007,-0.09085504133553891,1.149999974295497,17.88999960012734,0.04609263281728994,1.5193375225316397,1.5654301553489296,1.4681930132636298,0.005493633158953499,8.0
2026-03-04 21:20:00,-0.0063821007,-0.13109454123042838,1.149999974295497,17.88999960012734,0.04609263281728994,1.5193375225316397,1.5654301553489296,1.4279535133687404,0.005493633158953499,8.0
2026-03-04 21:30:00,-0.0063821007,-0.16969923029011696,1.149999974295497,17.88999960012734,0.04609263281728994,1.5193375225316397,1.5654301553489296,1.3893488243090517,0.005493633158953499,8.0
2026-03-04 21:40:00,-0.0063821007,-0.206394425656377,1.149999974295497,17.88999960012734,0.04609263281728994,1.5193375225316397,1.5654301553489296,1.3526536289427917,0.005493633158953499,8.0
2026-03-04 21:50:00,-0.0063821007,-0.24091957816258233,1.149999974295497,17.88999960012734,0.04609263281728994,1.5193375225316397,1.5654301553489296,1.3181284764365864,0.005493633158953499,8.0
2026-03-04 22:00:00,-0.0063821007,-0.27302950205503185,1.149999974295497,17.88999960012734,0.04609263281728994,1.5193375225316397,1.5654301553489296,1.286018552544137,0.005493633158953499,8.0
2026-03-04 22:10:00,-0.0063821007,-0.30249577080585655,1.149999974295497,17.88999960012734,0.04609263281728994,1.5193375225316397,1.5654301553489296,1.256552283793312,0.005493633158953499,8.0
2026-03-04 22:20:00,-0.0063821007,-0.3291083427164483,1.149999974295497,17.88999960012734,0.04609263281728994,1.5193375225316397,1.5654301553489296,1.2299397118827204,0.005493633158953499,8.0
2026-03-04 22:30:00,-0.0063821007,-0.3526774351921393,1.149999974295497,17.88999960012734,0.04609263281728994,1.5193375225316397,1.5654301553489296,1.2063706194070294,0.005493633158953499,8.0
2026-03-04 22:40:00,-0.0063821007,-0.37303561712156713,1.149999974295497,17.88999960012734,0.04609263281728994,1.5193375225316397,1.5654301553489296,1.1860124374776015,0.005493633158953499,8.0
2026-03-04 22:50:00,-0.0063821007,-0.3900400406015161,1.149999974295497,17.88999960012734,0.04609263281728994,1.5193375225316397,1.5654301553489296,1.1690080139976526,0.005493633158953499,8.0
2026-03-04 23:00:00,-0.0063821007,-0.4035746920125379,1.149999974295497,17.88999960012734,0.04609263281728994,1.5193375225316397,1.5654301553489296,1.155473362586631,0.005493633158953499,8.0
2026-03-04 23:10:00,-0.0063821007,-0.41355251306550034,1.149999974295497,17.88999960012734,0.04609263281728994,1.5193375225316397,1.5654301553489296,1.1454955415336685,0.005493633158953499,8.0
2026-03-04 23:20:00,-0.0063821007,-0.4199172287052938,1.149999974295497,17.88999960012734,0.04609263281728994,1.5193375225316397,1.5654301553489296,1.1391308258938748,0.005493633158953499,8.0
2026-03-04 23:30:00,-0.0063821007,-0.42264472250497287,1.149999974295497,17.88999960012734,0.04609263281728994,1.5193375225316397,1.5654301553489296,1.1364033320941958,0.005493633158953499,8.0
2026-03-04 23:40:00,-0.0063821007,-0.4217438215503514,1.149999974295497,17.88999960012734,0.04609263281728994,1.5193375225316397,1.5654301553489296,1.1373042330488174,0.005493633158953499,8.0
2026-03-04 23:50:00,-0.0063821007,-0.41725638976324503,1.149999974295497,17.88999960012734,0.04609263281728994,1.5193375225316397,1.5654301553489296,1.1417916648359236,0.005493633158953499,8.0
2026-03-05 00:00:00,-0.00039159975,-0.4092566775079432,1.1799999736249447,17.569999607279897,0.045854822872332626,1.511498665201943,1.5573534880742756,1.147705210815022,0.005493633158953499,8.0
2026-03-05 00:10:00,-0.00039159975,-0.3978499310966374,1.1799999736249447,17.569999607279897,0.045854822872332626,1.511498665201943,1.5573534880742756,1.1591119572263278,0.005493633158953499,8.0
2026-03-05 00:20:00,-0.00039159975,-0.3831703226380296,1.1799999736249447,17.569999607279897,0.045854822872332626,1.511498665201943,1.5573534880742756,1.1737915656849356,0.005493633158953499,8.0
2026-03-05 00:30:00,-0.00039159975,-0.3653783125325025,1.1799999736249447,17.569999607279897,0.045854822872332626,1.511498665201943,1.5573534880742756,1.1915835757904627,0.005493633158953499,8.0
2026-03-05 00:40:00,-0.00039159975,-0.3446575983957751,1.1799999736249447,17.569999607279897,0.045854822872332626,1.511498665201943,1.5573534880742756,1.21230428992719,0.005493633158953499,8.0
2026-03-05 00:50:00,-0.00039159975,-0.3212118308028181,1.1799999736249447,17.569999607279897,0.045854822872332626,1.511498665201943,1.5573534880742756,1.2357500575201472,0.005493633158953499,8.0
2026-03-05 01:00:00,-0.00039159975,-0.295261285413021,1.1799999736249447,17.569999607279897,0.045854822872332626,1.511498665201943,1.5573534880742756,1.2617006029099442,0.005493633158953499,8.0
2026-03-05 01:10:00,-0.00039159975,-0.26703967162185643,1.1799999736249447,17.569999607279897,0.045854822872332626,1.511498665201943,1.5573534880742756,1.2899222167011088,0.005493633158953499,8.0
2026-03-05 01:20:00,-0.00039159975,-0.23679123133052574,1.1799999736249447,17.569999607279897,0.045854822872332626,1.511498665201943,1.5573534880742756,1.3201706569924394,0.005493633158953499,8.0
2026-03-05 01:30:00,-0.00039159975,-0.20476824042732644,1.1799999736249447,17.569999607279897,0.045854822872332626,1.511498665201943,1.5573534880742756,1.3521936478956387,0.005493633158953499,8.0
2026-03-05 01:40:00,-0.00039159975,-0.17122897487720987,1.1799999736249447,17.569999607279897,0.045854822872332626,1.511498665201943,1.5573534880742756,1.3857329134457554,0.005493633158953499,8.0
2026-03-05 01:50:00,-0.00039159975,-0.13643614836453452,1.1799999736249447,17.569999607279897,0.045854822872332626,1.511498665201943,1.5573534880742756,1.4205257399584308,0.005493633158953499,8.0
2026-03-05 02:00:00,-0.00039159975,-0.10065577517185592,1.1799999736249447,17.569999607279897,0.045854822872332626,1.511498665201943,1.5573534880742756,1.4563061131511092,0.005493633158953499,8.0
2026-03-05 02:10:00,-0.00039159975,-0.0641563662262096,1.1799999736249447,17.569999607279897,0.045854822872332626,1.511498665201943,1.5573534880742756,1.4928055220967555,0.005493633158953499,8.0
2026-03-05 02:20:00,-0.00039159975,-0.027208332689886303,1.1799999736249447,17.569999607279897,0.045854822872332626,1.511498665201943,1.5573534880742756,1.529753555633079,0.005493633158953499,8.0
2026-03-05 02:30:00,-0.00039159975,0.009916546315808822,1.1799999736249447,17.569999607279897,0.045854822872332626,1.511498665201943,1.5573534880742756,1.566878434638774,0.005493633158953499,8.0
2026-03-05 02:40:00,-0.00039159975,0.046945735814098166,1.1799999736249447,17.569999607279897,0.045854822872332626,1.511498665201943,1.5573534880742756,1.6039076241370633,0.005493633158953499,8.0
2026-03-05 02:50:00,-0.00039159975,0.08360676425792059,1.1799999736249447,17.569999607279897,0.045854822872332626,1.511498665201943,1.5573534880742756,1.6405686525808858,0.005493633158953499,8.0
2026-03-05 03:00:00,-0.00039159975,0.11962834604565338,1.219999972730875,17.179999615997076,0.04559060231587097,1.5027892428687106,1.5483798451845816,1.6676165914789245,0.005493633158953499,8.0
2026-03-05 03:10:00,-0.00039159975,0.1547418609234018,1.219999972730875,17.179999615997076,0.04559060231587097,1.5027892428687106,1.5483798451845816,1.702730106356673,0.005493633158953499,8.0
2026-03-05 03:20:00,-0.00039159975,0.18868319559948965,1.219999972730875,17.179999615997076,0.04559060231587097,1.5027892428687106,1.5483798451845816,1.7366714410327608,0.005493633158953499,8.0
2026-03-05 03:30:00,-0.00039159975,0.22119490430955172,1.219999972730875,17.179999615997076,0.04559060231587097,1.5027892428687106,1.5483798451845816,1.769183149742823,0.005493633158953499,8.0
2026-03-05 03:40:00,-0.00039159975,0.2520286016457254,1.219999972730875,17.179999615997076,0.04559060231587097,1.5027892428687106,1.5483798451845816,1.8000168470789966,0.005493633158953499,8.0
2026-03-05 03:50:00,-0.00039159975,0.28094746798686543,1.219999972730875,17.179999615997076,0.04559060231587097,1.5027892428687106,1.5483798451845816,1.8289357134201367,0.005493633158953499,8.0
2026-03-05 04:00:00,-0.00039159975,0.30772872860836215,1.219999972730875,17.179999615997076,0.04559060231587097,1.5027892428687106,1.5483798451845816,1.8557169740416333,0.005493633158953499,8.0
2026-03-05 04:10:00,-0.00039159975,0.33216596471361387,1.219999972730875,17.179999615997076,0.04559060231587097,1.5027892428687106,1.5483798451845816,1.880154210146885,0.005493633158953499,8.0
2026-03-05 04:20:00,-0.00039159975,0.3540711277049604,1.219999972730875,17.179999615997076,0.04559060231587097,1.5027892428687106,1.5483798451845816,1.9020593731382316,0.005493633158953499,8.0
2026-03-05 04:30:00,-0.00039159975,0.37327615611352416,1.219999972730875,17.179999615997076,0.04559060231587097,1.5027892428687106,1.5483798451845816,1.9212644015467952,0.005493633158953499,8.0
2026-03-05 04:40:00,-0.00039159975,0.3896341337248023,1.219999972730875,17.179999615997076,0.04559060231587097,1.5027892428687106,1.5483798451845816,1.9376223791580736,0.005493633158953499,8.0
2026-03-05 04:50:00,-0.00039159975,0.40301997336042056,1.219999972730875,17.179999615997076,0.04559060231587097,1.5027892428687106,1.5483798451845816,1.9510082187936917,0.005493633158953499,8.0
2026-03-05 05:00:00,-0.00039159975,0.41333065796568846,1.219999972730875,17.179999615997076,0.04559060231587097,1.5027892428687106,1.5483798451845816,1.9613189033989595,0.005493633158953499,8.0
2026-03-05 05:10:00,-0.00039159975,0.4204851134434936,1.219999972730875,17.179999615997076,0.04559060231587097,1.5027892428687106,1.5483798451845816,1.9684733588767647,0.005493633158953499,8.0
2026-03-05 05:20:00,-0.00039159975,0.4244238213142932,1.219999972730875,17.179999615997076,0.04559060231587097,1.5027892428687106,1.5483798451845816,1.9724120667475644,0.005493633158953499,8.0
2026-03-05 05:30:00,-0.00039159975,0.42510829943814316,1.219999972730875,17.179999615997076,0.04559060231587097,1.5027892428687106,1.5483798451845816,1.9730965448714144,0.005493633158953499,8.0
2026-03-05 05:40:00,-0.00039159975,0.4225205836601555,1.219999972730875,17.179999615997076,0.04559060231587097,1.5027892428687106,1.5483798451845816,1.9705088290934267,0.005493633158953499,8.0
2026-03-05 05:50:00,-0.00039159975,0.4166628313459648,1.219999972730875,17.179999615997076,0.04559060231587097,1.5027892428687106,1.5483798451845816,1.964651076779236,0.005493633158953499,8.0
2026-03-05 06:00:00,-0.00039159975,0.40755714096991186,1.2499999720603228,16.61999962851405,0.044643504681093814,1.471570349825176,1.5162138545062698,1.9233793957248713,0.005493633158953499,8.0
2026-03-05 06:10:00,-0.00039159975,0.3952456429638652,1.2499999720603228,16.61999962851405,0.044643504681093814,1.471570349825176,1.5162138545062698,1.9110678977188247,0.005493633158953499,8.0
2026-03-05 06:20:00,-0.00039159975,0.3797908705373119,1.2499999720603228,16.61999962851405,0.044643504681093814,1.471570349825176,1.5162138545062698,1.8956131252922712,0.005493633158953499,8.0
2026-03-05 06:30:00,-0.00039159975,0.3612763703919507,1.2499999720603228,16.61999962851405,0.044643504681093814,1.471570349825176,1.5162138545062698,1.87709862514691,0.005493633158953499,8.0
2026-03-05 06:40:00,-0.00039159975,0.3398074678582886,1.2499999720603228,16.61999962851405,0.044643504681093814,1.471570349825176,1.5162138545062698,1.8556297226132479,0.005493633158953499,8.0
2026-03-05 06:50:00,-0.00039159975,0.31551206424482914,1.2499999720603228,16.61999962851405,0.044643504681093814,1.471570349825176,1.5162138545062698,1.8313343189997884,0.005493633158953499,8.0
2026-03-05 07:00:00,-0.00039159975,0.2885413205503174,1.2499999720603228,16.61999962851405,0.044643504681093814,1.471570349825176,1.5162138545062698,1.8043635753052767,0.005493633158953499,8.0
2026-03-05 07:10:00,-0.00039159975,0.25907007391214076,1.2499999720603228,16.61999962851405,0.044643504681093814,1.471570349825176,1.5162138545062698,1.7748923286671001,0.005493633158953499,8.0
2026-03-05 07:20:00,-0.00039159975,0.2272968426108466,1.2499999720603228,16.61999962851405,0.044643504681093814,1.471570349825176,1.5162138545062698,1.743119097365806,0.005493633158953499,8.0
2026-03-05 07:30:00,-0.00039159975,0.19344330106936533,1.2499999720603228,16.61999962851405,0.044643504681093814,1.471570349825176,1.5162138545062698,1.7092655558243246,0.005493633158953499,8.0
2026-03-05 07:40:00,-0.00039159975,0.15775314572208646,1.2499999720603228,16.61999962851405,0.044643504681093814,1.471570349825176,1.5162138545062698,1.6735754004770458,0.005493633158953499,8.0
2026-03-05 07:50:00,-0.00039159975,0.12049032153396935,1.2499999720603228,16.61999962851405,0.044643504681093814,1.471570349825176,1.5162138545062698,1.6363125762889288,0.005493633158953499,8.0
2026-03-05 08:00:00,-0.00039159975,0.08193663215958606,1.2499999720603228,16.61999962851405,0.044643504681093814,1.471570349825176,1.5162138545062698,1.5977588869145454,0.005493633158953499,8.0
2026-03-05 08:10:00,-0.00039159975,0.042388808529339336,1.2499999720603228,16.61999962851405,0.044643504681093814,1.471570349825176,1.5162138545062698,1.5582110632842987,0.005493633158953499,8.0
2026-03-05 08:20:00,-0.00039159975,0.0021551552912505104,1.2499999720603228,16.61999962851405,0.044643504681093814,1.471570349825176,1.5162138545062698,1.5179774100462098,0.005493633158953499,8.0
2026-03-05 08:30:00,-0.00039159975,-0.038448072481752964,1.2499999720603228,16.61999962851405,0.044643504681093814,1.471570349825176,1.5162138545062698,1.4773741822732065,0.005493633158953499,8.0
2026-03-05 08:40:00,-0.00039159975,-0.07910039260629192,1.2499999720603228,16.61999962851405,0.044643504681093814,1.471570349825176,1.5162138545062698,1.4367218621486675,0.005493633158953499,8.0
2026-03-05 08:50:00,-0.00039159975,-0.11948074888231093,1.2499999720603228,16.61999962851405,0.044643504681093814,1.471570349825176,1.5162138545062698,1.3963415058726485,0.005493633158953499,8.0
2026-03-05 09:00:00,-0.00039159975,-0.1592709406090296,1.289999971166253,16.249999636784196,0.044342530713975196,1.4616494359263936,1.5059919666403687,1.3463294262800287,0.005493633158953499,8.0
2026-03-05 09:10:00,-0.00039159975,-0.19815870675934705,1.289999971166253,16.249999636784196,0.044342530713975196,1.4616494359263936,1.5059919666403687,1.3074416601297112,0.005493633158953499,8.0
2026-03-05 09:20:00,-0.00039159975,-0.23584038608866864,1.289999971166253,16.249999636784196,0.044342530713975196,1.4616494359263936,1.5059919666403687,1.2697599808003897,0.005493633158953499,8.0
2026-03-05 09:30:00,-0.00039159975,-0.27202312386395394,1.289999971166253,16.249999636784196,0.044342530713975196,1.4616494359263936,1.5059919666403687,1.2335772430251044,0.005493633158953499,8.0
2026-03-05 09:40:00,-0.00039159975,-0.30642664587358853,1.289999971166253,16.249999636784196,0.044342530713975196,1.4616494359263936,1.5059919666403687,1.1991737210154698,0.005493633158953499,8.0
2026-03-05 09:50:00,-0.00039159975,-0.3387846655560983,1.289999971166253,16.249999636784196,0.044342530713975196,1.4616494359263936,1.5059919666403687,1.1668157013329599,0.005493633158953499,8.0
2026-03-05 10:00:00,-0.00039159975,-0.36884602484579737,1.289999971166253,16.249999636784196,0.044342530713975196,1.4616494359263936,1.5059919666403687,1.1367543420432609,0.005493633158953499,8.0
2026-03-05 10:10:00,-0.00039159975,-0.3963756903654093,1.289999971166253,16.249999636784196,0.044342530713975196,1.4616494359263936,1.5059919666403687,1.1092246765236489,0.005493633158953499,8.0
2026-03-05 10:20:00,-0.00039159975,-0.4211557308232547,1.289999971166253,16.249999636784196,0.044342530713975196,1.4616494359263936,1.5059919666403687,1.0844446360658035,0.005493633158953499,8.0
2026-03-05 10:30:00,-0.00039159975,-0.4429863891635016,1.289999971166253,16.249999636784196,0.044342530713975196,1.4616494359263936,1.5059919666403687,1.0626139777255568,0.005493633158953499,8.0
2026-03-05 10:40:00,-0.00039159975,-0.4616873350993994,1.289999971166253,16.249999636784196,0.044342530713975196,1.4616494359263936,1.5059919666403687,1.0439130317896588,0.005493633158953499,8.0
2026-03-05 10:50:00,-0.00039159975,-0.4770991437161747,1.289999971166253,16.249999636784196,0.044342530713975196,1.4616494359263936,1.5059919666403687,1.0285012231728836,0.005493633158953499,8.0
2026-03-05 11:00:00,-0.00039159975,-0.4890849984649879,1.289999971166253,16.249999636784196,0.044342530713975196,1.4616494359263936,1.5059919666403687,1.0165153684240704,0.005493633158953499,8.0
2026-03-05 11:10:00,-0.00039159975,-0.4975325675293991,1.289999971166253,16.249999636784196,0.044342530713975196,1.4616494359263936,1.5059919666403687,1.0080677993596592,0.005493633158953499,8.0
2026-03-05 11:20:00,-0.00039159975,-0.5023559572932426,1.289999971166253,16.249999636784196,0.044342530713975196,1.4616494359263936,1.5059919666403687,1.0032444095958157,0.005493633158953499,8.0
2026-03-05 11:30:00,-0.00039159975,-0.5034976105769886,1.289999971166253,16.249999636784196,0.044342530713975196,1.4616494359263936,1.5059919666403687,1.0021027563120697,0.005493633158953499,8.0
2026-03-05 11:40:00,-0.00039159975,-0.5009299952494188,1.289999971166253,16.249999636784196,0.044342530713975196,1.4616494359263936,1.5059919666403687,1.0046703716396395,0.005493633158953499,8.0
2026-03-05 11:50:00,-0.00039159975,-0.4946569232142332,1.289999971166253,16.249999636784196,0.044342530713975196,1.4616494359263936,1.5059919666403687,1.010943443674825,0.005493633158953499,8.0
2026-03-05 12:00:00,-0.00039159975,-0.484714352118288,1.3199999704957008,15.969999643042684,0.044082288934119605,1.4530711648037098,1.4971534537378295,1.0120475018682311,0.005493633158953499,8.0
2026-03-05 12:10:00,-0.00039159975,-0.47117055110019435,1.3199999704957008,15.969999643042684,0.044082288934119605,1.4530711648037098,1.4971534537378295,1.0255913028863248,0.005493633158953499,8.0
2026-03-05 12:20:00,-0.00039159975,-0.45412555499144497,1.3199999704957008,15.969999643042684,0.044082288934119605,1.4530711648037098,1.4971534537378295,1.0426362989950742,0.005493633158953499,8.0
2026-03-05 12:30:00,-0.00039159975,-0.4337098840056084,1.3199999704957008,15.969999643042684,0.044082288934119605,1.4530711648037098,1.4971534537378295,1.0630519699809107,0.005493633158953499,8.0
2026-03-05 12:40:00,-0.00039159975,-0.41008256270813404,1.3199999704957008,15.969999643042684,0.044082288934119605,1.4530711648037098,1.4971534537378295,1.0866792912783851,0.005493633158953499,8.0
2026-03-05 12:50:00,-0.00039159975,-0.3834285269260843,1.3199999704957008,15.969999643042684,0.044082288934119605,1.4530711648037098,1.4971534537378295,1.1133333270604346,0.005493633158953499,8.0
2026-03-05 13:00:00,-0.00039159975,-0.3539555544440813,1.3199999704957008,15.969999643042684,0.044082288934119605,1.4530711648037098,1.4971534537378295,1.1428062995424377,0.005493633158953499,8.0
2026-03-05 13:10:00,-0.00039159975,-0.32189088976280666,1.3199999704957008,15.969999643042684,0.044082288934119605,1.4530711648037098,1.4971534537378295,1.1748709642237123,0.005493633158953499,8.0
2026-03-05 13:20:00,-0.00039159975,-0.2874777513455708,1.3199999704957008,15.969999643042684,0.044082288934119605,1.4530711648037098,1.4971534537378295,1.2092841026409482,0.005493633158953499,8.0
2026-03-05 13:30:00,-0.00039159975,-0.25097190959877574,1.3199999704957008,15.969999643042684,0.044082288934119605,1.4530711648037098,1.4971534537378295,1.2457899443877434,0.005493633158953499,8.0
2026-03-05 13:40:00,-0.00039159975,-0.21263850561458314,1.3199999704957008,15.969999643042684,0.044082288934119605,1.4530711648037098,1.4971534537378295,1.2841233483719359,0.005493633158953499,8.0
2026-03-05 13:50:00,-0.00039159975,-0.17274924632278885,1.3199999704957008,15.969999643042684,0.044082288934119605,1.4530711648037098,1.4971534537378295,1.3240126076637302,0.005493633158953499,8.0
2026-03-05 14:00:00,-0.00039159975,-0.1315800650527502,1.3199999704957008,15.969999643042684,0.044082288934119605,1.4530711648037098,1.4971534537378295,1.365181788933769,0.005493633158953499,8.0
2026-03-05 14:10:00,-0.00039159975,-0.08940928269156646,1.3199999704957008,15.969999643042684,0.044082288934119605,1.4530711648037098,1.4971534537378295,1.4073525712949526,0.005493633158953499,8.0
2026-03-05 14:20:00,-0.00039159975,-0.04651624933882884,1.3199999704957008,15.969999643042684,0.044082288934119605,1.4530711648037098,1.4971534537378295,1.4502456046476901,0.005493633158953499,8.0
2026-03-05 14:30:00,-0.00039159975,-0.0031803958140290654,1.3199999704957008,15.969999643042684,0.044082288934119605,1.4530711648037098,1.4971534537378295,1.49358145817249,0.005493633158953499,8.0
2026-03-05 14:40:00,-0.00039159975,0.0403194164889993,1.3199999704957008,15.969999643042684,0.044082288934119605,1.4530711648037098,1.4971534537378295,1.5370812704755183,0.005493633158953499,8.0
2026-03-05 14:50:00,-0.00039159975,0.08370538529586513,1.3199999704957008,15.969999643042684,0.044082288934119605,1.4530711648037098,1.4971534537378295,1.5804672392823842,0.005493633158953499,8.0
2026-03-05 15:00:00,-0.00039159975,0.12670124456465687,1.339999970048666,15.669999649748206,0.043580644710767995,1.4365356179079498,1.4801162626187179,1.6064259074320644,0.005493633158953499,8.0
2026-03-05 15:10:00,-0.00039159975,0.16903286902275005,1.339999970048666,15.669999649748206,0.043580644710767995,1.4365356179079498,1.4801162626187179,1.6487575318901575,0.005493633158953499,8.0
2026-03-05 15:20:00,-0.00039159975,0.21042912231315072,1.339999970048666,15.669999649748206,0.043580644710767995,1.4365356179079498,1.4801162626187179,1.6901537851805581,0.005493633158953499,8.0
2026-03-05 15:30:00,-0.00039159975,0.2506230276547217,1.339999970048666,15.669999649748206,0.043580644710767995,1.4365356179079498,1.4801162626187179,1.7303476905221291,0.005493633158953499,8.0
2026-03-05 15:40:00,-0.00039159975,0.28935329401293275,1.339999970048666,15.669999649748206,0.043580644710767995,1.4365356179079498,1.4801162626187179,1.76907795688034,0.005493633158953499,8.0
2026-03-05 15:50:00,-0.00039159975,0.32636618150634655,1.339999970048666,15.669999649748206,0.043580644710767995,1.4365356179079498,1.4801162626187179,1.806090844373754,0.005493633158953499,8.0
2026-03-05 16:00:00,-0.00039159975,0.36141764275221216,1.339999970048666,15.669999649748206,0.043580644710767995,1.4365356179079498,1.4801162626187179,1.8411423056196197,0.005493633158953499,8.0
2026-03-05 16:10:00,-0.00039159975,0.3942756378077996,1.339999970048666,15.669999649748206,0.043580644710767995,1.4365356179079498,1.4801162626187179,1.874000300675207,0.005493633158953499,8.0
2026-03-05 16:20:00,-0.00039159975,0.42472249321464023,1.339999970048666,15.669999649748206,0.043580644710767995,1.4365356179079498,1.4801162626187179,1.9044471560820477,0.005493633158953499,8.0
2026-03-05 16:30:00,-0.00039159975,0.4525571640344906,1.339999970048666,15.669999649748206,0.043580644710767995,1.4365356179079498,1.4801162626187179,1.932281826901898,0.005493633158953499,8.0
2026-03-05 16:40:00,-0.00039159975,0.47759726222606547,1.339999970048666,15.669999649748206,0.043580644710767995,1.4365356179079498,1.4801162626187179,1.9573219250934728,0.005493633158953499,8.0
2026-03-05 16:50:00,-0.00039159975,0.4996807352258441,1.339999970048666,15.669999649748206,0.043580644710767995,1.4365356179079498,1.4801162626187179,1.9794053980932516,0.005493633158953499,8.0
2026-03-05 17:00:00,-0.00039159975,0.5186671121377386,1.339999970048666,15.669999649748206,0.043580644710767995,1.4365356179079498,1.4801162626187179,1.998391775005146,0.005493633158953499,8.0
2026-03-05 17:10:00,-0.00039159975,0.5344382778577571,1.339999970048666,15.669999649748206,0.043580644710767995,1.4365356179079498,1.4801162626187179,2.0141629407251647,0.005493633158953499,8.0
2026-03-05 17:20:00,-0.00039159975,0.5468987825263126,1.339999970048666,15.669999649748206,0.043580644710767995,1.4365356179079498,1.4801162626187179,2.02662344539372,0.005493633158953499,8.0
2026-03-05 17:30:00,-0.00039159975,0.5559757392984707,1.339999970048666,15.669999649748206,0.043580644710767995,1.4365356179079498,1.4801162626187179,2.035700402165878,0.005493633158953499,8.0
2026-03-05 17:40:00,-0.00039159975,0.5616184024716102,1.339999970048666,15.669999649748206,0.043580644710767995,1.4365356179079498,1.4801162626187179,2.0413430653390177,0.005493633158953499,8.0
2026-03-05 17:50:00,-0.00039159975,0.5637975454576638,1.339999970048666,15.669999649748206,0.043580644710767995,1.4365356179079498,1.4801162626187179,2.0435222083250713,0.005493633158953499,8.0
2026-03-05 18:00:00,-0.00039159975,0.5625047711683833,1.3499999698251486,15.189999660477042,0.04240303214865218,1.3977183309953214,1.4401213631439735,2.0022345345610466,0.005493633158953499,8.0
2026-03-05 18:10:00,-0.00039159975,0.5577518840226501,1.3499999698251486,15.189999660477042,0.04240303214865218,1.3977183309953214,1.4401213631439735,1.9974816474153132,0.005493633158953499,8.0
2026-03-05 18:20:00,-0.00039159975,0.5495704336713622,1.3499999698251486,15.189999660477042,0.04240303214865218,1.3977183309953214,1.4401213631439735,1.9893001970640252,0.005493633158953499,8.0
2026-03-05 18:30:00,-0.00039159975,0.5380115075124705,1.3499999698251486,15.189999660477042,0.04240303214865218,1.3977183309953214,1.4401213631439735,1.9777412709051336,0.005493633158953499,8.0
2026-03-05 18:40:00,-0.00039159975,0.5231458060702685,1.3499999698251486,15.189999660477042,0.04240303214865218,1.3977183309953214,1.4401213631439735,1.9628755694629316,0.005493633158953499,8.0
2026-03-05 18:50:00,-0.00039159975,0.5050639871606908,1.3499999698251486,15.189999660477042,0.04240303214865218,1.3977183309953214,1.4401213631439735,1.944793750553354,0.005493633158953499,8.0
2026-03-05 19:00:00,-0.00039159975,0.4838772170691169,1.3499999698251486,15.189999660477042,0.04240303214865218,1.3977183309953214,1.4401213631439735,1.9236069804617801,0.005493633158953499,8.0
2026-03-05 19:10:00,-0.00039159975,0.459717825269004,1.3499999698251486,15.189999660477042,0.04240303214865218,1.3977183309953214,1.4401213631439735,1.899447588661667,0.005493633158953499,8.0
2026-03-05 19:20:00,-0.00039159975,0.43273992842364367,1.3499999698251486,15.189999660477042,0.04240303214865218,1.3977183309953214,1.4401213631439735,1.8724696918163068,0.005493633158953499,8.0
2026-03-05 19:30:00,-0.00039159975,0.4031198732416136,1.3499999698251486,15.189999660477042,0.04240303214865218,1.3977183309953214,1.4401213631439735,1.8428496366342766,0.005493633158953499,8.0
2026-03-05 19:40:00,-0.00039159975,0.3710563483372721,1.3499999698251486,15.189999660477042,0.04240303214865218,1.3977183309953214,1.4401213631439735,1.8107861117299353,0.005493633158953499,8.0
2026-03-05 19:50:00,-0.00039159975,0.3367700327233187,1.3499999698251486,15.189999660477042,0.04240303214865218,1.3977183309953214,1.4401213631439735,1.7764997961159819,0.005493633158953499,8.0
2026-03-05 20:00:00,-0.00039159975,0.30050268133294594,1.3499999698251486,15.189999660477042,0.04240303214865218,1.3977183309953214,1.4401213631439735,1.740232444725609,0.005493633158953499,8.0
2026-03-05 20:10:00,-0.00039159975,0.2625155925643315,1.3499999698251486,15.189999660477042,0.04240303214865218,1.3977183309953214,1.4401213631439735,1.7022453559569946,0.005493633158953499,8.0
2026-03-05 20:20:00,-0.00039159975,0.22308745450910436,1.3499999698251486,15.189999660477042,0.04240303214865218,1.3977183309953214,1.4401213631439735,1.6628172179017675,0.005493633158953499,8.0
2026-03-05 20:30:00,-0.00039159975,0.1825116198181247,1.3499999698251486,15.189999660477042,0.04240303214865218,1.3977183309953214,1.4401213631439735,1.6222413832107878,0.005493633158953499,8.0
2026-03-05 20:40:00,-0.00039159975,0.14109290805821514,1.3499999698251486,15.189999660477042,0.04240303214865218,1.3977183309953214,1.4401213631439735,1.5808226714508782,0.005493633158953499,8.0
2026-03-05 20:50:00,-0.00039159975,0.0991440740106934,1.3499999698251486,15.189999660477042,0.04240303214865218,1.3977183309953214,1.4401213631439735,1.5388738374033566,0.005493633158953499,8.0
2026-03-05 21:00:00,-0.00039159975,0.05698210592815116,1.3599999696016312,14.809999668970704,0.04149509543410005,1.367790287527479,1.409285382961579,1.4658758891384198,0.005493633158953499,8.0
2026-03-05 21:10:00,-0.00039159975,0.014924527088752191,1.3599999696016312,14.809999668970704,0.04149509543410005,1.367790287527479,1.409285382961579,1.4238183102990207,0.005493633158953499,8.0
2026-03-05 21:20:00,-0.00039159975,-0.026714134297519433,1.3599999696016312,14.809999668970704,0.04149509543410005,1.367790287527479,1.409285382961579,1.3821796489127491,0.005493633158953499,8.0
2026-03-05 21:30:00,-0.00039159975,-0.06762556623570588,1.3599999696016312,14.809999668970704,0.04149509543410005,1.367790287527479,1.409285382961579,1.3412682169745627,0.005493633158953499,8.0
2026-03-05 21:40:00,-0.00039159975,-0.10751048253339425,1.3599999696016312,14.809999668970704,0.04149509543410005,1.367790287527479,1.409285382961579,1.3013833006768742,0.005493633158953499,8.0
2026-03-05 21:50:00,-0.00039159975,-0.1460809653469965,1.3599999696016312,14.809999668970704,0.04149509543410005,1.367790287527479,1.409285382961579,1.262812817863272,0.005493633158953499,8.0
2026-03-05 22:00:00,-0.00039159975,-0.1830623358876048,1.3599999696016312,14.809999668970704,0.04149509543410005,1.367790287527479,1.409285382961579,1.2258314473226637,0.005493633158953499,8.0
2026-03-05 22:10:00,-0.00039159975,-0.21819459739032362,1.3599999696016312,14.809999668970704,0.04149509543410005,1.367790287527479,1.409285382961579,1.190699185819945,0.005493633158953499,8.0
2026-03-05 22:20:00,-0.00039159975,-0.2512335354698607,1.3599999696016312,14.809999668970704,0.04149509543410005,1.367790287527479,1.409285382961579,1.1576602477404079,0.005493633158953499,8.0
2026-03-05 22:30:00,-0.00039159975,-0.2819515901309997,1.3599999696016312,14.809999668970704,0.04149509543410005,1.367790287527479,1.409285382961579,1.126942193079269,0.005493633158953499,8.0
2026-03-05 22:40:00,-0.00039159975,-0.3101386271008853,1.3599999696016312,14.809999668970704,0.04149509543410005,1.367790287527479,1.409285382961579,1.0987551561093833,0.005493633158953499,8.0
2026-03-05 22:50:00,-0.00039159975,-0.33560273289375614,1.3599999696016312,14.809999668970704,0.04149509543410005,1.367790287527479,1.409285382961579,1.0732910503165125,0.005493633158953499,8.0
2026-03-05 23:00:00,-0.00039159975,-0.35817113812929824,1.3599999696016312,14.809999668970704,0.04149509543410005,1.367790287527479,1.409285382961579,1.0507226450809704,0.005493633158953499,8.0
2026-03-05 23:10:00,-0.00039159975,-0.3776913398003155,1.3599999696016312,14.809999668970704,0.04149509543410005,1.367790287527479,1.409285382961579,1.0312024434099532,0.005493633158953499,8.0
2026-03-05 23:20:00,-0.00039159975,-0.3940324491790236,1.3599999696016312,14.809999668970704,0.04149509543410005,1.367790287527479,1.409285382961579,1.0148613340312451,0.005493633158953499,8.0
2026-03-05 23:30:00,-0.00039159975,-0.4070867431539802,1.3599999696016312,14.809999668970704,0.04149509543410005,1.367790287527479,1.409285382961579,1.0018070400562884,0.005493633158953499,8.0
2026-03-05 23:40:00,-0.00039159975,-0.41677134878406213,1.3599999696016312,14.809999668970704,0.04149509543410005,1.367790287527479,1.409285382961579,0.9921224344262065,0.005493633158953499,8.0
2026-03-05 23:50:00,-0.00039159975,-0.4230299492922277,1.3599999696016312,14.809999668970704,0.04149509543410005,1.367790287527479,1.409285382961579,0.9858638339180409,0.005493633158953499,8.0
2026-03-06 00:00:00,-5.586842e-05,-0.4258343698781051,1.3599999696016312,14.55999967455864,0.040794638049999776,1.3447013225118225,1.3854959605618222,0.9596057222650045,0.005493633158953499,8.0
2026-03-06 00:10:00,-5.586842e-05,-0.425185887073324,1.3599999696016312,14.55999967455864,0.040794638049999776,1.3447013225118225,1.3854959605618222,0.9602542050697855,0.005493633158953499,8.0
2026-03-06 00:20:00,-5.586842e-05,-0.42111610816981326,1.3599999696016312,14.55999967455864,0.040794638049999776,1.3447013225118225,1.3854959605618222,0.9643239839732963,0.005493633158953499,8.0
2026-03-06 00:30:00,-5.586842e-05,-0.413687287496406,1.3599999696016312,14.55999967455864,0.040794638049999776,1.3447013225118225,1.3854959605618222,0.9717528046467037,0.005493633158953499,8.0
2026-03-06 00:40:00,-5.586842e-05,-0.40299198222266763,1.3599999696016312,14.55999967455864,0.040794638049999776,1.3447013225118225,1.3854959605618222,0.982448109920442,0.005493633158953499,8.0
2026-03-06 00:50:00,-5.586842e-05,-0.3891519982905357,1.3599999696016312,14.55999967455864,0.040794638049999776,1.3447013225118225,1.3854959605618222,0.9962880938525739,0.005493633158953499,8.0
2026-03-06 01:00:00,-5.586842e-05,-0.3723166320730052,1.3599999696016312,14.55999967455864,0.040794638049999776,1.3447013225118225,1.3854959605618222,1.0131234600701045,0.005493633158953499,8.0
2026-03-06 01:10:00,-5.586842e-05,-0.35266026955668056,1.3599999696016312,14.55999967455864,0.040794638049999776,1.3447013225118225,1.3854959605618222,1.032779822586429,0.005493633158953499,8.0
2026-03-06 01:20:00,-5.586842e-05,-0.3303794564038556,1.3599999696016312,14.55999967455864,0.040794638049999776,1.3447013225118225,1.3854959605618222,1.055060635739254,0.005493633158953499,8.0
2026-03-06 01:30:00,-5.586842e-05,-0.30568959345124125,1.3599999696016312,14.55999967455864,0.040794638049999776,1.3447013225118225,1.3854959605618222,1.0797504986918685,0.005493633158953499,8.0
2026-03-06 01:40:00,-5.586842e-05,-0.2788214389102209,1.3599999696016312,14.55999967455864,0.040794638049999776,1.3447013225118225,1.3854959605618222,1.1066186532328888,0.005493633158953499,8.0
2026-03-06 01:50:00,-5.586842e-05,-0.2500176076229376,1.3599999696016312,14.55999967455864,0.040794638049999776,1.3447013225118225,1.3854959605618222,1.135422484520172,0.005493633158953499,8.0
2026-03-06 02:00:00,-5.586842e-05,-0.21952924852737643,1.3599999696016312,14.55999967455864,0.040794638049999776,1.3447013225118225,1.3854959605618222,1.165910843615733,0.005493633158953499,8.0
2026-03-06 02:10:00,-5.586842e-05,-0.1876130548209821,1.3599999696016312,14.55999967455864,0.040794638049999776,1.3447013225118225,1.3854959605618222,1.1978270373221276,0.005493633158953499,8.0
2026-03-06 02:20:00,-5.586842e-05,-0.1545287202854503,1.3599999696016312,14.55999967455864,0.040794638049999776,1.3447013225118225,1.3854959605618222,1.2309113718576592,0.005493633158953499,8.0
2026-03-06 02:30:00,-5.586842e-05,-0.12053690422795274,1.3599999696016312,14.55999967455864,0.040794638049999776,1.3447013225118225,1.3854959605618222,1.2649031879151569,0.005493633158953499,8.0
2026-03-06 02:40:00,-5.586842e-05,-0.0858977120274483,1.3599999696016312,14.55999967455864,0.040794638049999776,1.3447013225118225,1.3854959605618222,1.2995423801156614,0.005493633158953499,8.0
2026-03-06 02:50:00,-5.586842e-05,-0.0508696444386628,1.3599999696016312,14.55999967455864,0.040794638049999776,1.3447013225118225,1.3854959605618222,1.3345704477044469,0.005493633158953499,8.0
2026-03-06 03:00:00,-5.586842e-05,-0.015708922113143852,1.3499999698251486,14.319999679923058,0.039974418720783354,1.3176646807013166,1.3576390994221,1.3418743088902434,0.005493633158953499,8.0
2026-03-06 03:10:00,-5.586842e-05,0.019330942530458608,1.3499999698251486,14.319999679923058,0.039974418720783354,1.3176646807013166,1.3576390994221,1.376914173533846,0.005493633158953499,8.0
2026-03-06 03:20:00,-5.586842e-05,0.05399947282759548,1.3499999698251486,14.319999679923058,0.039974418720783354,1.3176646807013166,1.3576390994221,1.4115827038309827,0.005493633158953499,8.0
2026-03-06 03:30:00,-5.586842e-05,0.08804960277771193,1.3499999698251486,14.319999679923058,0.039974418720783354,1.3176646807013166,1.3576390994221,1.4456328337810993,0.005493633158953499,8.0
2026-03-06 03:40:00,-5.586842e-05,0.12123823158974949,1.3499999698251486,14.319999679923058,0.039974418720783354,1.3176646807013166,1.3576390994221,1.4788214625931368,0.005493633158953499,8.0
2026-03-06 03:50:00,-5.586842e-05,0.15332705917508352,1.3499999698251486,14.319999679923058,0.039974418720783354,1.3176646807013166,1.3576390994221,1.5109102901784708,0.005493633158953499,8.0
2026-03-06 04:00:00,-5.586842e-05,0.18408376173224142,1.3499999698251486,14.319999679923058,0.039974418720783354,1.3176646807013166,1.3576390994221,1.5416669927356288,0.005493633158953499,8.0
2026-03-06 04:10:00,-5.586842e-05,0.21328351816591262,1.3499999698251486,14.319999679923058,0.039974418720783354,1.3176646807013166,1.3576390994221,1.5708667491693,0.005493633158953499,8.0
2026-03-06 04:20:00,-5.586842e-05,0.24071084889932862,1.3499999698251486,14.319999679923058,0.039974418720783354,1.3176646807013166,1.3576390994221,1.5982940799027159,0.005493633158953499,8.0
2026-03-06 04:30:00,-5.586842e-05,0.26616168469669677,1.3499999698251486,14.319999679923058,0.039974418720783354,1.3176646807013166,1.3576390994221,1.623744915700084,0.005493633158953499,8.0
2026-03-06 04:40:00,-5.586842e-05,0.28944554890741997,1.3499999698251486,14.319999679923058,0.039974418720783354,1.3176646807013166,1.3576390994221,1.6470287799108072,0.005493633158953499,8.0
2026-03-06 04:50:00,-5.586842e-05,0.31038771646973723,1.3499999698251486,14.319999679923058,0.039974418720783354,1.3176646807013166,1.3576390994221,1.6679709474731246,0.005493633158953499,8.0
2026-03-06 05:00:00,-5.586842e-05,0.3288312087343671,1.3499999698251486,14.319999679923058,0.039974418720783354,1.3176646807013166,1.3576390994221,1.6864144397377543,0.005493633158953499,8.0
2026-03-06 05:10:00,-5.586842e-05,0.34463849543608055,1.3499999698251486,14.319999679923058,0.039974418720783354,1.3176646807013166,1.3576390994221,1.702221726439468,0.005493633158953499,8.0
2026-03-06 05:20:00,-5.586842e-05,0.35769280209179366,1.3499999698251486,14.319999679923058,0.039974418720783354,1.3176646807013166,1.3576390994221,1.715276033095181,0.005493633158953499,8.0
2026-03-06 05:30:00,-5.586842e-05,0.36789895968819936,1.3499999698251486,14.319999679923058,0.039974418720783354,1.3176646807013166,1.3576390994221,1.7254821906915867,0.005493633158953499,8.0
2026-03-06 05:40:00,-5.586842e-05,0.37518377901762523,1.3499999698251486,14.319999679923058,0.039974418720783354,1.3176646807013166,1.3576390994221,1.7327670100210124,0.005493633158953499,8.0
2026-03-06 05:50:00,-5.586842e-05,0.3794959791412964,1.3499999698251486,14.319999679923058,0.039974418720783354,1.3176646807013166,1.3576390994221,1.7370792101446837,0.005493633158953499,8.0
2026-03-06 06:00:00,-5.586842e-05,0.380805742634418,1.3299999702721834,14.079999685287476,0.03901222590061541,1.2859482096247652,1.3249604355253806,1.705710309741086,0.005493633158953499,8.0
2026-03-06 06:10:00,-5.586842e-05,0.3791040043482738,1.3299999702721834,14.079999685287476,0.03901222590061541,1.2859482096247652,1.3249604355253806,1.7040085714549418,0.005493633158953499,8.0
2026-03-06 06:20:00,-5.586842e-05,0.3744016015506227,1.3299999702721834,14.079999685287476,0.03901222590061541,1.2859482096247652,1.3249604355253806,1.6993061686572906,0.005493633158953499,8.0
2026-03-06 06:30:00,-5.586842e-05,0.36672841874685097,1.3299999702721834,14.079999685287476,0.03901222590061541,1.2859482096247652,1.3249604355253806,1.6916329858535188,0.005493633158953499,8.0
2026-03-06 06:40:00,-5.586842e-05,0.35613264972018266,1.3299999702721834,14.079999685287476,0.03901222590061541,1.2859482096247652,1.3249604355253806,1.6810372168268506,0.005493633158953499,8.0
2026-03-06 06:50:00,-5.586842e-05,0.3426802734033035,1.3299999702721834,14.079999685287476,0.03901222590061541,1.2859482096247652,1.3249604355253806,1.6675848405099714,0.005493633158953499,8.0
2026-03-06 07:00:00,-5.586842e-05,0.3264548021212802,1.3299999702721834,14.079999685287476,0.03901222590061541,1.2859482096247652,1.3249604355253806,1.651359369227948,0.005493633158953499,8.0
2026-03-06 07:10:00,-5.586842e-05,0.30755731485847476,1.3299999702721834,14.079999685287476,0.03901222590061541,1.2859482096247652,1.3249604355253806,1.6324618819651426,0.005493633158953499,8.0
2026-03-06 07:20:00,-5.586842e-05,0.2861067397985667,1.3299999702721834,14.079999685287476,0.03901222590061541,1.2859482096247652,1.3249604355253806,1.6110113069052345,0.005493633158953499,8.0
2026-03-06 07:30:00,-5.586842e-05,0.26224030510293483,1.3299999702721834,14.079999685287476,0.03901222590061541,1.2859482096247652,1.3249604355253806,1.5871448722096027,0.005493633158953499,8.0
2026-03-06 07:40:00,-5.586842e-05,0.23611404004660408,1.3299999702721834,14.079999685287476,0.03901222590061541,1.2859482096247652,1.3249604355253806,1.561018607153272,0.005493633158953499,8.0
2026-03-06 07:50:00,-5.586842e-05,0.20790318459818682,1.3299999702721834,14.079999685287476,0.03901222590061541,1.2859482096247652,1.3249604355253806,1.5328077517048548,0.005493633158953499,8.0
2026-03-06 08:00:00,-5.586842e-05,0.17780235733881977,1.3299999702721834,14.079999685287476,0.03901222590061541,1.2859482096247652,1.3249604355253806,1.5027069244454876,0.005493633158953499,8.0
2026-03-06 08:10:00,-5.586842e-05,0.14602534039922854,1.3299999702721834,14.079999685287476,0.03901222590061541,1.2859482096247652,1.3249604355253806,1.4709299075058966,0.005493633158953499,8.0
2026-03-06 08:20:00,-5.586842e-05,0.1128043652333378,1.3299999702721834,14.079999685287476,0.03901222590061541,1.2859482096247652,1.3249604355253806,1.4377089323400056,0.005493633158953499,8.0
2026-03-06 08:30:00,-5.586842e-05,0.0783888219291034,1.3299999702721834,14.079999685287476,0.03901222590061541,1.2859482096247652,1.3249604355253806,1.4032933890357713,0.005493633158953499,8.0
2026-03-06 08:40:00,-5.586842e-05,0.04304336330094031,1.3299999702721834,14.079999685287476,0.03901222590061541,1.2859482096247652,1.3249604355253806,1.3679479304076083,0.005493633158953499,8.0
2026-03-06 08:50:00,-5.586842e-05,0.007045428049328984,1.3299999702721834,14.079999685287476,0.03901222590061541,1.2859482096247652,1.3249604355253806,1.331949995155997,0.005493633158953499,8.0
2026-03-06 09:00:00,-5.586842e-05,-0.02931774109610798,1.2999999709427357,13.74999969266355,0.03766575085386207,1.2415647596753077,1.2792305105291697,1.249856901014349,0.005493633158953499,8.0
2026-03-06 09:10:00,-5.586842e-05,-0.06575246341574652,1.2999999709427357,13.74999969266355,0.03766575085386207,1.2415647596753077,1.2792305105291697,1.2134221786947106,0.005493633158953499,8.0
2026-03-06 09:20:00,-5.586842e-05,-0.1019622166540941,1.2999999709427357,13.74999969266355,0.03766575085386207,1.2415647596753077,1.2792305105291697,1.177212425456363,0.005493633158953499,8.0
2026-03-06 09:30:00,-5.586842e-05,-0.13765129233022788,1.2999999709427357,13.74999969266355,0.03766575085386207,1.2415647596753077,1.2792305105291697,1.141523349780229,0.005493633158953499,8.0
2026-03-06 09:40:00,-5.586842e-05,-0.17252833791034763,1.2999999709427357,13.74999969266355,0.03766575085386207,1.2415647596753077,1.2792305105291697,1.1066463042001093,0.005493633158953499,8.0
2026-03-06 09:50:00,-5.586842e-05,-0.206309630454864,1.2999999709427357,13.74999969266355,0.03766575085386207,1.2415647596753077,1.2792305105291697,1.0728650116555931,0.005493633158953499,8.0
2026-03-06 10:00:00,-5.586842e-05,-0.2387219582032512,1.2999999709427357,13.74999969266355,0.03766575085386207,1.2415647596753077,1.2792305105291697,1.040452683907206,0.005493633158953499,8.0
2026-03-06 10:10:00,-5.586842e-05,-0.26950502999308973,1.2999999709427357,13.74999969266355,0.03766575085386207,1.2415647596753077,1.2792305105291697,1.0096696121173674,0.005493633158953499,8.0
2026-03-06 10:20:00,-5.586842e-05,-0.29841338236975595,1.2999999709427357,13.74999969266355,0.03766575085386207,1.2415647596753077,1.2792305105291697,0.9807612597407012,0.005493633158953499,8.0
2026-03-06 10:30:00,-5.586842e-05,-0.32521780530672517,1.2999999709427357,13.74999969266355,0.03766575085386207,1.2415647596753077,1.2792305105291697,0.9539568368037319,0.005493633158953499,8.0
2026-03-06 10:40:00,-5.586842e-05,-0.34970635360945496,1.2999999709427357,13.74999969266355,0.03766575085386207,1.2415647596753077,1.2792305105291697,0.9294682885010022,0.005493633158953499,8.0
2026-03-06 10:50:00,-5.586842e-05,-0.3716850474173858,1.2999999709427357,13.74999969266355,0.03766575085386207,1.2415647596753077,1.2792305105291697,0.9074895946930712,0.005493633158953499,8.0
2026-03-06 11:00:00,-5.586842e-05,-0.3909783874207096,1.2999999709427357,13.74999969266355,0.03766575085386207,1.2415647596753077,1.2792305105291697,0.8881962546897475,0.005493633158953499,8.0
2026-03-06 11:10:00,-5.586842e-05,-0.40742981634030545,1.2999999709427357,13.74999969266355,0.03766575085386207,1.2415647596753077,1.2792305105291697,0.8717448257701517,0.005493633158953499,8.0
2026-03-06 11:20:00,-5.586842e-05,-0.42090224700147827,1.2999999709427357,13.74999969266355,0.03766575085386207,1.2415647596753077,1.2792305105291697,0.8582723951089788,0.005493633158953499,8.0
2026-03-06 11:30:00,-5.586842e-05,-0.43127875063147036,1.2999999709427357,13.74999969266355,0.03766575085386207,1.2415647596753077,1.2792305105291697,0.8478958914789867,0.005493633158953499,8.0
2026-03-06 11:40:00,-5.586842e-05,-0.43846345984637924,1.2999999709427357,13.74999969266355,0.03766575085386207,1.2415647596753077,1.2792305105291697,0.8407111822640778,0.005493633158953499,8.0
2026-03-06 11:50:00,-5.586842e-05,-0.4423826937725983,1.2999999709427357,13.74999969266355,0.03766575085386207,1.2415647596753077,1.2792305105291697,0.8367919483378587,0.005493633158953499,8.0
2026-03-06 12:00:00,-5.586842e-05,-0.4429862635339001,1.269999971613288,13.469999698922038,0.03647049948286325,1.202166050037383,1.2386365495202463,0.7955944175676335,0.005493633158953499,8.0
2026-03-06 12:10:00,-5.586842e-05,-0.4402488705649155,1.269999971613288,13.469999698922038,0.03647049948286325,1.202166050037383,1.2386365495202463,0.7983318105366182,0.005493633158953499,8.0
2026-03-06 12:20:00,-5.586842e-05,-0.434171473540997,1.269999971613288,13.469999698922038,0.03647049948286325,1.202166050037383,1.2386365495202463,0.8044092075605367,0.005493633158953499,8.0
2026-03-06 12:30:00,-5.586842e-05,-0.42478247644113587,1.269999971613288,13.469999698922038,0.03647049948286325,1.202166050037383,1.2386365495202463,0.8137982046603978,0.005493633158953499,8.0
2026-03-06 12:40:00,-5.586842e-05,-0.4121385835335304,1.269999971613288,13.469999698922038,0.03647049948286325,1.202166050037383,1.2386365495202463,0.8264420975680032,0.005493633158953499,8.0
2026-03-06 12:50:00,-5.586842e-05,-0.39632517791557176,1.269999971613288,13.469999698922038,0.03647049948286325,1.202166050037383,1.2386365495202463,0.8422555031859619,0.005493633158953499,8.0
2026-03-06 13:00:00,-5.586842e-05,-0.37745610791411294,1.269999971613288,13.469999698922038,0.03647049948286325,1.202166050037383,1.2386365495202463,0.8611245731874206,0.005493633158953499,8.0
2026-03-06 13:10:00,-5.586842e-05,-0.35567280741326984,1.269999971613288,13.469999698922038,0.03647049948286325,1.202166050037383,1.2386365495202463,0.8829078736882638,0.005493633158953499,8.0
2026-03-06 13:20:00,-5.586842e-05,-0.3311427277019027,1.269999971613288,13.469999698922038,0.03647049948286325,1.202166050037383,1.2386365495202463,0.907437953399631,0.005493633158953499,8.0
2026-03-06 13:30:00,-5.586842e-05,-0.30405711431904836,1.269999971613288,13.469999698922038,0.03647049948286325,1.202166050037383,1.2386365495202463,0.9345235667824853,0.005493633158953499,8.0
2026-03-06 13:40:00,-5.586842e-05,-0.27462821664012255,1.269999971613288,13.469999698922038,0.03647049948286325,1.202166050037383,1.2386365495202463,0.963952464461411,0.005493633158953499,8.0
2026-03-06 13:50:00,-5.586842e-05,-0.24308606475995284,1.269999971613288,13.469999698922038,0.03647049948286325,1.202166050037383,1.2386365495202463,0.9954946163415808,0.005493633158953499,8.0
2026-03-06 14:00:00,-5.586842e-05,-0.20967498260139597,1.269999971613288,13.469999698922038,0.03647049948286325,1.202166050037383,1.2386365495202463,1.0289056985001377,0.005493633158953499,8.0
2026-03-06 14:10:00,-5.586842e-05,-0.17465002431790552,1.269999971613288,13.469999698922038,0.03647049948286325,1.202166050037383,1.2386365495202463,1.0639306567836282,0.005493633158953499,8.0
2026-03-06 14:20:00,-5.586842e-05,-0.13827352111777574,1.269999971613288,13.469999698922038,0.03647049948286325,1.202166050037383,1.2386365495202463,1.100307159983758,0.005493633158953499,8.0
2026-03-06 14:30:00,-5.586842e-05,-0.10081190756330542,1.269999971613288,13.469999698922038,0.03647049948286325,1.202166050037383,1.2386365495202463,1.1377687735382283,0.005493633158953499,8.0
2026-03-06 14:40:00,-5.586842e-05,-0.06253296217443337,1.269999971613288,13.469999698922038,0.03647049948286325,1.202166050037383,1.2386365495202463,1.1760477189271004,0.005493633158953499,8.0
2026-03-06 14:50:00,-5.586842e-05,-0.023703550586235606,1.269999971613288,13.469999698922038,0.03647049948286325,1.202166050037383,1.2386365495202463,1.214877130515298,0.005493633158953499,8.0
2026-03-06 15:00:00,-5.586842e-05,0.01541209450132248,1.2499999720603228,13.269999703392386,0.035644964327203064,1.1749541842466957,1.2105991485738987,1.2259553746565086,0.005493633158953499,8.0
2026-03-06 15:10:00,-5.586842e-05,0.05455357780682673,1.2499999720603228,13.269999703392386,0.035644964327203064,1.1749541842466957,1.2105991485738987,1.2650968579620128,0.005493633158953499,8.0
2026-03-06 15:20:00,-5.586842e-05,0.09346510276213393,1.2499999720603228,13.269999703392386,0.035644964327203064,1.1749541842466957,1.2105991485738987,1.3040083829173201,0.005493633158953499,8.0
2026-03-06 15:30:00,-5.586842e-05,0.13189590323354822,1.2499999720603228,13.269999703392386,0.035644964327203064,1.1749541842466957,1.2105991485738987,1.3424391833887344,0.005493633158953499,8.0
2026-03-06 15:40:00,-5.586842e-05,0.1696004865380241,1.2499999720603228,13.269999703392386,0.035644964327203064,1.1749541842466957,1.2105991485738987,1.3801437666932102,0.005493633158953499,8.0
2026-03-06 15:50:00,-5.586842e-05,0.20633883900415906,1.2499999720603228,13.269999703392386,0.035644964327203064,1.1749541842466957,1.2105991485738987,1.4168821191593453,0.005493633158953499,8.0
2026-03-06 16:00:00,-5.586842e-05,0.24187673817687763,1.2499999720603228,13.269999703392386,0.035644964327203064,1.1749541842466957,1.2105991485738987,1.4524200183320637,0.005493633158953499,8.0
2026-03-06 16:10:00,-5.586842e-05,0.27598629220397103,1.2499999720603228,13.269999703392386,0.035644964327203064,1.1749541842466957,1.2105991485738987,1.4865295723591572,0.005493633158953499,8.0
2026-03-06 16:20:00,-5.586842e-05,0.30844678984945756,1.2499999720603228,13.269999703392386,0.035644964327203064,1.1749541842466957,1.2105991485738987,1.5189900700046437,0.005493633158953499,8.0
2026-03-06 16:30:00,-5.586842e-05,0.3390458985611407,1.2499999720603228,13.269999703392386,0.035644964327203064,1.1749541842466957,1.2105991485738987,1.5495891787163267,0.005493633158953499,8.0
2026-03-06 16:40:00,-5.586842e-05,0.3675811982731908,1.2499999720603228,13.269999703392386,0.035644964327203064,1.1749541842466957,1.2105991485738987,1.5781244784283768,0.005493633158953499,8.0
2026-03-06 16:50:00,-5.586842e-05,0.39386199105981695,1.2499999720603228,13.269999703392386,0.035644964327203064,1.1749541842466957,1.2105991485738987,1.604405271215003,0.005493633158953499,8.0
2026-03-06 17:00:00,-5.586842e-05,0.4177112866632494,1.2499999720603228,13.269999703392386,0.035644964327203064,1.1749541842466957,1.2105991485738987,1.6282545668184354,0.005493633158953499,8.0
2026-03-06 17:10:00,-5.586842e-05,0.4389678359493905,1.2499999720603228,13.269999703392386,0.035644964327203064,1.1749541842466957,1.2105991485738987,1.6495111161045766,0.005493633158953499,8.0
2026-03-06 17:20:00,-5.586842e-05,0.4574880714479784,1.2499999720603228,13.269999703392386,0.035644964327203064,1.1749541842466957,1.2105991485738987,1.6680313516031644,0.005493633158953499,8.0
2026-03-06 17:30:00,-5.586842e-05,0.47314781774921116,1.2499999720603228,13.269999703392386,0.035644964327203064,1.1749541842466957,1.2105991485738987,1.6836910979043973,0.005493633158953499,8.0
2026-03-06 17:40:00,-5.586842e-05,0.4858436540627116,1.2499999720603228,13.269999703392386,0.035644964327203064,1.1749541842466957,1.2105991485738987,1.6963869342178977,0.005493633158953499,8.0
2026-03-06 17:50:00,-5.586842e-05,0.49549384420411224,1.2499999720603228,13.269999703392386,0.035644964327203064,1.1749541842466957,1.2105991485738987,1.7060371243592982,0.005493633158953499,8.0
2026-03-06 18:00:00,-5.586842e-05,0.5020387918681439,1.219999972730875,13.119999706745148,0.03481657173365699,1.1476481295947314,1.1824647013283884,1.6844476247778197,0.005493633158953499,8.0
2026-03-06 18:10:00,-5.586842e-05,0.5054410260826911,1.219999972730875,13.119999706745148,0.03481657173365699,1.1476481295947314,1.1824647013283884,1.687849858992367,0.005493633158953499,8.0
2026-03-06 18:20:00,-5.586842e-05,0.5056847677832448,1.219999972730875,13.119999706745148,0.03481657173365699,1.1476481295947314,1.1824647013283884,1.6880936006929206,0.005493633158953499,8.0
2026-03-06 18:30:00,-5.586842e-05,0.5027751680618079,1.219999972730875,13.119999706745148,0.03481657173365699,1.1476481295947314,1.1824647013283884,1.6851840009714838,0.005493633158953499,8.0
2026-03-06 18:40:00,-5.586842e-05,0.4967373371687103,1.219999972730875,13.119999706745148,0.03481657173365699,1.1476481295947314,1.1824647013283884,1.679146170078386,0.005493633158953499,8.0
2026-03-06 18:50:00,-5.586842e-05,0.4876152974199304,1.219999972730875,13.119999706745148,0.03481657173365699,1.1476481295947314,1.1824647013283884,1.6700241303296062,0.005493633158953499,8.0
2026-03-06 19:00:00,-5.586842e-05,0.47547099110823676,1.219999972730875,13.119999706745148,0.03481657173365699,1.1476481295947314,1.1824647013283884,1.6578798240179125,0.005493633158953499,8.0
2026-03-06 19:10:00,-5.586842e-05,0.46038345652100526,1.219999972730875,13.119999706745148,0.03481657173365699,1.1476481295947314,1.1824647013283884,1.642792289430681,0.005493633158953499,8.0
2026-03-06 19:20:00,-5.586842e-05,0.44244825322961623,1.219999972730875,13.119999706745148,0.03481657173365699,1.1476481295947314,1.1824647013283884,1.6248570861392921,0.005493633158953499,8.0
2026-03-06 19:30:00,-5.586842e-05,0.42177717564726463,1.219999972730875,13.119999706745148,0.03481657173365699,1.1476481295947314,1.1824647013283884,1.6041860085569404,0.005493633158953499,8.0
2026-03-06 19:40:00,-5.586842e-05,0.39849824627909114,1.219999972730875,13.119999706745148,0.03481657173365699,1.1476481295947314,1.1824647013283884,1.580907079188767,0.005493633158953499,8.0
2026-03-06 19:50:00,-5.586842e-05,0.3727559326642,1.219999972730875,13.119999706745148,0.03481657173365699,1.1476481295947314,1.1824647013283884,1.5551647655738758,0.005493633158953499,8.0
2026-03-06 20:00:00,-5.586842e-05,0.34471149026341513,1.219999972730875,13.119999706745148,0.03481657173365699,1.1476481295947314,1.1824647013283884,1.527120323173091,0.005493633158953499,8.0
2026-03-06 20:10:00,-5.586842e-05,0.31454330243477047,1.219999972730875,13.119999706745148,0.03481657173365699,1.1476481295947314,1.1824647013283884,1.4969521353444462,0.005493633158953499,8.0
2026-03-06 20:20:00,-5.586842e-05,0.28244707192814594,1.219999972730875,13.119999706745148,0.03481657173365699,1.1476481295947314,1.1824647013283884,1.4648559048378218,0.005493633158953499,8.0
2026-03-06 20:30:00,-5.586842e-05,0.24863571818053054,1.219999972730875,13.119999706745148,0.03481657173365699,1.1476481295947314,1.1824647013283884,1.4310445510902063,0.005493633158953499,8.0
2026-03-06 20:40:00,-5.586842e-05,0.21333885139312306,1.219999972730875,13.119999706745148,0.03481657173365699,1.1476481295947314,1.1824647013283884,1.395747684302799,0.005493633158953499,8.0
2026-03-06 20:50:00,-5.586842e-05,0.17680172635147215,1.219999972730875,13.119999706745148,0.03481657173365699,1.1476481295947314,1.1824647013283884,1.3592105592611479,0.005493633158953499,8.0
2026-03-06 21:00:00,-5.586842e-05,0.1392836228157573,1.1999999731779099,12.969999710097909,0.03413523162871409,1.1251893216731086,1.1593245533018226,1.2985523076988672,0.005493633158953499,8.0
2026-03-06 21:10:00,-5.586842e-05,0.10105565042430187,1.1999999731779099,12.969999710097909,0.03413523162871409,1.1251893216731086,1.1593245533018226,1.2603243353074118,0.005493633158953499,8.0
2026-03-06 21:20:00,-5.586842e-05,0.06239802884476751,1.1999999731779099,12.969999710097909,0.03413523162871409,1.1251893216731086,1.1593245533018226,1.2216667137278774,0.005493633158953499,8.0
2026-03-06 21:30:00,-5.586842e-05,0.023596942620113835,1.1999999731779099,12.969999710097909,0.03413523162871409,1.1251893216731086,1.1593245533018226,1.1828656275032239,0.005493633158953499,8.0
2026-03-06 21:40:00,-5.586842e-05,-0.015058890519048285,1.1999999731779099,12.969999710097909,0.03413523162871409,1.1251893216731086,1.1593245533018226,1.1442097943640617,0.005493633158953499,8.0
2026-03-06 21:50:00,-5.586842e-05,-0.05328177346143541,1.1999999731779099,12.969999710097909,0.03413523162871409,1.1251893216731086,1.1593245533018226,1.1059869114216745,0.005493633158953499,8.0
2026-03-06 22:00:00,-5.586842e-05,-0.09078853208719462,1.1999999731779099,12.969999710097909,0.03413523162871409,1.1251893216731086,1.1593245533018226,1.0684801527959153,0.005493633158953499,8.0
2026-03-06 22:10:00,-5.586842e-05,-0.1273038009223468,1.1999999731779099,12.969999710097909,0.03413523162871409,1.1251893216731086,1.1593245533018226,1.0319648839607631,0.005493633158953499,8.0
2026-03-06 22:20:00,-5.586842e-05,-0.1625629515182715,1.1999999731779099,12.969999710097909,0.03413523162871409,1.1251893216731086,1.1593245533018226,0.9967057333648385,0.005493633158953499,8.0
2026-03-06 22:30:00,-5.586842e-05,-0.1963145613806776,1.1999999731779099,12.969999710097909,0.03413523162871409,1.1251893216731086,1.1593245533018226,0.9629541235024324,0.005493633158953499,8.0
2026-03-06 22:40:00,-5.586842e-05,-0.22832236893310248,1.1999999731779099,12.969999710097909,0.03413523162871409,1.1251893216731086,1.1593245533018226,0.9309463159500075,0.005493633158953499,8.0
2026-03-06 22:50:00,-5.586842e-05,-0.258366711620737,1.1999999731779099,12.969999710097909,0.03413523162871409,1.1251893216731086,1.1593245533018226,0.900901973262373,0.005493633158953499,8.0
2026-03-06 23:00:00,-5.586842e-05,-0.28624549404788896,1.1999999731779099,12.969999710097909,0.03413523162871409,1.1251893216731086,1.1593245533018226,0.8730231908352211,0.005493633158953499,8.0
2026-03-06 23:10:00,-5.586842e-05,-0.3117747754207444,1.1999999731779099,12.969999710097909,0.03413523162871409,1.1251893216731086,1.1593245533018226,0.8474939094623656,0.005493633158953499,8.0
2026-03-06 23:20:00,-5.586842e-05,-0.3347890958166102,1.1999999731779099,12.969999710097909,0.03413523162871409,1.1251893216731086,1.1593245533018226,0.8244795890664998,0.005493633158953499,8.0
2026-03-06 23:30:00,-5.586842e-05,-0.3551416756108936,1.1999999731779099,12.969999710097909,0.03413523162871409,1.1251893216731086,1.1593245533018226,0.8041270092722164,0.005493633158953499,8.0
2026-03-06 23:40:00,-5.586842e-05,-0.37270462020956047,1.1999999731779099,12.969999710097909,0.03413523162871409,1.1251893216731086,1.1593245533018226,0.7865640646735494,0.005493633158953499,8.0
2026-03-06 23:50:00,-5.586842e-05,-0.3873692433526403,1.1999999731779099,12.969999710097909,0.03413523162871409,1.1251893216731086,1.1593245533018226,0.7718994415304696,0.005493633158953499,8.0
2026-03-07 00:00:00,-5.586842e-05,-0.399046589057833,1.1999999731779099,12.969999710097909,0.03413523162871409,1.1251893216731086,1.1593245533018226,0.760222095825277,0.005493633158953499,8.0
2026-03-07 00:10:00,,-0.40766818857693504,,,,,,,0.005493633158953499,8.0
2026-03-07 00:20:00,,-0.4131870397236609,,,,,,,0.005493633158953499,8.0
2026-03-07 00:30:00,,-0.41557874736842204,,,,,,,0.005493633158953499,8.0
2026-03-07 00:40:00,,-0.41484272145763246,,,,,,,0.005493633158953499,8.0
2026-03-07 00:50:00,,-0.41100329776626465,,,,,,,0.005493633158953499,8.0
2026-03-07 01:00:00,,-0.404110630486918,,,,,,,0.005493633158953499,8.0
2026-03-07 01:10:00,,-0.3942412069043171,,,,,,,0.005493633158953499,8.0
2026-03-07 01:20:00,,-0.3814978530045903,,,,,,,0.005493633158953499,8.0
2026-03-07 01:30:00,,-0.3660091331943906,,,,,,,0.005493633158953499,8.0
2026-03-07 01:40:00,,-0.34792809384564277,,,,,,,0.005493633158953499,8.0
2026-03-07 01:50:00,,-0.32743035424319933,,,,,,,0.005493633158953499,8.0
2026-03-07 02:00:00,,-0.3047116039120557,,,,,,,0.005493633158953499,8.0
2026-03-07 02:10:00,,-0.27998461633023214,,,,,,,0.005493633158953499,8.0
2026-03-07 02:20:00,,-0.2534759300890694,,,,,,,0.005493633158953499,8.0
2026-03-07 02:30:00,,-0.22542237529610798,,,,,,,0.005493633158953499,8.0
2026-03-07 02:40:00,,-0.19606763240262276,,,,,,,0.005493633158953499,8.0
2026-03-07 02:50:00,,-0.16565900179406207,,,,,,,0.005493633158953499,8.0
2026-03-07 03:00:00,,-0.1344445362289581,,,,,,,0.005493633158953499,8.0
2026-03-07 03:10:00,,-0.10267064753552646,,,,,,,0.005493633158953499,8.0
2026-03-07 03:20:00,,-0.07058024822200346,,,,,,,0.005493633158953499,8.0
2026-03-07 03:30:00,,-0.03841143326003401,,,,,,,0.005493633158953499,8.0
2026-03-07 03:40:00,,-0.006396653427760562,,,,,,,0.005493633158953499,8.0
2026-03-07 03:50:00,,0.025237715321359235,,,,,,,0.005493633158953499,8.0
2026-03-07 04:00:00,,0.05627153667005093,,,,,,,0.005493633158953499,8.0
2026-03-07 04:10:00,,0.0864909623336186,,,,,,,0.005493633158953499,8.0
2026-03-07 04:20:00,,0.11568851508973634,,,,,,,0.005493633158953499,8.0
2026-03-07 04:30:00,,0.14366334196647165,,,,,,,0.005493633158953499,8.0
2026-03-07 04:40:00,,0.17022174228739068,,,,,,,0.005493633158953499,8.0
2026-03-07 04:50:00,,0.19517803298596445,,,,,,,0.005493633158953499,8.0
2026-03-07 05:00:00,,0.2183557648484573,,,,,,,0.005493633158953499,8.0
2026-03-07 05:10:00,,0.23958925362336914,,,,,,,0.005493633158953499,8.0
2026-03-07 05:20:00,,0.25872534515959605,,,,,,,0.005493633158953499,8.0
2026-03-07 05:30:00,,0.2756252987158511,,,,,,,0.005493633158953499,8.0
2026-03-07 05:40:00,,0.29016665148127563,,,,,,,0.005493633158953499,8.0
2026-03-07 05:50:00,,0.302244922191843,,,,,,,0.005493633158953499,8.0
2026-03-07 06:00:00,,0.3117750231889108,,,,,,,0.005493633158953499,8.0
2026-03-07 06:10:00,,0.3186922766675715,,,,,,,0.005493633158953499,8.0
2026-03-07 06:20:00,,0.32295296915819116,,,,,,,0.005493633158953499,8.0
2026-03-07 06:30:00,,0.32453442387278286,,,,,,,0.005493633158953499,8.0
2026-03-07 06:40:00,,0.32343461806427193,,,,,,,0.005493633158953499,8.0
2026-03-07 06:50:00,,0.3196714164894305,,,,,,,0.005493633158953499,8.0
2026-03-07 07:00:00,,0.3132815272027035,,,,,,,0.005493633158953499,8.0
2026-03-07 07:10:00,,0.304319308253667,,,,,,,0.005493633158953499,8.0
2026-03-07 07:20:00,,0.29285556067832036,,,,,,,0.005493633158953499,8.0
2026-03-07 07:30:00,,0.27897643375130615,,,,,,,0.005493633158953499,8.0
2026-03-07 07:40:00,,0.26278254378501925,,,,,,,0.005493633158953499,8.0
2026-03-07 07:50:00,,0.24438837071975786,,,,,,,0.005493633158953499,8.0
2026-03-07 08:00:00,,0.22392195160395623,,,,,,,0.005493633158953499,8.0
2026-03-07 08:10:00,,0.2015248420680633,,,,,,,0.005493633158953499,8.0
2026-03-07 08:20:00,,0.17735227165651432,,,,,,,0.005493633158953499,8.0
2026-03-07 08:30:00,,0.1515733817396239,,,,,,,0.005493633158953499,8.0
2026-03-07 08:40:00,,0.12437141010149075,,,,,,,0.005493633158953499,8.0
2026-03-07 08:50:00,,0.0959436772556305,,,,,,,0.005493633158953499,8.0
2026-03-07 09:00:00,,0.06650123737383125,,,,,,,0.005493633158953499,8.0
2026-03-07 09:10:00,,0.03626808074621033,,,,,,,0.005493633158953499,8.0
2026-03-07 09:20:00,,0.005479812601764306,,,,,,,0.005493633158953499,8.0
2026-03-07 09:30:00,,-0.0256182193315464,,,,,,,0.005493633158953499,8.0
2026-03-07 09:40:00,,-0.05677332389453698,,,,,,,0.005493633158953499,8.0
2026-03-07 09:50:00,,-0.08772831653846608,,,,,,,0.005493633158953499,8.0
2026-03-07 10:00:00,,-0.11822470030150418,,,,,,,0.005493633158953499,8.0
2026-03-07 10:10:00,,-0.14800602503742077,,,,,,,0.005493633158953499,8.0
2026-03-07 10:20:00,,-0.17682125471287652,,,,,,,0.005493633158953499,8.0
2026-03-07 10:30:00,,-0.20442797236257257,,,,,,,0.005493633158953499,8.0
2026-03-07 10:40:00,,-0.23059526918710926,,,,,,,0.005493633158953499,8.0
2026-03-07 10:50:00,,-0.2551061964862585,,,,,,,0.005493633158953499,8.0
2026-03-07 11:00:00,,-0.2777597030783115,,,,,,,0.005493633158953499,8.0
2026-03-07 11:10:00,,-0.2983720314930926,,,,,,,0.005493633158953499,8.0
2026-03-07 11:20:00,,-0.3167775981673899,,,,,,,0.005493633158953499,8.0
2026-03-07 11:30:00,,-0.3328294299611214,,,,,,,0.005493633158953499,8.0
2026-03-07 11:40:00,,-0.3463992667781471,,,,,,,0.005493633158953499,8.0
2026-03-07 11:50:00,,-0.3573774633230003,,,,,,,0.005493633158953499,8.0
2026-03-07 12:00:00,,-0.36567282989480127,,,,,,,0.005493633158953499,8.0
2026-03-07 12:10:00,,-0.3712125417598358,,,,,,,0.005493633158953499,8.0
2026-03-07 12:20:00,,-0.37394222038968333,,,,,,,0.005493633158953499,8.0
2026-03-07 12:30:00,,-0.37382625087891874,,,,,,,0.005493633158953499,8.0
2026-03-07 12:40:00,,-0.37084835258107307,,,,,,,0.005493633158953499,8.0
2026-03-07 12:50:00,,-0.36501237014632437,,,,,,,0.005493633158953499,8.0
2026-03-07 13:00:00,,-0.35634320529104957,,,,,,,0.005493633158953499,8.0
2026-03-07 13:10:00,,-0.3448877715916693,,,,,,,0.005493633158953499,8.0
2026-03-07 13:20:00,,-0.3307158296293792,,,,,,,0.005493633158953499,8.0
2026-03-07 13:30:00,,-0.31392055126654234,,,,,,,0.005493633158953499,8.0
2026-03-07 13:40:00,,-0.2946186708036841,,,,,,,0.005493633158953499,8.0
2026-03-07 13:50:00,,-0.2729501066417363,,,,,,,0.005493633158953499,8.0
2026-03-07 14:00:00,,-0.24907697721660557,,,,,,,0.005493633158953499,8.0
2026-03-07 14:10:00,,-0.2231819851687819,,,,,,,0.005493633158953499,8.0
2026-03-07 14:20:00,,-0.19546619858475414,,,,,,,0.005493633158953499,8.0
2026-03-07 14:30:00,,-0.166146311797644,,,,,,,0.005493633158953499,8.0
2026-03-07 14:40:00,,-0.1354515147855403,,,,,,,0.005493633158953499,8.0
2026-03-07 14:50:00,,-0.10362013464938924,,,,,,,0.005493633158953499,8.0
2026-03-07 15:00:00,,-0.07089623115792948,,,,,,,0.005493633158953499,8.0
2026-03-07 15:10:00,,-0.03752632893669244,,,,,,,0.005493633158953499,8.0
2026-03-07 15:20:00,,-0.0037564514621160317,,,,,,,0.005493633158953499,8.0
2026-03-07 15:30:00,,0.030170411549184917,,,,,,,0.005493633158953499,8.0
2026-03-07 15:40:00,,0.06401631773956878,,,,,,,0.005493633158953499,8.0
2026-03-07 15:50:00,,0.09754983465097375,,,,,,,0.005493633158953499,8.0
2026-03-07 16:00:00,,0.13054697425517384,,,,,,,0.005493633158953499,8.0
2026-03-07 16:10:00,,0.16279167362332406,,,,,,,0.005493633158953499,8.0
2026-03-07 16:20:00,,0.19407593702618212,,,,,,,0.005493633158953499,8.0
2026-03-07 16:30:00,,0.2241997822078947,,,,,,,0.005493633158953499,8.0
2026-03-07 16:40:00,,0.25297114406904087,,,,,,,0.005493633158953499,8.0
2026-03-07 16:50:00,,0.28020588199295177,,,,,,,0.005493633158953499,8.0
2026-03-07 17:00:00,,0.3057280135463861,,,,,,,0.005493633158953499,8.0
2026-03-07 17:10:00,,0.32937026010880727,,,,,,,0.005493633158953499,8.0
2026-03-07 17:20:00,,0.35097494368721494,,,,,,,0.005493633158953499,8.0
2026-03-07 17:30:00,,0.3703952239781238,,,,,,,0.005493633158953499,8.0
2026-03-07 17:40:00,,0.3874966165922352,,,,,,,0.005493633158953499,8.0
2026-03-07 17:50:00,,0.4021586924346724,,,,,,,0.005493633158953499,8.0
2026-03-07 18:00:00,,0.41427682953927936,,,,,,,0.005493633158953499,8.0
2026-03-07 18:10:00,,0.42376387490883355,,,,,,,0.005493633158953499,8.0
2026-03-07 18:20:00,,0.4305515768725464,,,,,,,0.005493633158953499,8.0
2026-03-07 18:30:00,,0.4345916675221571,,,,,,,0.005493633158953499,8.0
2026-03-07 18:40:00,,0.4358565075229137,,,,,,,0.005493633158953499,8.0
2026-03-07 18:50:00,,0.43433924833423754,,,,,,,0.005493633158953499,8.0
2026-03-07 19:00:00,,0.43005351429976335,,,,,,,0.005493633158953499,8.0
2026-03-07 19:10:00,,0.4230326540178961,,,,,,,0.005493633158953499,8.0
2026-03-07 19:20:00,,0.4133286509908491,,,,,,,0.005493633158953499,8.0
2026-03-07 19:30:00,,0.40101081349227075,,,,,,,0.005493633158953499,8.0
2026-03-07 19:40:00,,0.3861643790625039,,,,,,,0.005493633158953499,8.0
2026-03-07 19:50:00,,0.3688891684765524,,,,,,,0.005493633158953499,8.0
2026-03-07 20:00:00,,0.349298407409317,,,,,,,0.005493633158953499,8.0
2026-03-07 20:10:00,,0.3275178032486638,,,,,,,0.005493633158953499,8.0
2026-03-07 20:20:00,,0.30368492323457236,,,,,,,0.005493633158953499,8.0
2026-03-07 20:30:00,,0.2779488730390441,,,,,,,0.005493633158953499,8.0
2026-03-07 20:40:00,,0.2504702276099104,,,,,,,0.005493633158953499,8.0
2026-03-07 20:50:00,,0.2214211240933894,,,,,,,0.005493633158953499,8.0
2026-03-07 21:00:00,,0.1909853949054343,,,,,,,0.005493633158953499,8.0
2026-03-07 21:10:00,,0.1593586013803166,,,,,,,0.005493633158953499,8.0
2026-03-07 21:20:00,,0.1267478271299134,,,,,,,0.005493633158953499,8.0
2026-03-07 21:30:00,,0.09337110565722145,,,,,,,0.005493633158953499,8.0
2026-03-07 21:40:00,,0.05945638744764108,,,,,,,0.005493633158953499,8.0
2026-03-07 21:50:00,,0.025239994343882986,,,,,,,0.005493633158953499,8.0
2026-03-07 22:00:00,,-0.009035440955219246,,,,,,,0.005493633158953499,8.0
2026-03-07 22:10:00,,-0.043123500697032996,,,,,,,0.005493633158953499,8.0
2026-03-07 22:20:00,,-0.07677687555113798,,,,,,,0.005493633158953499,8.0
2026-03-07 22:30:00,,-0.10975048952184016,,,,,,,0.005493633158953499,8.0
2026-03-07 22:40:00,,-0.14180469476207502,,,,,,,0.005493633158953499,8.0
2026-03-07 22:50:00,,-0.17270836603463768,,,,,,,0.005493633158953499,8.0
2026-03-07 23:00:00,,-0.20224173311311947,,,,,,,0.005493633158953499,8.0
2026-03-07 23:10:00,,-0.23019881446891138,,,,,,,0.005493633158953499,8.0
2026-03-07 23:20:00,,-0.2563893544231007,,,,,,,0.005493633158953499,8.0
2026-03-07 23:30:00,,-0.28064021403518213,,,,,,,0.005493633158953499,8.0
2026-03-07 23:40:00,,-0.30279621839333504,,,,,,,0.005493633158953499,8.0
2026-03-07 23:50:00,,-0.32272051336366353,,,,,,,0.005493633158953499,8.0
